기관명,분류,검진실 전화번호,대표번호,도시,지역구,상세주소,관련 검진수,일반검진,위암검진,간암검진,대장암검진,유방암검진,우편번호,권역,위도(X),경도(Y),정렬용_지역키
인천기독병원,종합병원,032-270-8270,032-270-8000,인천광역시,중구,인천광역시 중구 답동로30번길 10 (율목동) ,4,FALSE,TRUE,TRUE,TRUE,TRUE,22320,수도권,126.632069813476,37.4711775649549,28_110
인하대학교의과대학부속병원,종합병원,032-890-2861,032-890-2114,인천광역시,중구,인천광역시 중구 인항로 27-0 인하대학병원 ,4,FALSE,TRUE,TRUE,TRUE,TRUE,22332,수도권,126.634164234522,37.4588539721174,28_110
의료법인 성세의료재단 영종국제병원,병원,032-721-3050,032-721-3000,인천광역시,중구,"인천광역시 중구 하늘별빛로65번길 7-9 3층 (중산동,스카이타워)",5,TRUE,TRUE,TRUE,TRUE,TRUE,22397,수도권,126.564667781279,37.4884699907903,28_110
퍼스트병원,병원,032-888-9800,032-888-9800,인천광역시,중구,인천광역시 중구 서해대로 492 퍼스트병원 (유동) ,1,TRUE,FALSE,FALSE,FALSE,FALSE,22326,수도권,126.637067256695,37.4693929003764,28_110
이재준내과의원,내과의원,032-883-6347,032-883-6347,인천광역시,중구,인천광역시 중구 축항대로86번길 38 (항동7가),4,TRUE,TRUE,TRUE,TRUE,FALSE,22348,수도권,126.604684173028,37.4535768012618,28_110
아이본산부인과의원,의원,032-772-7474,032-772-7474,인천광역시,중구,인천광역시 중구 참외전로 160-1 (경동),0,FALSE,FALSE,FALSE,FALSE,FALSE,22318,수도권,126.634219588481,37.4729664283115,28_110
성모연합의원,의원,032-710-4474,032-710-4474,인천광역시,중구,인천광역시 중구 우현로 41 2층 (신포동),0,FALSE,FALSE,FALSE,FALSE,FALSE,22322,수도권,126.627886561932,37.4711092336264,28_110
인천국제공항의원,의원,032-743-3119,032-743-3119,인천광역시,중구,인천광역시 중구 공항로 272 (운서동) ,1,TRUE,FALSE,FALSE,FALSE,FALSE,22382,수도권,126.427699293474,37.458350712273,28_110
신흥메디칼의원,의원,032-885-7582,032-885-7582,인천광역시,중구,인천광역시 중구 도원로7번길 11 (신흥동3가),3,TRUE,TRUE,FALSE,TRUE,FALSE,22329,수도권,126.635789815099,37.4655367173964,28_110
삼성내과의원,내과의원,032-762-1137,032-762-1137,인천광역시,중구,인천광역시 중구 서해대로 476 우정빌딩 1층 (유동),4,TRUE,TRUE,TRUE,TRUE,FALSE,22326,수도권,126.636216959902,37.4683873757975,28_110
주내과의원,내과의원,032-751-7582,032-751-7582,인천광역시,중구,인천광역시 중구 흰바위로 31 2층 (운서동),1,TRUE,FALSE,FALSE,FALSE,FALSE,22371,수도권,126.488460810471,37.492767084284,28_110
신제일산부인과의원,의원,032-751-1119,032-751-1119,인천광역시,중구,"인천광역시 중구 신도시남로 137 화평빌딩 4층 401,402호 (운서동) ",0,FALSE,FALSE,FALSE,FALSE,FALSE,22371,수도권,126.490071874241,37.4936747767783,28_110
연세참가정의학과의원,의원,032-766-0075,032-766-0075,인천광역시,중구,인천광역시 중구 우현로 47 4층 (신포동),0,FALSE,FALSE,FALSE,FALSE,FALSE,22322,수도권,126.628147192739,37.4715076678486,28_110
연세공항의원,의원,032-751-6119,032-751-6119,인천광역시,중구,"인천광역시 중구 공항로424번길 66 (운서동, 엘지인천공항에클라트 비111호, 비112호 )",4,TRUE,TRUE,TRUE,TRUE,FALSE,22382,수도권,126.462118925227,37.4387969897927,28_110
온누리내과의원,내과의원,032-747-0470,032-747-0470,인천광역시,중구,인천광역시 중구 신도시남로 137 2~3층 (운서동),5,TRUE,TRUE,TRUE,TRUE,TRUE,22371,수도권,126.490071874241,37.4936747767783,28_110
편안내과의원,내과의원,032-747-2236,032-747-2236,인천광역시,중구,인천광역시 중구 하늘별빛로 71 4층 (중산동),4,TRUE,TRUE,TRUE,TRUE,FALSE,22377,수도권,37.48962729482604,126.56321893039231,28_110
하늘도시산부인과의원,의원,032-746-1236,032-746-1236,인천광역시,중구,"인천광역시 중구 하늘달빛로 94 스타타워 5층 509,510,511호 (중산동)",0,FALSE,FALSE,FALSE,FALSE,FALSE,22402,수도권,126.557479956012,37.4872992856278,28_110
하늘메디컬의원,의원,032-752-6008,032-752-6008,인천광역시,중구,인천광역시 중구 하늘중앙로 193 조양타워 4층 401호 (중산동),5,TRUE,TRUE,TRUE,TRUE,TRUE,22397,수도권,126.560504566192,37.4904067753098,28_110
장튼튼내과의원,내과의원,032-752-2388,032-752-2388,인천광역시,중구,인천광역시 중구 하늘달빛로 94 스타타워1 301~303호 (중산동),5,TRUE,TRUE,TRUE,TRUE,TRUE,22402,수도권,126.557479956012,37.4872992856278,28_110
영종이엠365의원,의원,032-752-1190,032-752-1190,인천광역시,중구,인천광역시 중구 하늘달빛로 84 4층 (중산동) ,1,TRUE,FALSE,FALSE,FALSE,FALSE,22402,수도권,126.558137572426,37.4867611463035,28_110
인천웰빙내과의원,내과의원,032-764-3800,032-764-3800,인천광역시,중구,인천광역시 중구 우현로 75 2층 (인현동) ,5,TRUE,TRUE,TRUE,TRUE,TRUE,22316,수도권,126.629728040158,37.4738886733891,28_110
예스율산부인과의원,의원,032-218-1007,032-218-1007,인천광역시,중구,인천광역시 중구 영종대로 184 3층 301호 (운서동) ,0,FALSE,FALSE,FALSE,FALSE,FALSE,22376,수도권,126.498778533214,37.4922653048347,28_110
영종속시원내과의원,내과의원,032-716-9575,032-716-9575,인천광역시,중구,인천광역시 중구 하늘중앙로 197 5층 501호 (중산동) ,5,TRUE,TRUE,TRUE,TRUE,TRUE,22397,수도권,126.560200332071,37.4898970282533,28_110
인천광역시의료원,종합병원,032-580-6020,032-580-6000,인천광역시,동구,인천광역시 동구 방축로 217,2,FALSE,TRUE,FALSE,FALSE,TRUE,22532,수도권,126.66866446432,37.4788152819121,28_140
의료법인 성수의료재단 인천백병원,종합병원,032-777-7050,032-765-7070,인천광역시,동구,인천광역시 동구 샛골로 214 (송림동) ,3,FALSE,TRUE,TRUE,FALSE,TRUE,22534,수도권,126.645831555171,37.4817134417858,28_140
황호연산부인과의원,의원,032-761-3222,032-773-3222,인천광역시,동구,인천광역시 동구 샛골로 188 (송림동),0,FALSE,FALSE,FALSE,FALSE,FALSE,22539,수도권,126.645572788335,37.4790499269138,28_140
권의원,의원,032-763-1110,032-763-1110,인천광역시,동구,인천광역시 동구 샛골로 142 (송림동),4,TRUE,TRUE,TRUE,TRUE,FALSE,22557,수도권,126.644643790508,37.4749681062736,28_140
연세성모의원,의원,032-772-0266,032-772-0266,인천광역시,동구,인천광역시 동구 화도진로 183 2층 (만석동),3,TRUE,TRUE,TRUE,FALSE,FALSE,22505,수도권,126.622686672979,37.4851677833245,28_140
연세제일의원,의원,032-765-6557,032-765-6557,인천광역시,동구,"인천광역시 동구 송림로 10 (금곡동, 연세제일의원)",5,TRUE,TRUE,TRUE,TRUE,TRUE,22554,수도권,126.636481177136,37.4729778226063,28_140
예나산부인과의원,의원,032-765-0050,032-765-0050,인천광역시,동구,"인천광역시 동구 송림로 96 601호 (송림동, 송림메디칼빌딩)",0,FALSE,FALSE,FALSE,FALSE,FALSE,22558,수도권,126.645332869664,37.4757748645249,28_140
동인천내과의원,내과의원,032-765-5676,032-765-5676,인천광역시,동구,"인천광역시 동구 송현로 1 104호 (송현동, 송현프라자)",5,TRUE,TRUE,TRUE,TRUE,TRUE,22549,수도권,126.633314009656,37.4770516618855,28_140
우리내과의원,내과의원,032-777-3601,032-777-3601,인천광역시,동구,"인천광역시 동구 송림로 91 3,4층 (송림동, 동우빌딩)",4,TRUE,TRUE,TRUE,TRUE,FALSE,22544,수도권,126.644966068833,37.4762651712176,28_140
굿모닝내과의원,내과의원,032-762-0971,032-762-0971,인천광역시,동구,"인천광역시 동구 송림로 76 1층, 3층 (송림동)",5,TRUE,TRUE,TRUE,TRUE,TRUE,22556,수도권,126.643292950632,37.4751086473293,28_140
박영훈내과의원,내과의원,032-762-0071,032-762-0071,인천광역시,동구,인천광역시 동구  송림로 113 3층 (송림동),1,TRUE,FALSE,FALSE,FALSE,FALSE,22545,수도권,126.647210996766,37.4769083654482,28_140
현대의원,의원,032-764-9090,032-764-9090,인천광역시,동구,인천광역시 동구 송림로 80 송림센트럴타워 2층 (송림동) ,1,TRUE,FALSE,FALSE,FALSE,FALSE,22556,수도권,126.643746673825,37.4753130127016,28_140
의료법인 인천사랑병원,종합병원,032-457-2811,032-457-2000,인천광역시,미추홀구,인천광역시 미추홀구 미추홀대로 726-0 인천사랑병원,5,TRUE,TRUE,TRUE,TRUE,TRUE,22135,수도권,126.680684289451,37.4621978586378,28_177
현대유비스병원,종합병원,032-890-5722,032-888-7575,인천광역시,미추홀구,인천광역시 미추홀구 독배로 503-0 현대유비스병원,4,FALSE,TRUE,TRUE,TRUE,TRUE,22173,수도권,126.643007135169,37.4616110690988,28_177
고은여성병원,병원,032-870-5000,032-870-5000,인천광역시,미추홀구,인천광역시 미추홀구 독배로 463 (숭의동) ,2,TRUE,FALSE,FALSE,FALSE,TRUE,22173,수도권,126.647103052428,37.4600706651499,28_177
의료법인 아인의료재단 아인병원,병원,032-459-5000,032-247-2000,인천광역시,미추홀구,"인천광역시 미추홀구 경인로 372 201동 지하1,지상3~12층 ,13층일부호 (주안동, 포레나 미추홀) ",5,TRUE,TRUE,TRUE,TRUE,TRUE,22148,수도권,126.681163207516,37.4580182017435,28_177
W(더블유)여성병원,병원,032-451-0000,032-451-0000,인천광역시,미추홀구,"인천광역시 미추홀구 인주대로 400 제일여성병원 2층 일부, 3-5층, 8층 (주안동)",2,TRUE,FALSE,FALSE,FALSE,TRUE,22227,수도권,126.681165120112,37.4509647448093,28_177
나누리병원,병원,032-721-9711,032-721-9716,인천광역시,미추홀구,"인천광역시 미추홀구 인주대로 485 (주안동, 지2층 일부, 1~10층)",5,TRUE,TRUE,TRUE,TRUE,TRUE,22147,수도권,126.69065883107,37.4510811574209,28_177
성모원탑병원,병원,032-421-0151,032-421-0075,인천광역시,미추홀구,인천광역시 미추홀구 경인로 488 (주안동) ,5,TRUE,TRUE,TRUE,TRUE,TRUE,22145,수도권,126.6939238502,37.459373360224,28_177
한국보훈복지의료공단 인천보훈병원,병원,032-363-9656,032-363-9800,인천광역시,미추홀구,"인천광역시 미추홀구 인주대로 138 인천보훈병원 지(1,2),1~7층 (용현동) ",4,TRUE,TRUE,TRUE,TRUE,FALSE,22182,수도권,126.652441791201,37.4557383117384,28_177
곧바로병원,병원,032-864-8275,1544-7800,인천광역시,미추홀구,"인천광역시 미추홀구 인주대로 458 승현빌딩 지1,2~11층 (주안동) ",5,TRUE,TRUE,TRUE,TRUE,TRUE,22228,수도권,126.687532467042,37.4505416974745,28_177
더나눔병원,병원,032-888-7755,032-888-7755,인천광역시,미추홀구,인천광역시 미추홀구 독배로 408-1 4~8층 (용현동) ,5,TRUE,TRUE,TRUE,TRUE,TRUE,22183,수도권,126.650142764193,37.455819376431,28_177
정앤정내과소아청소년과의원,내과의원,032-875-3176,032-875-3176,인천광역시,미추홀구,"인천광역시 미추홀구 미추홀대로 663-1 (주안동, 1층 일부, 2층)",4,TRUE,TRUE,TRUE,TRUE,FALSE,22154,수도권,126.679688111909,37.4566918920816,28_177
주산부인과의원,의원,032-420-0136,032-420-0136,인천광역시,미추홀구,인천광역시 미추홀구 경원대로 869 (주안동),0,FALSE,FALSE,FALSE,FALSE,FALSE,22134,수도권,126.689137871359,37.4603920721703,28_177
문영주내과의원,내과의원,032-425-2111,032-425-2111,인천광역시,미추홀구,인천광역시 미추홀구 경인로 485 (주안동),4,TRUE,TRUE,TRUE,TRUE,FALSE,22144,수도권,126.693463752505,37.4597514023295,28_177
한국건강관리협회건강증진의원,의원,032-890-8700,032-884-7131,인천광역시,미추홀구,인천광역시 미추홀구 독배로 500 (숭의동),1,FALSE,FALSE,TRUE,FALSE,FALSE,22172,수도권,126.643682439874,37.462004144421,28_177
삼성의원,의원,032-889-3008,032-889-3008,인천광역시,미추홀구,인천광역시 미추홀구 독정이로 28-1 2층 (용현동) ,1,TRUE,FALSE,FALSE,FALSE,FALSE,22168,수도권,126.654104281875,37.458477209093,28_177
최박내과의원,내과의원,032-420-0092,032-420-0092,인천광역시,미추홀구,인천광역시 미추홀구 경원대로 869 (주안동),4,TRUE,TRUE,TRUE,TRUE,FALSE,22134,수도권,126.689137871359,37.4603920721703,28_177
현대성모의원,의원,032-863-7700,032-863-7700,인천광역시,미추홀구,인천광역시 미추홀구 매소홀로 442 (학익동),2,TRUE,FALSE,TRUE,FALSE,FALSE,22226,수도권,126.671036225808,37.439533615306,28_177
동아의원,의원,032-888-1868,032-887-1868,인천광역시,미추홀구,인천광역시 미추홀구 낙섬중로 105 유원빌딩 4층~6층 (용현동),5,TRUE,TRUE,TRUE,TRUE,TRUE,22175,수도권,126.64130201109,37.456746590876,28_177
현대가정의원,의원,032-214-2214,032-214-2214,인천광역시,미추홀구,인천광역시 미추홀구 매소홀로 355 (학익동),4,TRUE,TRUE,TRUE,TRUE,FALSE,22202,수도권,126.661976343924,37.4414509031689,28_177
인천제일의원,의원,032-883-0380,032-883-0380,인천광역시,미추홀구,인천광역시 미추홀구 경인로 32 (숭의동),4,TRUE,TRUE,TRUE,TRUE,FALSE,22169,수도권,126.646783536392,37.4635753504105,28_177
현대산부인과의원,의원,032-872-5353,032-872-5353,인천광역시,미추홀구,인천광역시 미추홀구 매소홀로 446 대성빌딩 202호 (학익동) ,0,FALSE,FALSE,FALSE,FALSE,FALSE,22226,수도권,126.671743887475,37.4394922440736,28_177
인천의원,의원,032-868-1771,032-868-1771,인천광역시,미추홀구,인천광역시 미추홀구 미추홀대로 581 (주안동),2,TRUE,FALSE,TRUE,FALSE,FALSE,22215,수도권,126.679308100386,37.4493652029863,28_177
양지의원,의원,032-876-7575,032-876-7575,인천광역시,미추홀구,인천광역시 미추홀구 인주대로 186 (용현동),1,TRUE,FALSE,FALSE,FALSE,FALSE,22182,수도권,126.657583509642,37.4551950563119,28_177
기독내과의원,내과의원,032-766-2511,032-766-2511,인천광역시,미추홀구,인천광역시 미추홀구 석정로 123-1 (숭의동),4,TRUE,TRUE,TRUE,TRUE,FALSE,22104,수도권,126.649018442878,37.4688959676518,28_177
오메디칼의원,의원,032-235-9118,032-888-9110,인천광역시,미추홀구,"인천광역시 미추홀구 아암대로 109 청솔프라자 103호, 114호, 2층, 302호, 307호 (용현동) ",5,TRUE,TRUE,TRUE,TRUE,TRUE,22190,수도권,126.632256901271,37.4520218349827,28_177
서울중앙의원,의원,032-874-8500,032-874-8500,인천광역시,미추홀구,인천광역시 미추홀구 한나루로 389 (학익동),1,TRUE,FALSE,FALSE,FALSE,FALSE,22202,수도권,126.663669108263,37.4427109303975,28_177
한사랑내과의원,내과의원,032-865-1171,032-865-1171,인천광역시,미추홀구,"인천광역시 미추홀구 수봉로 22-1 5층 (숭의동, 새마을금고)",5,TRUE,TRUE,TRUE,TRUE,TRUE,22163,수도권,126.656034092573,37.4641041391809,28_177
연세이명래내과의원,내과의원,032-881-7583,032-881-7583,인천광역시,미추홀구,인천광역시 미추홀구 토금중로40번길 11 (용현동),4,TRUE,TRUE,TRUE,TRUE,FALSE,22186,수도권,126.637553548582,37.4520443243149,28_177
인천제일산부인과의원,의원,032-889-7575,032-889-7575,인천광역시,미추홀구,인천광역시 미추홀구 낙섬중로 39-1 (용현동),0,FALSE,FALSE,FALSE,FALSE,FALSE,22186,수도권,126.637406618206,37.4518353801976,28_177
이선덕가정의학과의원,의원,032-441-8275,032-441-8275,인천광역시,미추홀구,인천광역시 미추홀구 경원대로652번길 31 (관교동),0,FALSE,FALSE,FALSE,FALSE,FALSE,22243,수도권,126.694756001366,37.4421755866063,28_177
김철내과의원,내과의원,032-874-8575,032-874-8575,인천광역시,미추홀구,인천광역시 미추홀구 소성로 135 (학익동),5,TRUE,TRUE,TRUE,TRUE,TRUE,22210,수도권,126.664010034327,37.4432929618751,28_177
한사랑여성의원,의원,032-888-9016,032-888-9016,인천광역시,미추홀구,"인천광역시 미추홀구 토금중로 8 4층,5층 (용현동)",0,FALSE,FALSE,FALSE,FALSE,FALSE,22186,수도권,126.634454056653,37.4540661017512,28_177
서울가정의원,의원,032-873-0663,032-873-0663,인천광역시,미추홀구,인천광역시 미추홀구 인주대로266번길 18-1 (용현동),0,FALSE,FALSE,FALSE,FALSE,FALSE,22209,수도권,126.66538223506,37.4518951038811,28_177
하기수내과의원,내과의원,032-873-8275,032-873-8275,인천광역시,미추홀구,인천광역시 미추홀구 석정로 436 (주안동),4,TRUE,TRUE,TRUE,TRUE,FALSE,22129,수도권,126.684017601936,37.4662821678382,28_177
다정한내과의원,내과의원,032-888-9003,032-888-9003,인천광역시,미추홀구,인천광역시 미추홀구 낙섬서로 4 (용현동),4,TRUE,TRUE,TRUE,TRUE,FALSE,22190,수도권,126.633671366499,37.4499931916129,28_177
용현가정의원,의원,032-888-8834,032-888-8834,인천광역시,미추홀구,인천광역시 미추홀구 낙섬중로 101 용현2동주민센터 2일부층 (용현동),2,TRUE,TRUE,FALSE,FALSE,FALSE,22175,수도권,126.641139879648,37.4565925668795,28_177
열린성모내과의원,내과의원,032-441-2421,032-441-2421,인천광역시,미추홀구,인천광역시 미추홀구 경인로 429 (주안동),4,TRUE,TRUE,TRUE,TRUE,FALSE,22141,수도권,126.68788030305,37.458271386667,28_177
인천항외과의원,의원,032-888-6007,032-888-6007,인천광역시,미추홀구,"인천광역시 미추홀구 독배로 309 노블레스타워 6층 601,603호 (용현동)",4,TRUE,TRUE,TRUE,TRUE,FALSE,22188,수도권,126.649257867689,37.4477929074767,28_177
행복한내과의원,내과의원,032-863-3338,032-863-3338,인천광역시,미추홀구,인천광역시 미추홀구 한나루로 591 (도화동),5,TRUE,TRUE,TRUE,TRUE,TRUE,22152,수도권,126.671835662781,37.458864754631,28_177
정내과의원,내과의원,032-424-3844,032-424-3844,인천광역시,미추홀구,인천광역시 미추홀구 미추홀대로719번길 4 3층 일부호 (주안동),4,TRUE,TRUE,TRUE,TRUE,FALSE,22136,수도권,126.679803392448,37.4619414808588,28_177
고려영상의학과의원,의원,032-441-6000,032-441-6000,인천광역시,미추홀구,인천광역시 미추홀구 경원대로 865 (주안동),3,TRUE,FALSE,TRUE,FALSE,TRUE,22134,수도권,126.689120394406,37.4600541479251,28_177
미추산부인과의원,의원,032-865-0270,032-865-0270,인천광역시,미추홀구,인천광역시 미추홀구 석정로 409 동아프라자 2층 201호 (주안동),0,FALSE,FALSE,FALSE,FALSE,FALSE,22125,수도권,126.680969192497,37.4671312857571,28_177
미추홀내과의원,내과의원,032-421-3700,032-421-3700,인천광역시,미추홀구,인천광역시 미추홀구 경원대로 858 (주안동),4,TRUE,TRUE,TRUE,TRUE,FALSE,22144,수도권,126.689843349722,37.4593647035016,28_177
박병도내과의원,내과의원,032-868-2753,032-868-2754,인천광역시,미추홀구,인천광역시 미추홀구 매소홀로 474 (학익동),5,TRUE,TRUE,TRUE,TRUE,TRUE,22223,수도권,126.674711746261,37.4392651949563,28_177
서해사랑내과의원,내과의원,032-891-7575,032-891-7575,인천광역시,미추홀구,인천광역시 미추홀구 아암대로 15 3층 (용현동) ,5,TRUE,TRUE,TRUE,TRUE,TRUE,22175,수도권,126.637907980466,37.4593562811201,28_177
인천헬스케어의원,의원,032-431-2490,032-431-2490,인천광역시,미추홀구,"인천광역시 미추홀구 미추홀대로 694 지하1층 (주안동, 교보생명빌딩)",1,TRUE,FALSE,FALSE,FALSE,FALSE,22140,수도권,126.680458747401,37.4591532820193,28_177
365아이맘의원,의원,032-875-8275,032-875-8275,인천광역시,미추홀구,"인천광역시 미추홀구 소성로 6 지하1층 (용현동, 홈플러스)",0,FALSE,FALSE,FALSE,FALSE,FALSE,22201,수도권,126.650883177732,37.4472348588633,28_177
아이소망산부인과의원,의원,032-883-3643,032-883-3643,인천광역시,미추홀구,"인천광역시 미추홀구 미추로 56 지하1, 1, 2층 (숭의동, 아이소망여성병원)",0,FALSE,FALSE,FALSE,FALSE,FALSE,22161,수도권,126.646076264471,37.4649697952034,28_177
오세원내과의원,내과의원,032-432-5310,032-432-5310,인천광역시,미추홀구,인천광역시 미추홀구 미추홀대로 576 2층 (주안동),1,TRUE,FALSE,FALSE,FALSE,FALSE,22227,수도권,126.68001244946,37.4487691116085,28_177
속시원내과의원,내과의원,032-425-9800,032-425-9800,인천광역시,미추홀구,"인천광역시 미추홀구 미추홀대로 688 2층, 7층 (주안동) ",5,TRUE,TRUE,TRUE,TRUE,TRUE,22140,수도권,126.680671013443,37.4587279489585,28_177
우리내과의원,내과의원,032-724-9515,032-724-9515,인천광역시,미추홀구,인천광역시 미추홀구 낙섬중로 37 2층 (용현동),4,TRUE,TRUE,TRUE,TRUE,FALSE,22186,수도권,126.63727737362,37.4516385636909,28_177
김은아의건강한내과의원,내과의원,032-209-9575,032-209-9575,인천광역시,미추홀구,"인천광역시 미추홀구 독배로 311 5층 501호 (용현동, 비젼프라자)",4,TRUE,TRUE,TRUE,TRUE,FALSE,22188,수도권,126.649120152916,37.4481462350889,28_177
주안지수내과의원,내과의원,032-257-0415,032-257-0415,인천광역시,미추홀구,인천광역시 미추홀구 미추홀대로 696 태성빌딩 4일부층 (주안동),4,TRUE,TRUE,TRUE,TRUE,FALSE,22140,수도권,126.680420255821,37.4595662904024,28_177
제일유외과의원,의원,032-437-1212,032-437-1212,인천광역시,미추홀구,인천광역시 미추홀구 인주대로 410 탑클래시아 201호 (주안동),1,FALSE,FALSE,FALSE,FALSE,TRUE,22227,수도권,126.682051111443,37.4509762318761,28_177
서울아산내과의원,내과의원,032-432-5353,032-432-5353,인천광역시,미추홀구,"인천광역시 미추홀구 인하로 301 3,4층 (주안동)",5,TRUE,TRUE,TRUE,TRUE,TRUE,22227,수도권,126.68170491716,37.4480489090377,28_177
주안속튼튼내과의원,내과의원,032-710-0877,032-710-0877,인천광역시,미추홀구,인천광역시 미추홀구 석정로 391 3층 (주안동),5,TRUE,TRUE,TRUE,TRUE,TRUE,22126,수도권,126.678996824718,37.4671964030442,28_177
연세리더스내과의원,내과의원,032-882-8822,032-882-8822,인천광역시,미추홀구,"인천광역시 미추홀구 독배로 309 노블레스타워 302,303호 (용현동)",5,TRUE,TRUE,TRUE,TRUE,TRUE,22188,수도권,126.649257867689,37.4477929074767,28_177
서울상쾌한내과의원,내과의원,032-887-7772,032-887-7772,인천광역시,미추홀구,인천광역시 미추홀구 낙섬중로 138 미추홀프라자 4층 (용현동),5,TRUE,TRUE,TRUE,TRUE,TRUE,22176,수도권,126.644709555722,37.4582782365127,28_177
도화탑내과의원,내과의원,032-876-6111,032-876-6111,인천광역시,미추홀구,인천광역시 미추홀구 석정로 271 기아자동차 3층일부층 (도화동),5,TRUE,TRUE,TRUE,TRUE,TRUE,22116,수도권,126.665683655376,37.4685741588178,28_177
세영산부인과의원,의원,032-886-8600,032-886-8600,인천광역시,미추홀구,인천광역시 미추홀구 낙섬서로 4 (용현동) ,0,FALSE,FALSE,FALSE,FALSE,FALSE,22190,수도권,126.633671366499,37.4499931916129,28_177
와이(Y)편한산부인과의원,의원,032-888-7975,032-888-7975,인천광역시,미추홀구,인천광역시 미추홀구 인주대로 51 더스테이프라임월드 3층 304~307호 (숭의동),0,FALSE,FALSE,FALSE,FALSE,FALSE,22173,수도권,126.643946125236,37.4592188435731,28_177
장편한내과의원,내과의원,032-874-4004,032-874-4004,인천광역시,미추홀구,인천광역시 미추홀구 숙골로87번길 14 3층 301~304호 (도화동),5,TRUE,TRUE,TRUE,TRUE,TRUE,22100,수도권,126.661994478397,37.4699179669497,28_177
인하여성의원,의원,032-882-9700,032-882-9700,인천광역시,미추홀구,인천광역시 미추홀구 독배로 309 노블레스타워 305호 (용현동),0,FALSE,FALSE,FALSE,FALSE,FALSE,22188,수도권,126.649257867689,37.4477929074767,28_177
더건강한내과의원,내과의원,032-864-2100,032-864-2100,인천광역시,미추홀구,인천광역시 미추홀구 제일로 34 (도화동) ,5,TRUE,TRUE,TRUE,TRUE,TRUE,22153,수도권,126.673938576698,37.4585423380659,28_177
연세예스내과의원,내과의원,032-866-6500,032-866-6500,인천광역시,미추홀구,인천광역시 미추홀구 경인로 347 국제빌딩 2층 (주안동) ,4,TRUE,TRUE,TRUE,TRUE,FALSE,22139,수도권,126.678706489143,37.4588077695521,28_177
아산베스트내과의원,내과의원,032-721-7225,032-721-7225,인천광역시,미추홀구,인천광역시 미추홀구 인하로221번길 6 3~4층 (주안동) ,5,TRUE,TRUE,TRUE,TRUE,TRUE,22214,수도권,126.672999154473,37.4486906288945,28_177
인천위대한내과의원,내과의원,032-888-7119,032-888-7119,인천광역시,미추홀구,인천광역시 미추홀구 독배로 399 영광프라자 301~307호 (용현동) ,5,TRUE,TRUE,TRUE,TRUE,TRUE,22184,수도권,126.649178690971,37.4553819620864,28_177
제이씨(JC)김내과의원,내과의원,032-872-2500,032-872-2500,인천광역시,미추홀구,인천광역시 미추홀구 미추홀대로 573 (주안동) ,5,TRUE,TRUE,TRUE,TRUE,TRUE,22215,수도권,126.679310757488,37.4485309648376,28_177
미리봄내과의원,내과의원,032-424-1212,032-424-1212,인천광역시,미추홀구,"인천광역시 미추홀구 주안로 107 601호, 602호, 605호, 606호 (주안동) ",5,TRUE,TRUE,TRUE,TRUE,TRUE,22133,수도권,126.681728788281,37.464285338792,28_177
주안퀸와이비여성의원,의원,032-425-4254,032-425-4254,인천광역시,미추홀구,"인천광역시 미추홀구 주안로 107 701호, 705호, 706호 (주안동) ",0,FALSE,FALSE,FALSE,FALSE,FALSE,22133,수도권,126.681728788281,37.464285338792,28_177
잘보는김내과의원,내과의원,032-874-1020,032-874-1020,인천광역시,미추홀구,인천광역시 미추홀구 소성로 150 우성메디토피아 3층 (학익동) ,5,TRUE,TRUE,TRUE,TRUE,TRUE,22224,수도권,126.665007903555,37.4423446873032,28_177
성모케이(K)외과의원,의원,032-422-7500,032-422-7500,인천광역시,미추홀구,인천광역시 미추홀구 주안로 107 8층 (주안동) ,5,TRUE,TRUE,TRUE,TRUE,TRUE,22133,수도권,126.681728788281,37.464285338792,28_177
(의)나사렛의료재단 나사렛국제병원,종합병원,032-899-9796,032-899-9999,인천광역시,연수구,인천광역시 연수구 먼우금로 98 (동춘동) ,4,FALSE,TRUE,TRUE,TRUE,TRUE,21972,수도권,126.670483797199,37.4079490183211,28_185
인천적십자병원,종합병원,032-899-4000,032-899-4000,인천광역시,연수구,인천광역시 연수구 원인재로 263 (연수동) ,5,TRUE,TRUE,TRUE,TRUE,TRUE,21935,수도권,126.689932500245,37.4184275478229,28_185
나래병원,병원,032-821-0033,032-821-0033,인천광역시,연수구,인천광역시 연수구 청능대로 69 나래병원 (청학동) ,5,TRUE,TRUE,TRUE,TRUE,TRUE,21926,수도권,126.674123952588,37.4160101334567,28_185
송도우리아이병원,병원,032-834-2553,070-4947-3870,인천광역시,연수구,"인천광역시 연수구 송도미래로11번길 27-0 스마트스퀘어B동210~212호,5층 ",0,FALSE,FALSE,FALSE,FALSE,FALSE,21988,수도권,126.649404275884,37.3710919643452,28_185
김웅철산부인과의원,의원,032-815-5252,032-814-5252,인천광역시,연수구,인천광역시 연수구 용담로 135 (연수동),0,FALSE,FALSE,FALSE,FALSE,FALSE,21929,수도권,126.679398560636,37.4138543692118,28_185
송내과의원,내과의원,032-812-2111,032-812-2111,인천광역시,연수구,"인천광역시 연수구 송도과학로27번길 55 A동 305,306호 (송도동, 롯데캐슬 캠퍼스타운) ",4,TRUE,TRUE,TRUE,TRUE,FALSE,21982,수도권,126.665127593356,37.3892363233087,28_185
우리산부인과의원,의원,032-818-5121,032-818-5121,인천광역시,연수구,인천광역시 연수구 앵고개로 254 (동춘동),1,FALSE,FALSE,FALSE,FALSE,TRUE,21972,수도권,126.6717733076,37.4080115316383,28_185
현대성모의원,의원,032-816-1367,032-816-1367,인천광역시,연수구,인천광역시 연수구 함박뫼로 28 (청학동),3,TRUE,TRUE,TRUE,FALSE,FALSE,21917,수도권,126.672062418346,37.4198880769522,28_185
이든의원,의원,032-815-0590,032-815-0590,인천광역시,연수구,"인천광역시 연수구 선학로 101 2층 (선학동, 뉴서울아파트상가)",0,FALSE,FALSE,FALSE,FALSE,FALSE,21910,수도권,126.700683721051,37.4256131888095,28_185
최대경여성의원,의원,032-813-1616,032-813-1616,인천광역시,연수구,인천광역시 연수구 앵고개로 250 (동춘동),0,FALSE,FALSE,FALSE,FALSE,FALSE,21972,수도권,126.671505201962,37.4081836019612,28_185
부부내과의원,내과의원,032-831-1888,032-831-1888,인천광역시,연수구,인천광역시 연수구 독배로40번길 29 (옥련동),3,TRUE,TRUE,TRUE,FALSE,FALSE,21949,수도권,126.646575380028,37.4245001696698,28_185
글로벌송도의원,의원,032-295-1000,032-295-1000,인천광역시,연수구,"인천광역시 연수구 송도문화로28번길 28 203동 210호 (송도동, 글로벌 캠퍼스푸르지오 상가)",3,TRUE,TRUE,TRUE,FALSE,FALSE,21986,수도권,126.654641972645,37.3780782129918,28_185
한솔내과의원,내과의원,032-818-1888,032-818-1888,인천광역시,연수구,인천광역시 연수구 용담로 131 (연수동),2,TRUE,FALSE,TRUE,FALSE,FALSE,21929,수도권,126.679143551881,37.4140271229057,28_185
이이주내과의원,내과의원,032-817-7114,032-817-7114,인천광역시,연수구,"인천광역시 연수구 앵고개로 242 2층 (동춘동, 연수제일상가)",5,TRUE,TRUE,TRUE,TRUE,TRUE,21972,수도권,126.650922609596,37.3956677979975,28_185
송도내과의원,내과의원,032-851-7505,032-851-7505,인천광역시,연수구,"인천광역시 연수구 해돋이로120번길 16 201호 (송도동, 송도신도시풍림아이원 2단지 상가)",3,TRUE,TRUE,FALSE,TRUE,FALSE,21995,수도권,126.652130835326,37.3942581122754,28_185
솔이산부인과의원,의원,032-834-1118,032-834-1118,인천광역시,연수구,"인천광역시 연수구 독배로 35 (옥련동,IF빌딩 4층)",0,FALSE,FALSE,FALSE,FALSE,FALSE,21958,수도권,126.644431339104,37.4239015943626,28_185
올리브여성의원,의원,032-813-0075,032-813-0075,인천광역시,연수구,인천광역시 연수구 학나래로6번길 6 서천빌딩 (선학동),1,FALSE,FALSE,FALSE,FALSE,TRUE,21911,수도권,126.696828471774,37.4235713068503,28_185
우리외과의원,의원,032-814-9393,032-814-9393,인천광역시,연수구,"인천광역시 연수구 먼우금로 194 3층 304호 (연수동, 두손메카)",5,TRUE,TRUE,TRUE,TRUE,TRUE,21927,수도권,126.677011603034,37.4143302759357,28_185
현대의원,의원,032-816-7981,032-816-7981,인천광역시,연수구,"인천광역시 연수구 원인재로 14 2층 (동춘동, 무지개마을상가)",0,FALSE,FALSE,FALSE,FALSE,FALSE,21977,수도권,126.67002710874,37.4012849960886,28_185
송도여성의원,의원,032-859-0075,032-859-0075,인천광역시,연수구,"인천광역시 연수구 신송로 122 (송도동,송도프라자 2층 201호)",0,FALSE,FALSE,FALSE,FALSE,FALSE,21994,수도권,126.652435342156,37.3958130831592,28_185
연세최선내과의원,내과의원,032-859-7582,032-859-7582,인천광역시,연수구,"인천광역시 연수구 신송로125번길 7 4층 (송도동, 이리옴프라자)",5,TRUE,TRUE,TRUE,TRUE,TRUE,21995,수도권,126.651558363049,37.3949476876212,28_185
송도이.이.주내과의원,내과의원,032-858-3114,032-858-3114,인천광역시,연수구,"인천광역시 연수구 신송로 153 더 마란츠타워 801,802호 (송도동)",5,TRUE,TRUE,TRUE,TRUE,TRUE,22002,수도권,126.650922609596,37.3956677979975,28_185
마음속내과의원,내과의원,032-831-2208,032-831-2208,인천광역시,연수구,"인천광역시 연수구 독배로40번길 11 401,402,403호 (옥련동, 효명프라자)",5,TRUE,TRUE,TRUE,TRUE,TRUE,21949,수도권,126.645636090343,37.4245267307736,28_185
삼성스마일의원,의원,032-833-4976,032-833-4976,인천광역시,연수구,인천광역시 연수구 앵고개로104번길 4 준빌딩 4층 402호 (동춘동),4,TRUE,TRUE,TRUE,TRUE,FALSE,21980,수도권,126.657053495126,37.4123895933613,28_185
닥터김내과의원,내과의원,032-811-1001,032-811-1001,인천광역시,연수구,"인천광역시 연수구 용담로 11 2층 (청학동, 시대아파트상가)",4,TRUE,TRUE,TRUE,TRUE,FALSE,21916,수도권,126.669127841807,37.4214782994295,28_185
메디모아의원,의원,032-816-1575,032-816-1575,인천광역시,연수구,"인천광역시 연수구 경원대로 184 2층 (동춘동, 이마트연수점)",0,FALSE,FALSE,FALSE,FALSE,FALSE,21975,수도권,126.681119564924,37.4042185993456,28_185
연수이이주내과의원,내과의원,032-818-8114,032-818-8114,인천광역시,연수구,인천광역시 연수구 먼우금로188번길 12 이리옴3빌딩 3층 303호 (연수동),5,TRUE,TRUE,TRUE,TRUE,TRUE,21927,수도권,126.676505994809,37.4134105785596,28_185
미래제일산부인과의원,의원,032-245-0101,032-245-0101,인천광역시,연수구,"인천광역시 연수구 먼우금로 189 501호 (청학동, 소망빌딩)",1,FALSE,FALSE,FALSE,FALSE,TRUE,21926,수도권,126.675854076121,37.4146240826171,28_185
의료법인 이원의료재단 이원의원,의원,032-210-2378,032-210-2270,인천광역시,연수구,인천광역시 연수구 하모니로 291 (송도동),1,TRUE,FALSE,FALSE,FALSE,FALSE,22014,수도권,126.635474904757,37.3726587163452,28_185
의료법인 루가의료재단 지안의원,의원,1661-0033,032-830-2700,인천광역시,연수구,"인천광역시 연수구 센트럴로 263 송도국제업무단지 C8-2블럭 업무복합시설 6,7층 (송도동)",4,FALSE,TRUE,TRUE,TRUE,TRUE,22006,수도권,126.633942580219,37.3980385655944,28_185
서울삼성내과의원,내과의원,032-833-1933,032-833-1933,인천광역시,연수구,인천광역시 연수구 신송로 161 송도 하이츠 5층 506호 (송도동),2,TRUE,FALSE,TRUE,FALSE,FALSE,22002,수도권,126.648438814711,37.3975947436549,28_185
이강연유외과의원,의원,032-818-6825,032-818-6825,인천광역시,연수구,인천광역시 연수구 앵고개로246번길 10 (동춘동),1,FALSE,FALSE,FALSE,FALSE,TRUE,21972,수도권,126.67060441392,37.4084167115333,28_185
연수베스트내과의원,내과의원,032-817-5550,032-817-5550,인천광역시,연수구,"인천광역시 연수구 먼우금로 189 2층 (청학동, 소망글로벌)",5,TRUE,TRUE,TRUE,TRUE,TRUE,21926,수도권,126.675854076121,37.4146240826171,28_185
옥련삼성내과의원,내과의원,032-831-9554,032-831-9554,인천광역시,연수구,인천광역시 연수구 독배로 42 해창빌딩 4~5층 (옥련동),5,TRUE,TRUE,TRUE,TRUE,TRUE,21949,수도권,126.644900830868,37.4245060536721,28_185
연수제일내과의원,내과의원,032-813-8136,032-813-8136,인천광역시,연수구,인천광역시 연수구 학나래로6번길 3 2층 (선학동),5,TRUE,TRUE,TRUE,TRUE,TRUE,21911,수도권,126.696844706827,37.4239718494068,28_185
송도유외과의원,의원,032-817-6875,032-817-6875,인천광역시,연수구,인천광역시 연수구 송도국제대로 157 오네스타 6층 (송도동),1,FALSE,FALSE,FALSE,FALSE,TRUE,21984,수도권,126.656664161119,37.3809410558608,28_185
다원여성의원,의원,032-831-1500,032-831-1500,인천광역시,연수구,인천광역시 연수구 컨벤시아대로 69 송도 밀레니엄 412호 (송도동),0,FALSE,FALSE,FALSE,FALSE,FALSE,21995,수도권,126.650955929786,37.3957153799876,28_185
밀레니엄서울내과의원,내과의원,032-851-1001,032-851-1001,인천광역시,연수구,인천광역시 연수구 컨벤시아대로 69 송도 밀레니엄 4층 402호 (송도동),5,TRUE,TRUE,TRUE,TRUE,TRUE,21995,수도권,126.650955929786,37.3957153799876,28_185
윰산부인과의원,의원,032-858-3773,032-858-3773,인천광역시,연수구,"인천광역시 연수구 인천타워대로132번길 34 라이크홈메디컬센터 1동 2,5층 204,503호 (송도동)",0,FALSE,FALSE,FALSE,FALSE,FALSE,21998,수도권,126.64394494869,37.386363983184,28_185
송도베스트내과의원,내과의원,032-716-9797,032-716-9797,인천광역시,연수구,"인천광역시 연수구 송도국제대로 157 오네스타 6층 601,602,603,604-1,609호 (송도동) ",5,TRUE,TRUE,TRUE,TRUE,TRUE,21984,수도권,126.656664161119,37.3809410558608,28_185
의료법인 마크로젠의료재단 진헬스의원,의원,032-831-3200,032-831-3200,인천광역시,연수구,"인천광역시 연수구 인천타워대로132번길 34 6,7,8층 (송도동)",5,TRUE,TRUE,TRUE,TRUE,TRUE,21998,수도권,126.64394494869,37.386363983184,28_185
송도센트럴내과의원,내과의원,032-833-0003,032-832-0000,인천광역시,연수구,인천광역시 연수구 컨벤시아대로 165 포스코타워-송도 4층 일부호 (송도동) ,5,TRUE,TRUE,TRUE,TRUE,TRUE,21998,수도권,126.644442676851,37.3891408885668,28_185
송도퍼스트내과의원,내과의원,032-227-0770,032-227-0770,인천광역시,연수구,"인천광역시 연수구 하모니로 158 송도타임스페이스 B동 4층 401,402,403,404,405호 (송도동)",5,TRUE,TRUE,TRUE,TRUE,TRUE,21998,수도권,126.64225604799,37.3832947004154,28_185
건강한내과의원,내과의원,032-715-4567,032-715-4567,인천광역시,연수구,인천광역시 연수구 앵고개로 266 연수2차한양아파트 상가A동 지상1층 (동춘동),4,TRUE,TRUE,TRUE,TRUE,FALSE,21973,수도권,126.672819572061,37.4069721358084,28_185
연세추의원,의원,032-832-5775,032-832-5775,인천광역시,연수구,"인천광역시 연수구 하모니로178번길 22 GTX센트럴 5층 501,502,502-1호 (송도동)",5,TRUE,TRUE,TRUE,TRUE,TRUE,22011,수도권,126.640836317921,37.3830722603442,28_185
로이여성의원,의원,032-229-1234,032-229-1234,인천광역시,연수구,"인천광역시 연수구 컨벤시아대로230번길 54 닥터플러스몰 6층 A614,A615,A616호 (송도동)",0,FALSE,FALSE,FALSE,FALSE,FALSE,22009,수도권,126.634032775089,37.3890111897813,28_185
플러스정형외과의원,의원,032-859-8000,032-859-8000,인천광역시,연수구,"인천광역시 연수구 컨벤시아대로230번길 54 H101일부,H104,H105,H201,H301,H401일부,H501,H601호 1~6층 (송도동)",5,TRUE,TRUE,TRUE,TRUE,TRUE,22009,수도권,126.634032775089,37.3890111897813,28_185
송도미래내과의원,내과의원,032-831-2500,032-831-2500,인천광역시,연수구,인천광역시 연수구 해돋이로172번길 42 B.M빌딩 4층 (송도동) ,5,TRUE,TRUE,TRUE,TRUE,TRUE,22002,수도권,126.648034628268,37.3980277414508,28_185
시너지내과신경과의원,내과의원,032-227-1114,032-227-1114,인천광역시,연수구,"인천광역시 연수구 하모니로178번길 6 501,502,503,504호 (송도동) ",2,TRUE,FALSE,TRUE,FALSE,FALSE,22011,수도권,126.641368803184,37.382340086168,28_185
송도사랑내과의원,내과의원,032-867-7775,032-867-7775,인천광역시,연수구,인천광역시 연수구 아트센터대로 87 커낼워크D4 WINTER 402동 2층 221호 (송도동) ,3,TRUE,TRUE,TRUE,FALSE,FALSE,22002,수도권,126.640151020131,37.4023784481142,28_185
연수리더스내과의원,내과의원,032-719-9988,032-719-9988,인천광역시,연수구,인천광역시 연수구 용담로 153 대동월드스포츠센터 2층 203호 (연수동) ,5,TRUE,TRUE,TRUE,TRUE,TRUE,21930,수도권,126.681402757017,37.4132780914235,28_185
송도조앤내과의원,내과의원,032-859-1275,032-859-1275,인천광역시,연수구,"인천광역시 연수구 해돋이로152번길 9 3층 301,302,303,304호 (송도동) ",5,TRUE,TRUE,TRUE,TRUE,TRUE,22002,수도권,126.647089398704,37.3949839903136,28_185
곽생로 여성의원,의원,032-858-7117,032-858-7117,인천광역시,연수구,인천광역시 연수구 테크노파크로111번길 4 드 메티스 빌딩 1층 일부호 2~5층 (송도동) ,1,FALSE,FALSE,FALSE,FALSE,TRUE,21998,수도권,126.644252295491,37.3860567597007,28_185
송도탑내과의원,내과의원,032-719-8089,032-719-8089,인천광역시,연수구,"인천광역시 연수구 인천타워대로 365 301동 305~312호 (송도동, 힐스테이트 송도 더스카이) ",5,TRUE,TRUE,TRUE,TRUE,TRUE,22007,수도권,126.628247602034,37.4020800569367,28_185
송도웰니스내과의원,내과의원,032-832-2040,032-832-2040,인천광역시,연수구,"인천광역시 연수구 랜드마크로360번길 40 304동 103~107,109,110,창고1~3호 (송도동, 송도자이크리스탈오션) ",5,TRUE,TRUE,TRUE,TRUE,TRUE,22025,수도권,126.611588474368,37.3866307417191,28_185
송도스마트내과의원,내과의원,032-821-6886,032-821-6886,인천광역시,연수구,"인천광역시 연수구 첨단대로 40 에스파이브시티 3층 B303,B304호 (송도동) ",5,TRUE,TRUE,TRUE,TRUE,TRUE,21988,수도권,126.650355172176,37.3700260777107,28_185
송도에이스내과의원,내과의원,032-858-5585,032-858-5585,인천광역시,연수구,"인천광역시 연수구 센트럴로 415 힐스테이트 송도 더테라스 판매시설동 106동 2층 204,207~211호 (송도동) ",5,TRUE,TRUE,TRUE,TRUE,TRUE,22020,수도권,126.626941414901,37.4108764303445,28_185
송도이든내과의원,내과의원,032-833-7570,032-833-7570,인천광역시,연수구,"인천광역시 연수구 인천타워대로197번길 16 3층 341,342호 (송도동) ",4,TRUE,TRUE,TRUE,TRUE,FALSE,22009,수도권,126.635327347312,37.389004286781,28_185
키오름성장의원,의원,032-721-7537,032-721-7537,인천광역시,연수구,"인천광역시 연수구 해돋이로171번길 11 2층 220,221호 (송도동, 송도 센트럴파크 리버리치) ",0,FALSE,FALSE,FALSE,FALSE,FALSE,22003,수도권,126.64462119093,37.3937611252816,28_185
의료법인 길의료재단 길병원,종합병원,-1577-2299,010-1577-2299,인천광역시,남동구,인천광역시 남동구 남동대로774번길 21-0 의료법인길의료재단길병원,4,FALSE,TRUE,TRUE,TRUE,TRUE,21565,수도권,126.709694847797,37.4520993874984,28_200
인천힘찬종합병원,종합병원,032-459-3144,032-1899-2220,인천광역시,남동구,인천광역시 남동구 논현로 72-0 인천힘찬종합병원,4,FALSE,TRUE,TRUE,TRUE,TRUE,21655,수도권,126.714686842521,37.4010623210134,28_200
전병원,병원,032-464-6181,-,인천광역시,남동구,"인천광역시 남동구 인주대로 845 847, 하촌로 4-20동 (만수동, 신성빌딩) ",5,TRUE,TRUE,TRUE,TRUE,TRUE,21540,수도권,126.73132974892,37.4487084180183,28_200
모두병원,병원,032-430-0931,1588-0255,인천광역시,남동구,"인천광역시 남동구 논고개로 88 외 논고개로90 3층호 (논현동, 지하1층전부,1층일부,2,3,4,5,6,7층전부)",5,TRUE,TRUE,TRUE,TRUE,TRUE,21667,수도권,126.726001560197,37.3995712259321,28_200
국제바로병원,병원,032-722-8585,032-722-8585,인천광역시,남동구,"인천광역시 남동구 석정로 518 1층일부, 2층일부 ~ 9층 (간석동) ",5,TRUE,TRUE,TRUE,TRUE,TRUE,21504,수도권,126.693226276277,37.4655067884563,28_200
대찬병원,병원,032-438-3025,1522-3266,인천광역시,남동구,"인천광역시 남동구 인주대로 590 1층일부, 2~8층, 9층일부 (구월동)",4,TRUE,TRUE,TRUE,TRUE,FALSE,21570,수도권,126.702508739822,37.4497384395945,28_200
서울바른척도병원,병원,-1522-9988,1522-9988,인천광역시,남동구,"인천광역시 남동구 구월로 233 1층일부,2~5층 전체호 (구월동)",5,TRUE,TRUE,TRUE,TRUE,TRUE,21547,수도권,126.716456340874,37.4564054223967,28_200
연세와병원,병원,032-223-8200,1599-1955,인천광역시,남동구,"인천광역시 남동구 정각로 2 인천연세와병원 본관 지1층, 2~8층, 별관 1~4층, 옥탑 1~2층 (구월동) ",5,TRUE,TRUE,TRUE,TRUE,TRUE,21557,수도권,126.702170864258,37.4549458781481,28_200
새희망병원,병원,032-431-2555,431-2555,인천광역시,남동구,인천광역시 남동구 남동대로922번길 54 새희망병원 (간석동),1,TRUE,FALSE,FALSE,FALSE,FALSE,21544,수도권,126.711482513207,37.4648482738213,28_200
장앤탑내과재활의학과의원,내과의원,032-467-9911,032-467-9911,인천광역시,남동구,"인천광역시 남동구 구월로 212 226호,227호,239호,242호 (구월동, 힐캐슬프라자)",4,TRUE,TRUE,TRUE,TRUE,FALSE,21561,수도권,126.714028470647,37.455992676305,28_200
인구보건복지협회인천지회가족보건의원,의원,032-451-4000,032-451-4000,인천광역시,남동구,인천광역시 남동구 용천로 142 (간석동) ,5,TRUE,TRUE,TRUE,TRUE,TRUE,21546,수도권,126.714892168376,37.4622210987901,28_200
박재홍내과의원,내과의원,032-465-0500,032-465-0500,인천광역시,남동구,인천광역시 남동구 인주대로 861 (만수동),5,TRUE,TRUE,TRUE,TRUE,TRUE,21540,수도권,126.733141207753,37.4486161138008,28_200
이광래내과의원,내과의원,032-891-3456,032-891-3456,인천광역시,남동구,"인천광역시 남동구 인하로 568 8층 전체호 (구월동, 아시아드타워(상업5-2))",5,TRUE,TRUE,TRUE,TRUE,TRUE,21582,수도권,126.709710086916,37.4425108644125,28_200
파티마의원,의원,032-471-9944,471-9944,인천광역시,남동구,"인천광역시 남동구 만수로 7 2,3층 (만수동)",3,TRUE,TRUE,TRUE,FALSE,FALSE,21524,수도권,126.729926638166,37.4581880864411,28_200
세란내과의원,내과의원,032-464-8275,464-8275,인천광역시,남동구,인천광역시 남동구 만수로 47 2층 401호 (만수동),5,TRUE,TRUE,TRUE,TRUE,TRUE,21524,수도권,126.733548346295,37.4605436183602,28_200
연세내과의원,내과의원,032-464-6953,032-464-6953,인천광역시,남동구,"인천광역시 남동구 호구포로 808 102호 (구월동, 수정빌딩)",5,TRUE,TRUE,TRUE,TRUE,TRUE,21534,수도권,126.719518075925,37.4544882611709,28_200
세브란스의원,의원,032-432-5955,432-5955,인천광역시,남동구,인천광역시 남동구 용천로 157 2층 (간석동),5,TRUE,TRUE,TRUE,TRUE,TRUE,21544,수도권,37.46349511708846,126.71466476637434,28_200
한마음산부인과의원,의원,032-467-3687,032-467-3687,인천광역시,남동구,"인천광역시 남동구 인주대로 865 2층 (만수동, 승창빌딩)",0,FALSE,FALSE,FALSE,FALSE,FALSE,21540,수도권,126.733591969969,37.4486280329613,28_200
연세가정의원,의원,032-469-3453,032-469-3453,인천광역시,남동구,"인천광역시 남동구 담방로 105 상가701동 101호 (만수동, 만수주공7단지상가빌딩)",1,TRUE,FALSE,FALSE,FALSE,FALSE,21541,수도권,126.739894177193,37.450427875322,28_200
다정산부인과의원,의원,032-463-5500,463-5500,인천광역시,남동구,인천광역시 남동구 호구포로 826 (구월동),1,FALSE,FALSE,FALSE,FALSE,TRUE,21542,수도권,126.719766499629,37.4561834703294,28_200
서울내과의원,내과의원,032-433-7533,433-7533,인천광역시,남동구,인천광역시 남동구 백범로 325 (간석동),4,TRUE,TRUE,TRUE,TRUE,FALSE,21544,수도권,126.713907184437,37.463828370557,28_200
장태일내과의원,내과의원,032-471-7500,032-471-7500,인천광역시,남동구,인천광역시 남동구 구월로 284 (구월동),5,TRUE,TRUE,TRUE,TRUE,TRUE,21534,수도권,126.721972860094,37.4555027425786,28_200
웰연합의원,의원,032-666-7582,032-666-7582,인천광역시,남동구,"인천광역시 남동구 호구포로 920 3층 306호 (만수동, 벽산아파트상가동)",0,FALSE,FALSE,FALSE,FALSE,FALSE,21518,수도권,126.72118035485,37.4643291462961,28_200
한빛산부인과의원,의원,032-466-3575,032-466-3575,인천광역시,남동구,"인천광역시 남동구 서창남로 77 301,302호 (서창동)",0,FALSE,FALSE,FALSE,FALSE,FALSE,21614,수도권,126.748247694073,37.4258931724057,28_200
논현이이주내과의원,내과의원,032-432-7114,432-7114,인천광역시,남동구,"인천광역시 남동구 논고개로123번길 17 407~411호 (논현동, 아이플렉스)",5,TRUE,TRUE,TRUE,TRUE,TRUE,21653,수도권,126.723083704409,37.4016848854965,28_200
추원석내과의원,내과의원,032-422-3332,032-422-3332,인천광역시,남동구,인천광역시 남동구 백범로 374 (간석동),4,TRUE,TRUE,TRUE,TRUE,FALSE,21510,수도권,126.709764319746,37.4665843638833,28_200
한사랑의원,의원,032-466-8275,032-466-8275,인천광역시,남동구,"인천광역시 남동구 만수로 107 2층 (만수동, 은성프라자)",2,TRUE,FALSE,TRUE,FALSE,FALSE,21521,수도권,126.737730487091,37.4647402346886,28_200
최재빈가정의학과의원,의원,032-433-1751,032-433-1751,인천광역시,남동구,"인천광역시 남동구 석정로 571 202호 (간석동, 정은A상가)",0,FALSE,FALSE,FALSE,FALSE,FALSE,21503,수도권,126.698683615499,37.4670239816279,28_200
속시원한내과의원,내과의원,032-422-7580,032-422-7580,인천광역시,남동구,"인천광역시 남동구 남동대로 894 3층 (간석동, 강남빌딩)",4,TRUE,TRUE,TRUE,TRUE,FALSE,21545,수도권,126.70863869154,37.4622991004336,28_200
속편한내과의원,내과의원,032-433-3500,433-3500,인천광역시,남동구,"인천광역시 남동구 인하로507번길 63 5층 전체호 (구월동, 모아메디컬타워)",5,TRUE,TRUE,TRUE,TRUE,TRUE,21573,수도권,126.702833580372,37.4461856698603,28_200
153신경외과의원,의원,032-217-1100,032-217-1100,인천광역시,남동구,인천광역시 남동구 호구포로 830 5층 (구월동),1,TRUE,FALSE,FALSE,FALSE,FALSE,21542,수도권,126.719798768165,37.4563196894496,28_200
박지원산부인과의원,의원,032-427-0562,032-427-0562,인천광역시,남동구,"인천광역시 남동구 인하로 497-8 5층 알뷰호 (구월동, 오아시스빌딩)",0,FALSE,FALSE,FALSE,FALSE,FALSE,21574,수도권,126.702068268596,37.443568918139,28_200
우리가족의원,의원,032-441-8575,441-8575,인천광역시,남동구,인천광역시 남동구 논고개로 337 (도림동),3,TRUE,TRUE,TRUE,FALSE,FALSE,21645,수도권,126.730065070173,37.4199093240923,28_200
인하내과의원,내과의원,032-466-0101,032-466-0101,인천광역시,남동구,"인천광역시 남동구 구월로 280 3층 (구월동, 연세메디칼빌딩)",5,TRUE,TRUE,TRUE,TRUE,TRUE,21534,수도권,126.721638962594,37.4555107864918,28_200
뿌리요양병원,병원,032-431-7979,431-7979,인천광역시,남동구,인천광역시 남동구 앵고개로934번길 43 뿌리요양병원 (논현동) ,4,FALSE,TRUE,TRUE,TRUE,TRUE,21673,수도권,126.735975320516,37.4005480059704,28_200
예스메디칼의원,의원,032-467-5115,032-467-5115,인천광역시,남동구,인천광역시 남동구 장승남로 37 (만수동),5,TRUE,TRUE,TRUE,TRUE,TRUE,21594,수도권,126.73640602502,37.4436510262888,28_200
리앤아이산부인과의원,의원,032-270-7777,270-7777,인천광역시,남동구,"인천광역시 남동구 논고개로 71 301~303호,401~403호,503호일부호 (논현동, 가산타워 )",1,FALSE,FALSE,FALSE,FALSE,TRUE,21679,수도권,126.726843290792,37.3980147711891,28_200
조영복내과의원,내과의원,032-469-7580,469-7580,인천광역시,남동구,"인천광역시 남동구 구월로 348 2층, 3층일부 (만수동)",5,TRUE,TRUE,TRUE,TRUE,TRUE,21535,수도권,126.72920751376,37.4549735288483,28_200
21세기미소내과의원,내과의원,032-431-7715,431-7715,인천광역시,남동구,"인천광역시 남동구 백범로 322 2층 (간석동, 진메디칼센터) ",2,TRUE,FALSE,TRUE,FALSE,FALSE,21511,수도권,126.71456678891,37.4641431562398,28_200
바른성모내과의원,내과의원,032-473-2117,032-473-2117,인천광역시,남동구,"인천광역시 남동구 남동대로 860 1동 201호 (간석동, 래미안자이상가)",4,TRUE,TRUE,TRUE,TRUE,FALSE,21548,수도권,126.710598375913,37.4588570153463,28_200
아이미즈산부인과의원,의원,032-463-7600,463-7600,인천광역시,남동구,인천광역시 남동구 백범로 179 1~2층 (만수동) ,1,FALSE,FALSE,FALSE,FALSE,TRUE,21543,수도권,126.728312739202,37.457968415086,28_200
서창내과의원,내과의원,032-468-0031,032-468-0031,인천광역시,남동구,인천광역시 남동구 매소홀로 1137 2층 (서창동),5,TRUE,TRUE,TRUE,TRUE,TRUE,21602,수도권,126.749103462104,37.4385991118597,28_200
인천속내과의원,내과의원,032-431-0119,032-431-0119,인천광역시,남동구,"인천광역시 남동구 호구포로 893 3층, 4층 (간석동, 중앙빌딩)",5,TRUE,TRUE,TRUE,TRUE,TRUE,21512,수도권,126.720012287468,37.4621657651273,28_200
늘푸른내과의원,내과의원,032-441-0096,032-441-0096,인천광역시,남동구,"인천광역시 남동구 논고개로 325 3층 (도림동, 명례빌딩)",4,TRUE,TRUE,TRUE,TRUE,FALSE,21645,수도권,126.72912240409,37.4192032043022,28_200
서울삼성내과의원,내과의원,032-465-0377,032-465-0377,인천광역시,남동구,"인천광역시 남동구 호구포로 818 409~412호 (구월동, 퍼스트하임프라자)",5,TRUE,TRUE,TRUE,TRUE,TRUE,21534,수도권,126.71966783489,37.4553646686987,28_200
마이비산부인과의원,의원,032-424-7007,032-424-7007,인천광역시,남동구,"인천광역시 남동구 논고개로123번길 17 701~705,712일부호 (논현동, 아이플렉스)",0,FALSE,FALSE,FALSE,FALSE,FALSE,21653,수도권,126.723083704409,37.4016848854965,28_200
주안상쾌한속내과의원,내과의원,032-861-8875,032-861-8875,인천광역시,남동구,"인천광역시 남동구 석정로 483 2,3층 (간석동)",5,TRUE,TRUE,TRUE,TRUE,TRUE,21501,수도권,126.689326415555,37.4660990137353,28_200
성모류마내과의원,내과의원,032-463-0052,032-463-0052,인천광역시,남동구,"인천광역시 남동구 구월로 223 305호 (구월동, 위너스프라자)",2,TRUE,FALSE,TRUE,FALSE,FALSE,21547,수도권,126.715634950689,37.456507605553,28_200
논현사랑내과의원,내과의원,032-433-9900,032-433-9900,인천광역시,남동구,"인천광역시 남동구 논현역로 8 4층 일부호 (논현동, 아이엠프라자)",5,TRUE,TRUE,TRUE,TRUE,TRUE,21653,수도권,126.720992062532,37.4014630031853,28_200
향촌사랑내과의원,내과의원,032-462-3377,032-462-3377,인천광역시,남동구,"인천광역시 남동구 만수서로 56 303호 (만수동, 향촌메디칼)",4,TRUE,TRUE,TRUE,TRUE,FALSE,21524,수도권,126.732213673521,37.4614356643531,28_200
논현새로운내과의원,내과의원,032-424-3334,424-3334,인천광역시,남동구,"인천광역시 남동구 논고개로 87 논현메디스타워 401,402,405,406.407호 (논현동)",5,TRUE,TRUE,TRUE,TRUE,TRUE,21679,수도권,126.725323256521,37.3990752631803,28_200
삼성성심의원,의원,032-424-1007,032-424-1007,인천광역시,남동구,"인천광역시 남동구 경인로 594 2,3,4층 (간석동) ",1,TRUE,FALSE,FALSE,FALSE,FALSE,21550,수도권,126.703877297428,37.464338140779,28_200
모래내굿모닝내과의원,내과의원,032-467-7588,032-467-7588,인천광역시,남동구,인천광역시 남동구 호구포로 798 2층 나호 (구월동),4,TRUE,TRUE,TRUE,TRUE,FALSE,21534,수도권,126.719418032731,37.453585932172,28_200
열린가정의학과의원,의원,032-432-9944,032-432-9944,인천광역시,남동구,"인천광역시 남동구 석산로 131 3,4층 (간석동)",5,TRUE,TRUE,TRUE,TRUE,TRUE,21550,수도권,126.706418212191,37.4604957316756,28_200
로앤산부인과의원,의원,032-568-5000,032-568-5000,인천광역시,남동구,"인천광역시 남동구 인하로 497-5 9층일부호 (구월동, 푸른세상안과빌딩)",0,FALSE,FALSE,FALSE,FALSE,FALSE,21574,수도권,126.701589427877,37.4436078952649,28_200
참조은내과의원,내과의원,032-446-1273,032-446-1273,인천광역시,남동구,인천광역시 남동구 에코중앙로156번길 5-19 2층 (논현동),3,TRUE,TRUE,TRUE,FALSE,FALSE,21684,수도권,126.726594722214,37.3918888862018,28_200
삼성베스트내과의원,내과의원,032-715-5594,032-715-5594,인천광역시,남동구,"인천광역시 남동구 서창남순환로 222 403호 (서창동, 센타프라자 제1동)",4,TRUE,TRUE,TRUE,TRUE,FALSE,21617,수도권,126.749475239779,37.4241512344187,28_200
장튼튼내과의원,내과의원,032-473-8275,032-473-8275,인천광역시,남동구,"인천광역시 남동구 용천로 70 동호프라자 4,5,7층 (구월동)",5,TRUE,TRUE,TRUE,TRUE,TRUE,21562,수도권,126.714955946272,37.455871118203,28_200
세인트여성의원,의원,032-438-7740,032-438-7740,인천광역시,남동구,"인천광역시 남동구 은봉로 309 2층 (논현동, 논현프라자)",0,FALSE,FALSE,FALSE,FALSE,FALSE,21658,수도권,126.72397671127,37.4059395084658,28_200
조은아산내과의원,내과의원,032-428-0075,032-428-0075,인천광역시,남동구,"인천광역시 남동구 호구포로 220 명진프라자 401,402호 (논현동)",5,TRUE,TRUE,TRUE,TRUE,TRUE,21655,수도권,126.710348478579,37.4023787023584,28_200
더웰내과의원,내과의원,032-469-1237,032-469-1237,인천광역시,남동구,인천광역시 남동구 서창남로 77 메인프라자 5층 501~504호 (서창동) ,5,TRUE,TRUE,TRUE,TRUE,TRUE,21614,수도권,126.748247694073,37.4258931724057,28_200
미듬메디컬의원,의원,032-471-3900,032-471-3900,인천광역시,남동구,인천광역시 남동구 구월남로 283 2층 (구월동),3,TRUE,FALSE,TRUE,TRUE,FALSE,21534,수도권,126.721137998461,37.452266869151,28_200
논현탑내과의원,내과의원,032-433-1175,032-433-1175,인천광역시,남동구,"인천광역시 남동구 논고개로 61 4층 403호 (논현동, 라피에스타)",5,TRUE,TRUE,TRUE,TRUE,TRUE,21679,수도권,126.727520375664,37.3975373516636,28_200
정을식내과의원,내과의원,032-426-2301,032-426-2301,인천광역시,남동구,인천광역시 남동구 남동대로 931 2층 일부호 (간석동),5,TRUE,TRUE,TRUE,TRUE,TRUE,21550,수도권,126.707494596419,37.4654858443824,28_200
서울아이비에프여성의원,의원,032-716-6663,032-716-6663,인천광역시,남동구,"인천광역시 남동구 인하로507번길 63 2층 201호, 6층 602호 (구월동)",0,FALSE,FALSE,FALSE,FALSE,FALSE,21573,수도권,126.702833580372,37.4461856698603,28_200
서연아이여성의원,의원,032-464-5800,464-5800,인천광역시,남동구,인천광역시 남동구 선수촌공원로 36 더블루시티 2층 201~207호 (구월동),0,FALSE,FALSE,FALSE,FALSE,FALSE,21583,수도권,126.710549332736,37.4421653122498,28_200
삼성외과의원,의원,032-221-1004,032-221-1004,인천광역시,남동구,"인천광역시 남동구 백범로 322 메디칼센터 9,10층 (간석동) ",5,TRUE,TRUE,TRUE,TRUE,TRUE,21511,수도권,126.71456678891,37.4641431562398,28_200
서창제이산부인과의원,의원,032-464-8899,032-464-8899,인천광역시,남동구,"인천광역시 남동구 서창남순환로 223 2층 A-204, A-206호 (서창동)",0,FALSE,FALSE,FALSE,FALSE,FALSE,21614,수도권,126.748921233075,37.4248208650094,28_200
우리내과의원,내과의원,032-466-4339,466-4339,인천광역시,남동구,"인천광역시 남동구 인주대로 865 3층 일부호 (만수동, 승창빌딩)",5,TRUE,TRUE,TRUE,TRUE,TRUE,21540,수도권,126.733591969969,37.4486280329613,28_200
장편한내과의원,내과의원,032-431-7501,032-431-7501,인천광역시,남동구,"인천광역시 남동구 논고개로123번길 35 301,319,320호 (논현동) ",5,TRUE,TRUE,TRUE,TRUE,TRUE,21653,수도권,126.722065821029,37.4015165296659,28_200
새날의료소비자생활협동조합 새날의원,의원,032-472-1275,032-472-1275,인천광역시,남동구,인천광역시 남동구 백범로227번길 95 3층 (만수동) ,1,TRUE,FALSE,FALSE,FALSE,FALSE,21542,수도권,126.723595677497,37.4558592946855,28_200
서창사랑내과의원,내과의원,032-472-0077,032-472-0077,인천광역시,남동구,인천광역시 남동구 서창남순환로216번길 12 월드타워 3층 일부호 (서창동),5,TRUE,TRUE,TRUE,TRUE,TRUE,21617,수도권,126.748571622761,37.4235217587182,28_200
상쾌한속내과의원,내과의원,032-446-7582,446-7582,인천광역시,남동구,인천광역시 남동구 주안로 231 2층 (간석동),5,TRUE,TRUE,TRUE,TRUE,TRUE,21506,수도권,126.695573689894,37.463507034665,28_200
정이가는내과의원,내과의원,032-464-0502,032-464-0502,인천광역시,남동구,인천광역시 남동구 장승남로 61 인일프라자 502호 (만수동) ,5,TRUE,TRUE,TRUE,TRUE,TRUE,21593,수도권,126.739030528354,37.4436582017982,28_200
연세소래메디칼의원,의원,032-437-7585,437-7585,인천광역시,남동구,"인천광역시 남동구 포구로 75 2,3,4층 (논현동, 송원빌딩) ",1,TRUE,FALSE,FALSE,FALSE,FALSE,21669,수도권,126.735753055642,37.4051150422365,28_200
더편한장사랑내과의원,내과의원,032-721-7585,032-721-7585,인천광역시,남동구,인천광역시 남동구 남동대로 880 올리브백화점 C동 1층 일부(101~108호 포함)호 (간석동),5,TRUE,TRUE,TRUE,TRUE,TRUE,21545,수도권,126.708864593972,37.460999951806,28_200
더편한장내과의원,내과의원,032-465-0730,032-465-0730,인천광역시,남동구,"인천광역시 남동구 인하로 616 커뮤니티프라자 5층 505호, 506호, 507호 (구월동) ",5,TRUE,TRUE,TRUE,TRUE,TRUE,21586,수도권,126.715204791675,37.4425240516442,28_200
아시아드내과의원,내과의원,032-222-7565,032-222-7575,인천광역시,남동구,인천광역시 남동구 인주대로 664 메인프라자 2차 4층 402호 (구월동) ,5,TRUE,TRUE,TRUE,TRUE,TRUE,21578,수도권,126.710812562629,37.4491699687774,28_200
더편항외과가정의학과의원,의원,032-424-0959,032-424-0959,인천광역시,남동구,"인천광역시 남동구 논고개로 93 보미리즌텔 301,302,303,304,305호 (논현동) ",5,TRUE,TRUE,TRUE,TRUE,TRUE,21679,수도권,126.724819765007,37.3995121678273,28_200
최앤박내과의원,내과의원,032-441-7175,441-7175,인천광역시,남동구,"인천광역시 남동구 논고개로 114 에이스타워 401,402,403,502호 (논현동) ",5,TRUE,TRUE,TRUE,TRUE,TRUE,21666,수도권,126.724668476864,37.4014435994824,28_200
일등병원,병원,032-721-6335,032-721-6335,인천광역시,남동구,인천광역시 남동구 구월로 311 2층 (만수동) ,5,TRUE,TRUE,TRUE,TRUE,TRUE,21543,수도권,126.725375607662,37.4558463250556,28_200
애플산부인과의원,의원,032-721-5006,032-721-5006,인천광역시,남동구,인천광역시 남동구 인하로 501 3층 (구월동) ,0,FALSE,FALSE,FALSE,FALSE,FALSE,21574,수도권,126.70237367021,37.4435241864898,28_200
휴내과의원,내과의원,032-437-5111,032-437-5111,인천광역시,남동구,인천광역시 남동구 인하로 497-5 푸른세상안과 7층 701호 8층 801호 (구월동) ,5,TRUE,TRUE,TRUE,TRUE,TRUE,21574,수도권,126.701589427877,37.4436078952649,28_200
가톨릭대학교인천성모병원,종합병원,032-280-6114,032-1544-9004,인천광역시,부평구,인천광역시 부평구 동수로 56 (부평동) ,5,TRUE,TRUE,TRUE,TRUE,TRUE,21431,수도권,126.725207095034,37.484132178311,28_237
부평세림병원,종합병원,032-509-4850,032-524-0591,인천광역시,부평구,인천광역시 부평구 부평대로 175 (청천동) ,4,FALSE,TRUE,TRUE,TRUE,TRUE,21364,수도권,126.719935351107,37.5067418478504,28_237
근로복지공단인천병원,종합병원,032-500-0272,032-500-0114,인천광역시,부평구,인천광역시 부평구 무네미로 446 (구산동) ,4,FALSE,TRUE,TRUE,TRUE,TRUE,21417,수도권,126.754017804241,37.4759729938992,28_237
새봄여성병원,병원,032-521-7200,032-521-7200,인천광역시,부평구,인천광역시 부평구 마장로 316 (산곡동),2,TRUE,FALSE,FALSE,FALSE,TRUE,21362,수도권,126.703681059576,37.5062224082091,28_237
의)상원의료재단부평힘찬병원,병원,032-363-9214,032-363-9121,인천광역시,부평구,인천광역시 부평구 장제로 78 (부평동),5,TRUE,TRUE,TRUE,TRUE,TRUE,21399,수도권,126.730222613271,37.4924499246632,28_237
의료법인나누리의료재단나누리병원,병원,032-280-1102,1688-9797,인천광역시,부평구,인천광역시 부평구 장제로 156 (부평동) ,4,FALSE,TRUE,TRUE,TRUE,TRUE,21353,수도권,126.731002724681,37.4995157561752,28_237
노내과의원,내과의원,032-523-5244,032-523-5244,인천광역시,부평구,인천광역시 부평구 부평문화로 100-1 (부평동),4,TRUE,TRUE,TRUE,TRUE,FALSE,21396,수도권,126.727427834112,37.4941152333472,28_237
명의원,의원,032-523-7778,032-523-7778,인천광역시,부평구,인천광역시 부평구 장제로 176 (부평동),0,FALSE,FALSE,FALSE,FALSE,FALSE,21352,수도권,126.731166102135,37.5012605609106,28_237
성모내과의원,내과의원,032-526-7200,032-526-7200,인천광역시,부평구,"인천광역시 부평구 부평대로 24 203호 (부평동, 가나베스트텔)",3,TRUE,TRUE,TRUE,FALSE,FALSE,21394,수도권,126.723308341002,37.4935564046764,28_237
필산부인과의원,의원,032-528-0878,032-528-0878,인천광역시,부평구,인천광역시 부평구 부평대로 24 (부평동),0,FALSE,FALSE,FALSE,FALSE,FALSE,21394,수도권,126.723308341002,37.4935564046764,28_237
갈산중앙의원,의원,032-513-9303,032-513-9303,인천광역시,부평구,인천광역시 부평구 굴포로 42 (갈산동),2,TRUE,TRUE,FALSE,FALSE,FALSE,21335,수도권,126.725732649631,37.511582208528,28_237
이기섭내과의원,내과의원,032-435-7070,032-435-7070,인천광역시,부평구,인천광역시 부평구 열우물로87번길 16 2층 (십정동),3,TRUE,TRUE,TRUE,FALSE,FALSE,21451,수도권,126.696717736081,37.4746366986633,28_237
안정경내과의원,내과의원,032-514-9086,032-514-9086,인천광역시,부평구,"인천광역시 부평구 부평대로 24 4,5층 (부평동)",4,TRUE,TRUE,TRUE,TRUE,FALSE,21394,수도권,126.723308341002,37.4935564046764,28_237
파티마산부인과의원,의원,032-511-7600,032-511-7600,인천광역시,부평구,인천광역시 부평구 평천로 337 (갈산동),0,FALSE,FALSE,FALSE,FALSE,FALSE,21317,수도권,126.727724859016,37.5181039394282,28_237
동수녹십자의원,의원,032-524-6020,032-525-7531,인천광역시,부평구,"인천광역시 부평구 장제로 27 201호 (부평동, 해마루)",5,TRUE,TRUE,TRUE,TRUE,TRUE,21406,수도권,126.728858508156,37.4878329354409,28_237
부평내과의원,내과의원,032-522-7563,032-522-7563,인천광역시,부평구,인천광역시 부평구 부평대로 9 (부평동),5,TRUE,TRUE,TRUE,TRUE,TRUE,21389,수도권,126.722579259705,37.492104438079,28_237
연세베스트항외과의원,의원,032-521-5211,032-521-5211,인천광역시,부평구,"인천광역시 부평구 부평대로 9 505호 (부평동, 문화드림빌)",2,TRUE,FALSE,FALSE,TRUE,FALSE,21389,수도권,126.722579259705,37.492104438079,28_237
부개성누가의원,의원,032-361-7772,032-361-7772,인천광역시,부평구,"인천광역시 부평구 길주남로 158 3층 (부개동, 부개프라자빌딩)",1,TRUE,FALSE,FALSE,FALSE,FALSE,21348,수도권,126.739319876077,37.5035994594791,28_237
박가정의학과의원,의원,032-514-4867,032-514-4867,인천광역시,부평구,"인천광역시 부평구 동수로 168-1 2,3층 (부개동)",5,TRUE,TRUE,TRUE,TRUE,TRUE,21421,수도권,126.737317049533,37.485689541168,28_237
정드림메디컬의원,의원,032-528-3114,032-528-3114,인천광역시,부평구,인천광역시 부평구 부흥로 412 3층 (부개동) ,4,TRUE,TRUE,TRUE,FALSE,TRUE,21398,수도권,126.737598318502,37.4974030502742,28_237
삼산명의원,의원,032-515-7991,032-515-7991,인천광역시,부평구,"인천광역시 부평구 수변로 333 207호호 (삼산동, 삼산타운)",0,FALSE,FALSE,FALSE,FALSE,FALSE,21324,수도권,126.737022773671,37.5168273856322,28_237
연세미여성의원,의원,032-431-7582,032-431-7582,인천광역시,부평구,인천광역시 부평구 아트센터로 38 십정동 센타빌딩 3층 (십정동) ,0,FALSE,FALSE,FALSE,FALSE,FALSE,21437,수도권,126.703538471338,37.4713375818255,28_237
에덴여성의원,의원,032-519-8582,032-519-8582,인천광역시,부평구,인천광역시 부평구 경인로 1078 (부개동),0,FALSE,FALSE,FALSE,FALSE,FALSE,21420,수도권,126.739508063006,37.4862143626987,28_237
장내과의원,내과의원,032-519-4373,032-519-4373,인천광역시,부평구,인천광역시 부평구 세월천로 46 (청천동),4,TRUE,TRUE,TRUE,TRUE,FALSE,21312,수도권,126.704199385966,37.5131883588448,28_237
연세내과의원,내과의원,032-515-3009,032-515-3009,인천광역시,부평구,인천광역시 부평구 부흥로 245 (부평동),5,TRUE,TRUE,TRUE,TRUE,TRUE,21378,수도권,126.719096979343,37.4990351114515,28_237
청천가정의원,의원,032-521-5557,032-521-5557,인천광역시,부평구,인천광역시 부평구 마장로 446 2층 (청천동),0,FALSE,FALSE,FALSE,FALSE,FALSE,21311,수도권,126.704670773034,37.5179088895679,28_237
부평정진의원,의원,032-506-5010,032-506-5010,인천광역시,부평구,"인천광역시 부평구 마장로 383 정진빌딩 2, 3층 (산곡동) ",4,TRUE,TRUE,TRUE,TRUE,FALSE,21309,수도권,126.703594090796,37.5123997269638,28_237
인천평화의료복지사회적협동조합평화의원,의원,032-524-6911,032-524-6911,인천광역시,부평구,인천광역시 부평구 경인로1104번길 15 1층 (일신동) ,5,TRUE,TRUE,TRUE,TRUE,TRUE,21419,수도권,126.742109191276,37.4853630322428,28_237
김방수내과의원,내과의원,032-528-7303,032-528-7303,인천광역시,부평구,"인천광역시 부평구 부영로 165 109호, 213호 (산곡동, 우성아파트)",3,TRUE,TRUE,TRUE,FALSE,FALSE,21377,수도권,126.713048807847,37.5002788259456,28_237
부평사랑내과의원,내과의원,032-526-0075,032-526-0075,인천광역시,부평구,"인천광역시 부평구 마장로 338 1, 4층 일부호 (산곡동)",5,TRUE,TRUE,TRUE,TRUE,TRUE,21361,수도권,126.703824453719,37.5080869407335,28_237
부평연세내과의원,내과의원,032-529-1256,032-529-1256,인천광역시,부평구,인천광역시 부평구 경원대로 1266 2층 (부평동),3,TRUE,TRUE,TRUE,FALSE,FALSE,21405,수도권,126.710143846046,37.489430674754,28_237
선이산부인과의원,의원,032-505-7632,032-5057-6323,인천광역시,부평구,"인천광역시 부평구 광장로 16 6층 (부평동, 부평역사쇼핑몰)",0,FALSE,FALSE,FALSE,FALSE,FALSE,21404,수도권,126.72335064425,37.4895676659869,28_237
박현수정형외과의원,의원,032-507-6222,032-507-6222,인천광역시,부평구,"인천광역시 부평구 수변로 8 파워프라자 2층 202,204호 (부개동) ",1,TRUE,FALSE,FALSE,FALSE,FALSE,21416,수도권,126.739735903657,37.4872225496238,28_237
중앙성모의원,의원,032-511-4792,032-511-4792,인천광역시,부평구,"인천광역시 부평구 후정동로 12 (삼산동, 인천삼산벽산블루밍 상가동)",4,TRUE,TRUE,TRUE,TRUE,FALSE,21318,수도권,126.738413652809,37.5192841699942,28_237
좋은내과의원,내과의원,032-504-8275,032-504-8275,인천광역시,부평구,"인천광역시 부평구 부평북로 442 304호 (삼산동, 삼산프라자)",0,FALSE,FALSE,FALSE,FALSE,FALSE,21319,수도권,126.742499070075,37.5217105321757,28_237
이수금내과의원,내과의원,032-268-7575,032-268-7575,인천광역시,부평구,"인천광역시 부평구 원적로 290 3층 (산곡동, 산곡메디칼센타)",3,TRUE,TRUE,TRUE,FALSE,FALSE,21371,수도권,126.69835602128,37.5044556703264,28_237
양선이산부인과의원,의원,032-514-3575,032-514-3575,인천광역시,부평구,인천광역시 부평구 경원대로 1234 삼주빌딩 4층 (산곡동) ,0,FALSE,FALSE,FALSE,FALSE,FALSE,21405,수도권,126.708232524075,37.4868836045394,28_237
박상현내과의원,내과의원,032-507-0225,032-507-0225,인천광역시,부평구,"인천광역시 부평구 부흥로365번길 3 301호 (부평동, 유니온프라자)",5,TRUE,TRUE,TRUE,TRUE,TRUE,21353,수도권,126.732377855188,37.4982556722329,28_237
이화산부인과의원,의원,032-428-3338,032-428-3338,인천광역시,부평구,인천광역시 부평구 열우물로 45 (십정동),0,FALSE,FALSE,FALSE,FALSE,FALSE,21452,수도권,126.700417914817,37.4721108846563,28_237
성모산부인과의원,의원,032-502-1001,032-502-1001,인천광역시,부평구,인천광역시 부평구 부평대로 47 (부평동),0,FALSE,FALSE,FALSE,FALSE,FALSE,21388,수도권,126.722228397111,37.4955807694339,28_237
제일외과의원,의원,032-519-2314,032-519-2314,인천광역시,부평구,인천광역시 부평구 부평대로 11 3층 일부호 (부평동),3,TRUE,TRUE,FALSE,TRUE,FALSE,21389,수도권,126.722671754347,37.4923498185797,28_237
김명주산부인과의원,의원,032-522-3313,032-522-3313,인천광역시,부평구,인천광역시 부평구 부평대로 9 (부평동),0,FALSE,FALSE,FALSE,FALSE,FALSE,21389,수도권,126.722579259705,37.492104438079,28_237
우리가정의원,의원,032-511-6565,032-511-6565,인천광역시,부평구,인천광역시 부평구 경인로1104번길 23 (일신동),0,FALSE,FALSE,FALSE,FALSE,FALSE,21419,수도권,126.742148357444,37.4845932981737,28_237
자애내과의원,내과의원,032-529-1002,032-529-1002,인천광역시,부평구,인천광역시 부평구 부평대로 90 여산빌딩 A동 602호 (부평동),4,TRUE,TRUE,TRUE,TRUE,FALSE,21359,수도권,126.722454664272,37.499555989099,28_237
부평구보건소,보건기관,032-509-8261,032-509-8200,인천광역시,부평구,인천광역시 부평구 부흥로 291 (부평동),1,TRUE,FALSE,FALSE,FALSE,FALSE,21359,수도권,126.724247964664,37.4988338898085,28_237
열린가정의원,의원,032-527-7599,032-527-7599,인천광역시,부평구,인천광역시 부평구 일신로14번길 34 (일신동),0,FALSE,FALSE,FALSE,FALSE,FALSE,21419,수도권,126.743793045636,37.4843199969567,28_237
동암우리내과의원,내과의원,032-421-5775,032-421-5775,인천광역시,부평구,인천광역시 부평구 열우물로 54 4층 (십정동),2,TRUE,TRUE,FALSE,FALSE,FALSE,21445,수도권,126.70053117794,37.4728784694108,28_237
호내과의원,내과의원,032-526-1728,032-526-1728,인천광역시,부평구,인천광역시 부평구 경원대로 1270 2층 201호 (부평동),5,TRUE,TRUE,TRUE,TRUE,TRUE,21405,수도권,126.710493572989,37.4896380425467,28_237
전성희내과의원,내과의원,032-515-7533,032-515-7533,인천광역시,부평구,"인천광역시 부평구 주부토로 231 303호 (갈산동, 갈산홈프라자)",3,TRUE,TRUE,TRUE,FALSE,FALSE,21329,수도권,126.725969344161,37.5158307990024,28_237
에이스가정의원,의원,032-507-2140,032-507-2140,인천광역시,부평구,인천광역시 부평구 마장로242번길 5 (산곡동),0,FALSE,FALSE,FALSE,FALSE,FALSE,21376,수도권,126.703026115345,37.4997955344067,28_237
수앤미산부인과의원,의원,032-513-0147,032-513-0147,인천광역시,부평구,인천광역시 부평구 체육관로 34 (삼산동),0,FALSE,FALSE,FALSE,FALSE,FALSE,21344,수도권,126.735475689856,37.5082744159223,28_237
우리들내과의원,내과의원,032-506-8808,032-506-8808,인천광역시,부평구,"인천광역시 부평구 체육관로 14 301호, 302호, 303호, 304호, 복합시설 (삼산동)",5,TRUE,TRUE,TRUE,TRUE,TRUE,21344,수도권,126.73309338626,37.508381141658,28_237
하이큐영상의원,의원,032-363-3292,032-363-3292,인천광역시,부평구,인천광역시 부평구 부평대로 301 (청천동),5,TRUE,TRUE,TRUE,TRUE,TRUE,21315,수도권,126.720860156048,37.5187406000291,28_237
우리내과의원,내과의원,032-505-1608,032-505-1608,인천광역시,부평구,"인천광역시 부평구 부평대로167번길 42 206호 (청천동, 동아타운)",4,TRUE,TRUE,TRUE,TRUE,FALSE,21364,수도권,126.718331678694,37.5063599742164,28_237
삼성미즈산부인과의원,의원,032-516-3838,032-516-3838,인천광역시,부평구,"인천광역시 부평구 부평대로 93 2,3층 (부평동)",0,FALSE,FALSE,FALSE,FALSE,FALSE,21379,수도권,126.721610110345,37.4996800522241,28_237
참조은내과의원,내과의원,032-525-7582,032-525-7582,인천광역시,부평구,"인천광역시 부평구 경인로 883 2층 (부평동, 재현빌딩)",3,TRUE,TRUE,TRUE,FALSE,FALSE,21408,수도권,126.718352526291,37.4856634240227,28_237
소망내과의원,내과의원,032-330-9999,032-330-9999,인천광역시,부평구,"인천광역시 부평구 충선로 174 201호 (부개동, 상록빌딩)",3,TRUE,TRUE,TRUE,FALSE,FALSE,21345,수도권,126.736679350355,37.504787972538,28_237
애플산부인과의원,의원,010-6637-8870,032-330-8870,인천광역시,부평구,"인천광역시 부평구 부평대로 6 8층 (부평동, 대신스카이프라자) ",0,FALSE,FALSE,FALSE,FALSE,FALSE,21394,수도권,126.723594062234,37.4921225842877,28_237
미래한솔내과의원,내과의원,032-503-5988,032-503-5988,인천광역시,부평구,인천광역시 부평구 영성서로 37 메디칼센타 301호 (삼산동) ,3,TRUE,TRUE,TRUE,FALSE,FALSE,21319,수도권,126.742627274489,37.521502139914,28_237
행복플러스의원,의원,032-511-5475,032-511-5475,인천광역시,부평구,"인천광역시 부평구 주부토로 261 201,202호 (갈산동, 신협빌딩)",3,TRUE,TRUE,TRUE,FALSE,FALSE,21316,수도권,126.726798802937,37.5183750745317,28_237
로로와내과의원,내과의원,032-521-2022,032-521-2022,인천광역시,부평구,인천광역시 부평구 부평문화로 87 5층 501~508호 (부평동) ,5,TRUE,TRUE,TRUE,TRUE,TRUE,21393,수도권,126.725877771458,37.4944745713609,28_237
마루내과의원,내과의원,032-435-5600,032-435-5600,인천광역시,부평구,"인천광역시 부평구 동암남로 4 301호 (십정동, 리치프라자)",5,TRUE,TRUE,TRUE,TRUE,TRUE,21439,수도권,126.703865336954,37.4708378918487,28_237
정속편안내과의원,내과의원,032-519-7887,032-519-7887,인천광역시,부평구,인천광역시 부평구 마장로 310 롯데프라자 2층 201호 (산곡동),5,TRUE,TRUE,TRUE,TRUE,TRUE,21362,수도권,126.703662507952,37.5056510362583,28_237
한맘의원,의원,032-330-3014,032-330-3014,인천광역시,부평구,인천광역시 부평구 충선로 313 401호 (삼산동),0,FALSE,FALSE,FALSE,FALSE,FALSE,21323,수도권,126.735204764039,37.5171560635603,28_237
부평하루여성외과의원,의원,032-511-6875,032-511-6875,인천광역시,부평구,"인천광역시 부평구 광장로 4 6층 (부평동, 코아빌딩)",1,FALSE,FALSE,FALSE,FALSE,TRUE,21404,수도권,126.722540864904,37.4910511635798,28_237
인천성모내과의원,내과의원,070-4991-1706,1855-1875,인천광역시,부평구,"인천광역시 부평구 부평문화로 55 203호, 302호, 303호, 와이디타워 (부평동)",1,TRUE,FALSE,FALSE,FALSE,FALSE,21388,수도권,126.72227995127,37.4942707405319,28_237
나은내과의원,내과의원,032-529-7588,032-529-7588,인천광역시,부평구,"인천광역시 부평구 길주남로10번길 21 202, 203, 204(일부), 205, 206호 (부평동, 래미안부평)",4,TRUE,TRUE,TRUE,TRUE,FALSE,21357,수도권,126.723485460374,37.5027777809474,28_237
부평열린내과의원,내과의원,032-501-0036,032-501-0036,인천광역시,부평구,"인천광역시 부평구 동수북로158번길 3 201,301호 (부평동, 원명빌딩)",5,TRUE,TRUE,TRUE,TRUE,TRUE,21407,수도권,126.724001001499,37.4888414453312,28_237
삼성가정의학과의원,의원,032-527-7300,032-527-7300,인천광역시,부평구,"인천광역시 부평구 길주남로 124 2층 3층 (부개동, 동성빌딩)",1,TRUE,FALSE,FALSE,FALSE,FALSE,21352,수도권,126.735558933048,37.503817522181,28_237
푸른가정의학과의원,의원,032-361-7600,032-361-7600,인천광역시,부평구,인천광역시 부평구 부일로 87 (부개동),1,TRUE,FALSE,FALSE,FALSE,FALSE,21401,수도권,126.739736316565,37.4889938372649,28_237
서울드림내과의원,내과의원,032-719-7123,032-719-7123,인천광역시,부평구,"인천광역시 부평구 부흥로 264 (부평동, 동아웰빙타운)",4,TRUE,TRUE,TRUE,TRUE,FALSE,21388,수도권,126.721051728371,37.4983288516016,28_237
부평봄내과의원,내과의원,032-514-8275,032-514-8275,인천광역시,부평구,"인천광역시 부평구 경인로 947 402호, 403호 (부평동)",5,TRUE,TRUE,TRUE,TRUE,TRUE,21407,수도권,126.724931048497,37.4878475531378,28_237
탁월한내과의원,내과의원,032-710-8575,032-710-8575,인천광역시,부평구,"인천광역시 부평구 체육관로 40 신영프라자 7층 701~703호, 8층 801~802호 (삼산동) ",5,TRUE,TRUE,TRUE,TRUE,TRUE,21344,수도권,126.736140512277,37.5082394122578,28_237
소문난내과의원,내과의원,032-362-7572,032-362-7572,인천광역시,부평구,인천광역시 부평구 부개로 73 2층 (부개동),5,TRUE,TRUE,TRUE,TRUE,TRUE,21345,수도권,126.739678959238,37.5042487933712,28_237
리더스영상의학과의원,의원,032-546-4161,032-546-4161,인천광역시,부평구,"인천광역시 부평구 체육관로 30 삼산동 이리옴프라자 5층 501, 503, 504, 505호 (삼산동)",5,TRUE,TRUE,TRUE,TRUE,TRUE,21344,수도권,126.734815629506,37.5083059126255,28_237
서울든든내과의원,내과의원,032-710-8778,032-710-8778,인천광역시,부평구,인천광역시 부평구 부평대로 83 강남타워 6층 (부평동),5,TRUE,TRUE,TRUE,TRUE,TRUE,21379,수도권,126.721734062719,37.4989467472541,28_237
인천어바웃유외과의원,의원,032-362-1717,032-362-1717,인천광역시,부평구,"인천광역시 부평구 경원대로 1415 304호 (부평동, 파라움)",1,FALSE,FALSE,FALSE,FALSE,TRUE,21395,수도권,126.726313891479,37.4915706538942,28_237
부평바른내과의원,내과의원,032-299-7575,032-299-7575,인천광역시,부평구,"인천광역시 부평구 길주로364번길 9 2층 217~221호 (산곡동, 부평 IPARK)",5,TRUE,TRUE,TRUE,TRUE,TRUE,21369,수도권,126.702886284041,37.5081423388981,28_237
서울정형외과신경과의원,의원,032-546-7582,032-546-7582,인천광역시,부평구,"인천광역시 부평구 길주로 382 지하1층, 1층~4층 (산곡동) ",1,TRUE,FALSE,FALSE,FALSE,FALSE,21361,수도권,126.704393140889,37.508341726951,28_237
서울퍼스트내과의원,내과의원,032-511-7588,032-511-7588,인천광역시,부평구,"인천광역시 부평구 길주로 635 엘림타워 2층 201,202호 (삼산동)",5,TRUE,TRUE,TRUE,TRUE,TRUE,21344,수도권,126.73321368945,37.5072793073224,28_237
삼성장편한내과의원,내과의원,032-433-7588,032-433-7588,인천광역시,부평구,"인천광역시 부평구 열우물로 90 상가F동 3층 310호, 4층 403~406호 (십정동, 더샵부평센트럴시티) ",5,TRUE,TRUE,TRUE,TRUE,TRUE,21443,수도권,126.700993091846,37.4773624178744,28_237
88하내과의원,내과의원,032-226-8888,032-226-8888,인천광역시,부평구,"인천광역시 부평구 마장로 320 한화프라자 4층 406, 407호 (산곡동)",4,TRUE,TRUE,TRUE,TRUE,FALSE,21362,수도권,126.703695771403,37.506592126233,28_237
성모누리의원,의원,032-525-7773,032-525-7773,인천광역시,부평구,인천광역시 부평구 세월천로 35 명성월드프라자 3층 301~304호 (청천동) ,1,TRUE,FALSE,FALSE,FALSE,FALSE,21313,수도권,126.705468001879,37.5126167804528,28_237
서울아산내과의원,내과의원,032-429-8272,032-429-8272,인천광역시,부평구,인천광역시 부평구 동암광장로 14 2층 (십정동) ,5,TRUE,TRUE,TRUE,TRUE,TRUE,21445,수도권,126.702329518124,37.4715754718279,28_237
장이편한내과의원,내과의원,032-523-7582,032-523-7582,인천광역시,부평구,"인천광역시 부평구 산청로 97 상가4동 2층 410~419호 (청천동, e편한세상부평그랑힐스) ",5,TRUE,TRUE,TRUE,TRUE,TRUE,21303,수도권,126.700963642402,37.5190073416627,28_237
부평탑내과의원,내과의원,032-508-7588,032-508-7588,인천광역시,부평구,"인천광역시 부평구 시장로 48 2층 204,205호 (부평동) ",5,TRUE,TRUE,TRUE,TRUE,TRUE,21392,수도권,126.727248185617,37.4946960566007,28_237
서울봄산부인과의원,의원,032-721-6624,032-721-6624,인천광역시,부평구,인천광역시 부평구 경원대로 1397 파레스빌딩 4층 (부평동) ,0,FALSE,FALSE,FALSE,FALSE,FALSE,21395,수도권,126.72450207343,37.4915685150475,28_237
성모하와유외과의원,의원,032-262-7475,032-262-7475,인천광역시,부평구,인천광역시 부평구 부평문화로 55 와이디타워 11층 (부평동) ,1,FALSE,FALSE,FALSE,FALSE,TRUE,21388,수도권,126.72227995127,37.4942707405319,28_237
키더한성장부평중앙의원,의원,032-513-5500,032-513-5500,인천광역시,부평구,인천광역시 부평구 부평대로 93 1층 (부평동) ,1,TRUE,FALSE,FALSE,FALSE,FALSE,21379,수도권,126.721610110345,37.4996800522241,28_237
삼성베스트내과의원,내과의원,032-710-3964,032-710-3964,인천광역시,부평구,인천광역시 부평구 길주로 643 명윤빌딩 4층 (삼산동) ,5,TRUE,TRUE,TRUE,TRUE,TRUE,21344,수도권,126.734195493316,37.5072210634066,28_237
연세코아내과의원,내과의원,032-721-6558,032-721-6558,인천광역시,부평구,인천광역시 부평구 광장로 4 5층 (부평동) ,5,TRUE,TRUE,TRUE,TRUE,TRUE,21404,수도권,126.722540864904,37.4910511635798,28_237
윤정혜산부인과의원,의원,032-266-1234,032-266-1234,인천광역시,부평구,인천광역시 부평구 마장로 338 4층 일부호 (산곡동) ,0,FALSE,FALSE,FALSE,FALSE,FALSE,21361,수도권,126.703824453719,37.5080869407335,28_237
부평구 청천보건지소,보건기관,032-509-8950,032-509-8950,인천광역시,부평구,"인천광역시 부평구 마장로410번길 5 (청천동, 청천2동주민센터)",0,FALSE,FALSE,FALSE,FALSE,FALSE,21312,수도권,126.704539761792,37.5148734516508,28_237
성모수내과의원,내과의원,032-519-4100,032-519-4100,인천광역시,부평구,"인천광역시 부평구 산청로 96 지하1,2,3,4층 (청천동) ",5,TRUE,TRUE,TRUE,TRUE,TRUE,21305,수도권,126.702306454265,37.5175009278227,28_237
한림병원,종합병원,032-540-9090,032-540-9114,인천광역시,계양구,인천광역시 계양구 장제로 722 (작전동),4,FALSE,TRUE,TRUE,TRUE,TRUE,21079,수도권,126.734334677371,37.5322470280813,28_245
인천세종병원,종합병원,032-1551-5888,032-240-8000,인천광역시,계양구,인천광역시 계양구 계양문화로 20 (작전동) ,5,TRUE,TRUE,TRUE,TRUE,TRUE,21080,수도권,126.736853119942,37.5325393643882,28_245
한마음병원,병원,032-553-0070,032-553-0070,인천광역시,계양구,인천광역시 계양구 계양대로 51 한마음병원 지하1~5층 (작전동) ,5,TRUE,TRUE,TRUE,TRUE,TRUE,21110,수도권,126.722057791208,37.5283605156445,28_245
엠앤비여성병원,병원,032-552-3500,032-552-3500,인천광역시,계양구,인천광역시 계양구 장제로772번길 2 (계산동),0,FALSE,FALSE,FALSE,FALSE,FALSE,21068,수도권,126.734775607612,37.5365510971848,28_245
오케이병원,병원,032-1800-0820,1800-0820,인천광역시,계양구,인천광역시 계양구 장제로 676 오케이병원 2~7층 (작전동),2,TRUE,FALSE,TRUE,FALSE,FALSE,21124,수도권,126.733685751717,37.5282599975858,28_245
인천하이병원,병원,032-550-8931,555-1675,인천광역시,계양구,인천광역시 계양구 경명대로 1107 (계산동),5,TRUE,TRUE,TRUE,TRUE,TRUE,21030,수도권,126.730069603471,37.5435464998424,28_245
인천마디병원,병원,070-5012-9236,1644-8344,인천광역시,계양구,인천광역시 계양구 계양대로 204 (계산동),5,TRUE,TRUE,TRUE,TRUE,TRUE,21049,수도권,126.722987431637,37.5421158035325,28_245
서송병원,병원,032-551-0114,032-551-0114,인천광역시,계양구,"인천광역시 계양구 경명대로972번길 9 계산종합의료단지 A,B동 전체호 (계산동) ",1,TRUE,FALSE,FALSE,FALSE,FALSE,21043,수도권,126.713651752036,37.5431522955613,28_245
인천더드림병원,병원,032-282-7575,032-282-7575,인천광역시,계양구,인천광역시 계양구 계양대로 123 (작전동),5,TRUE,TRUE,TRUE,TRUE,TRUE,21045,수도권,126.722251515838,37.5350000691274,28_245
한가람메디즈의원,의원,032-721-7515,032-721-7512,인천광역시,계양구,인천광역시 계양구 새벌로 112 마스터즈 2층 206~209호 (효성동),0,FALSE,FALSE,FALSE,FALSE,FALSE,21111,수도권,126.717512850295,37.5270633756744,28_245
인천계양속편한내과의원,내과의원,032-545-8837,032-545-8837,인천광역시,계양구,"인천광역시 계양구 용종로 2 202호,304호,305호 (계산동, 계산프라자)",5,TRUE,TRUE,TRUE,TRUE,TRUE,21071,수도권,126.741463532554,37.5340079939903,28_245
중앙의원,의원,032-542-3538,032-542-3538,인천광역시,계양구,"인천광역시 계양구 주부토로 465 지하1층,1,2,5층 (작전동)",1,TRUE,FALSE,FALSE,FALSE,FALSE,21087,수도권,126.727738887571,37.5357215726427,28_245
유석환내과의원,내과의원,032-545-0642,032-545-0642,인천광역시,계양구,인천광역시 계양구 경명대로 1049 (계산동),5,TRUE,TRUE,TRUE,TRUE,TRUE,21039,수도권,126.723421597652,37.5438927760544,28_245
한소망내과의원,내과의원,032-554-7172,032-554-7172,인천광역시,계양구,"인천광역시 계양구 계양문화로 96 403호 (용종동, 강북프라자)",3,TRUE,TRUE,TRUE,FALSE,FALSE,21065,수도권,126.737228648889,37.5392399328569,28_245
연세우리들의원,의원,032-555-9414,032-555-9414,인천광역시,계양구,인천광역시 계양구 장제로 822 롯데마트 계양점 3층 일부호 (계산동),0,FALSE,FALSE,FALSE,FALSE,FALSE,21060,수도권,126.736003459808,37.5408492649713,28_245
연세의원,의원,032-547-0488,032-547-0488,인천광역시,계양구,"인천광역시 계양구 새벌로 120 205호 (효성동, 대산아파트상가)",0,FALSE,FALSE,FALSE,FALSE,FALSE,21111,수도권,126.717069828998,37.5276035453375,28_245
덕수정형외과의원,의원,032-551-7111,032-551-7112,인천광역시,계양구,인천광역시 계양구 경명대로 1068 3층 전체호 (계산동) ,1,TRUE,FALSE,FALSE,FALSE,FALSE,21050,수도권,126.7254859443,37.543138503365,28_245
조태민가정의학과의원,의원,032-548-7575,032-548-7575,인천광역시,계양구,인천광역시 계양구 안남로 568 (효성동),0,FALSE,FALSE,FALSE,FALSE,FALSE,21097,수도권,126.710326670403,37.5336566845189,28_245
하나정형외과의원,의원,032-542-5113,032-542-5111,인천광역시,계양구,인천광역시 계양구 계양대로 102 하나빌딩 2층 (작전동) ,1,TRUE,FALSE,FALSE,FALSE,FALSE,21089,수도권,126.72287794082,37.5328101329601,28_245
세란성심의원,의원,032-554-6702,032-554-6702,인천광역시,계양구,인천광역시 계양구 계양대로 187 2~5층 (계산동) ,4,TRUE,TRUE,TRUE,TRUE,FALSE,21048,수도권,126.722313541639,37.5406382975018,28_245
하헌돈내과의원,내과의원,032-554-0076,032-554-0075,인천광역시,계양구,인천광역시 계양구 주부토로 479 축협계산빌딩 201호 (계산동),5,TRUE,TRUE,TRUE,TRUE,TRUE,21087,수도권,126.727741985237,37.5369857699642,28_245
제일산부인과의원,의원,032-554-7114,032-554-7114,인천광역시,계양구,"인천광역시 계양구 계산새로 71 (계산동,하이베라스 C동 309호)",0,FALSE,FALSE,FALSE,FALSE,FALSE,21060,수도권,126.735817610773,37.5387803391763,28_245
행복한내과의원,내과의원,032-552-3266,032-552-3266,인천광역시,계양구,"인천광역시 계양구 양지로 151 4층 (귤현동, 샤인빌딩)",2,TRUE,FALSE,TRUE,FALSE,FALSE,21016,수도권,126.747173477946,37.5669518547941,28_245
효성의원,의원,032-544-0061,032-544-0061,인천광역시,계양구,인천광역시 계양구 안남로554번길 1 대정프라자 2층 (효성동) ,4,TRUE,TRUE,TRUE,FALSE,TRUE,21097,수도권,126.710749844748,37.5324769637738,28_245
정의원,의원,032-554-1175,032-554-1175,인천광역시,계양구,인천광역시 계양구 장제로 873 2층 201호 (임학동),0,FALSE,FALSE,FALSE,FALSE,FALSE,21034,수도권,126.738278141784,37.5450873929647,28_245
세브란스의원,의원,032-552-5871,032-552-5871,인천광역시,계양구,"인천광역시 계양구 효서로 53 2, 3층 일부호 (효성동)",4,TRUE,TRUE,TRUE,TRUE,FALSE,21104,수도권,126.701699866274,37.5277168216668,28_245
하나미엘여성의원,의원,032-544-8422,032-544-8422,인천광역시,계양구,"인천광역시 계양구 경명대로 1157 1,2층 (임학동)",0,FALSE,FALSE,FALSE,FALSE,FALSE,21031,수도권,126.735734835625,37.543286762552,28_245
연세내과의원,내과의원,032-556-5599,032-556-5599,인천광역시,계양구,인천광역시 계양구 계산새로65번길 17 6층 (계산동),5,TRUE,TRUE,TRUE,TRUE,TRUE,21060,수도권,37.53975186592663,126.73532628321567,28_245
연세중앙의원,의원,032-554-1211,032-554-1211,인천광역시,계양구,인천광역시 계양구 봉오대로477번길 19 태산아파트 (효성동),1,TRUE,FALSE,FALSE,FALSE,FALSE,21100,수도권,126.701004616015,37.5297442023652,28_245
임창재내과의원,내과의원,032-552-0900,032-552-0900,인천광역시,계양구,"인천광역시 계양구 안남로 548 201호 (효성동, 효성프라자)",5,TRUE,TRUE,TRUE,TRUE,TRUE,21097,수도권,126.711071030591,37.5319232757046,28_245
방규태내과의원,내과의원,032-543-8275,032-543-8275,인천광역시,계양구,"인천광역시 계양구 경명대로 1074 202,207호 (계산동, 삼환1빌딩)",4,TRUE,TRUE,TRUE,TRUE,FALSE,21050,수도권,126.72621797931,37.543096864921,28_245
두리산부인과두리내과의원,내과의원,032-545-7030,032-545-7030,인천광역시,계양구,인천광역시 계양구 계양대로 83 2층 (작전동),3,TRUE,TRUE,TRUE,FALSE,FALSE,21047,수도권,126.722209713726,37.5312318156962,28_245
성모가정의학과의원,의원,032-511-9940,032-511-9940,인천광역시,계양구,인천광역시 계양구 황어로 120 (장기동),0,FALSE,FALSE,FALSE,FALSE,FALSE,21007,수도권,126.73415576019,37.579282262667,28_245
건강한내과의원,내과의원,032-544-5489,032-544-5475,인천광역시,계양구,"인천광역시 계양구 효서로 380 (작전동, 신현대타운)",5,TRUE,TRUE,TRUE,TRUE,TRUE,21126,수도권,126.738195680997,37.5275372983987,28_245
오준내과의원,내과의원,032-545-4567,032-545-4567,인천광역시,계양구,인천광역시 계양구 효서로 300 삼호프라자 3층 307호 (작전동),3,TRUE,TRUE,TRUE,FALSE,FALSE,21119,수도권,126.729589797706,37.5278245176831,28_245
서울메디컬의원,의원,032-556-8275,032-556-8275,인천광역시,계양구,"인천광역시 계양구 계양대로 188 대덕노바체 2,3층 203,204,207,307호 (계산동)",3,TRUE,TRUE,FALSE,TRUE,FALSE,21053,수도권,126.723114756133,37.5405172828465,28_245
삼성오케이의원,의원,032-555-9401,032-555-9401,인천광역시,계양구,인천광역시 계양구 안남로 571 2층 (효성동),2,TRUE,FALSE,TRUE,FALSE,FALSE,21093,수도권,126.709795494132,37.5341196646478,28_245
인천편안내과의원,내과의원,032-545-1317,032-545-2191,인천광역시,계양구,"인천광역시 계양구 계양대로 44 덕용프라자 302호, 303호 (작전동)",3,TRUE,FALSE,TRUE,TRUE,FALSE,21120,수도권,126.722820160605,37.5277259317082,28_245
하랑산부인과의원,의원,032-554-5300,032-554-5300,인천광역시,계양구,인천광역시 계양구 장제로 912 5층 (병방동),0,FALSE,FALSE,FALSE,FALSE,FALSE,21028,수도권,126.741236473224,37.5477550964925,28_245
계양하루여성외과의원,의원,032-542-6875,032-542-6875,인천광역시,계양구,인천광역시 계양구 계양대로 214 (계산동),1,FALSE,FALSE,FALSE,FALSE,TRUE,21049,수도권,126.723035805222,37.5430485388663,28_245
하이큐송석호내과의원,내과의원,032-543-6001,032-543-6001,인천광역시,계양구,인천광역시 계양구 안남로 512 2층 (효성동),5,TRUE,TRUE,TRUE,TRUE,TRUE,21109,수도권,37.530790376890046,126.71363023160326,28_245
365내과연합의원,내과의원,032-542-3659,032-542-3659,인천광역시,계양구,인천광역시 계양구 장제로 867 (임학동),5,TRUE,TRUE,TRUE,TRUE,TRUE,21034,수도권,126.738064576844,37.544742198042,28_245
상우내과의원,내과의원,032-551-0860,032-551-0860,인천광역시,계양구,"인천광역시 계양구 경명대로 1096 계산메디칼센타 2,3층 202,203,302,304호 (계산동)",5,TRUE,TRUE,TRUE,TRUE,TRUE,21056,수도권,126.728713613973,37.5429364808868,28_245
건강플러스내과의원,내과의원,032-546-8666,032-546-8666,인천광역시,계양구,"인천광역시 계양구 장제로 912 4층 (병방동, 하정빌딩)",4,TRUE,TRUE,TRUE,TRUE,FALSE,21028,수도권,126.741236473224,37.5477550964925,28_245
유안내과의원,내과의원,032-543-8500,032-543-8500,인천광역시,계양구,인천광역시 계양구 동양로 101 명일프라자 3층 303호 (동양동) ,4,TRUE,TRUE,TRUE,TRUE,FALSE,21012,수도권,126.756128477102,37.5590206785285,28_245
김석연내과의원,내과의원,032-555-0600,032-555-0600,인천광역시,계양구,인천광역시 계양구 경명대로 1048 3층 전체호 (계산동),5,TRUE,TRUE,TRUE,TRUE,TRUE,21049,수도권,126.723273941392,37.5431548741905,28_245
서울백내과의원,내과의원,032-552-7982,032-552-7982,인천광역시,계양구,인천광역시 계양구 동양로 103 402호 (동양동),4,TRUE,TRUE,TRUE,TRUE,FALSE,21012,수도권,126.756447020524,37.5590372836673,28_245
마음속내과의원,내과의원,032-541-6767,032-541-6767,인천광역시,계양구,인천광역시 계양구 장제로 871 3~4층 (임학동) ,5,TRUE,TRUE,TRUE,TRUE,TRUE,21034,수도권,126.738143363482,37.5449602338131,28_245
더바른내과의원,내과의원,032-541-5353,032-541-5353,인천광역시,계양구,인천광역시 계양구 계양대로 149 5층 (계산동),5,TRUE,TRUE,TRUE,TRUE,TRUE,21045,수도권,126.722200666502,37.5372701937881,28_245
삼성백내과의원,내과의원,032-546-3400,032-546-3400,인천광역시,계양구,인천광역시 계양구 장제로 910 4층 (병방동),4,TRUE,TRUE,TRUE,TRUE,FALSE,21028,수도권,126.741149616498,37.5476421013661,28_245
계양성모산부인과의원,의원,032-546-8100,032-546-8100,인천광역시,계양구,인천광역시 계양구 계양대로 40 4층 (작전동),0,FALSE,FALSE,FALSE,FALSE,FALSE,21120,수도권,126.722807351581,37.5274575840957,28_245
닥터봉정민내과의원,내과의원,032-719-7797,032-719-7797,인천광역시,계양구,"인천광역시 계양구 장제로 714 세종팰리스 2~3층 204호 205호, 301호 (작전동) ",5,TRUE,TRUE,TRUE,TRUE,TRUE,21079,수도권,126.734234426823,37.5313571563654,28_245
더베스트메디컬의원,의원,032-212-7700,032-212-7700,인천광역시,계양구,인천광역시 계양구 오조산공원로 30 경원 빌딩 3층 (용종동) ,0,FALSE,FALSE,FALSE,FALSE,FALSE,21065,수도권,126.738200882212,37.5396755622275,28_245
서울신내과의원,내과의원,032-545-0332,032-545-0332,인천광역시,계양구,인천광역시 계양구 오조산로 3 한미리빌딩 2층 201호 (작전동),2,TRUE,FALSE,TRUE,FALSE,FALSE,21080,수도권,126.73781961604,37.5311948812139,28_245
에스산부인과의원,의원,032-715-4328,032-715-4328,인천광역시,계양구,인천광역시 계양구 계양대로119번길 1 안톤스테이 101호~105호 (작전동),0,FALSE,FALSE,FALSE,FALSE,FALSE,21047,수도권,126.722059607802,37.5343345008456,28_245
연세새봄내과의원,내과의원,032-544-2228,032-544-2228,인천광역시,계양구,인천광역시 계양구 계양대로 65 2층 (작전동),1,TRUE,FALSE,FALSE,FALSE,FALSE,21110,수도권,126.721998128249,37.5296522274786,28_245
365온메디의원,의원,032-555-3650,032-555-3650,인천광역시,계양구,"인천광역시 계양구 경명대로 1115 인평프라자 1층 101,104호 (계산동) ",5,TRUE,TRUE,TRUE,TRUE,TRUE,21030,수도권,126.730936154862,37.5434807225536,28_245
연세위편한내과의원,내과의원,032-541-1500,032-541-1500,인천광역시,계양구,인천광역시 계양구 경명대로 1090 계산메가타운 4층 405호 (계산동) ,4,TRUE,TRUE,TRUE,TRUE,FALSE,21050,수도권,126.728047793481,37.5429736021358,28_245
(의)성세의료재단 뉴성민병원,종합병원,032-726-1000,032-726-1000,인천광역시,서구,인천광역시 서구 신석로 70 (석남동) ,5,TRUE,TRUE,TRUE,TRUE,TRUE,22789,수도권,126.669865501441,37.5097903544933,28_260
의료법인루가의료재단 나은병원,종합병원,032-585-7720,032-584-0114,인천광역시,서구,인천광역시 서구 원적로 23,4,FALSE,TRUE,TRUE,TRUE,TRUE,22819,수도권,126.679783225461,37.4890590092269,28_260
검단탑병원,종합병원,032-590-0123,032-590-0114,인천광역시,서구,인천광역시 서구 청마로19번길 5 (당하동) ,4,FALSE,TRUE,TRUE,TRUE,TRUE,22675,수도권,126.670715672816,37.5926243889568,28_260
온누리병원,종합병원,032-568-2832,032-567-6200,인천광역시,서구,인천광역시 서구 완정로 199,4,FALSE,TRUE,TRUE,TRUE,TRUE,22616,수도권,126.65433044954,37.6027960834512,28_260
가톨릭관동대학교 국제성모병원,종합병원,032-290-3326,032-1600-8291,인천광역시,서구,인천광역시 서구 심곡로100번길 25-0 인천국제성모병원,4,FALSE,TRUE,TRUE,TRUE,TRUE,22711,수도권,126.683568558409,37.5423430940453,28_260
인천연세병원,병원,032-561-3457,032-561-3457,인천광역시,서구,인천광역시 서구 승학로 320 (연희동),5,TRUE,TRUE,TRUE,TRUE,TRUE,22721,수도권,126.674402721605,37.550300634424,28_260
노송병원,병원,032-516-5000,516-5000,인천광역시,서구,"인천광역시 서구 가정로 280 2~5층, 7층 (석남동) ",4,TRUE,TRUE,TRUE,TRUE,FALSE,22790,수도권,126.672863291817,37.5096673290255,28_260
청라여성병원,병원,032-716-6000,032-716-6000,인천광역시,서구,"인천광역시 서구 중봉대로 602 2~5층,6층일부,9층 (청라동) ",5,TRUE,TRUE,TRUE,TRUE,TRUE,22736,수도권,126.650295858774,37.5333641644652,28_260
검단조은아이365병원,병원,032-721-8288,032-721-8288,인천광역시,서구,"인천광역시 서구 발산로5번길 12 인천검단 엔젤리움1차 윈팰리스 6,7층 (원당동) ",0,FALSE,FALSE,FALSE,FALSE,FALSE,22866,수도권,126.711071206944,37.5933362596023,28_260
임내과의원,내과의원,032-571-0668,032-571-0668,인천광역시,서구,인천광역시 서구 가정로 202 (석남동),4,TRUE,TRUE,TRUE,TRUE,FALSE,22796,수도권,126.672278417006,37.502763046514,28_260
인천연합의원,의원,032-578-1208,032-574-4843,인천광역시,서구,인천광역시 서구 염곡로 329 (신현동),5,TRUE,TRUE,TRUE,TRUE,TRUE,22781,수도권,126.668464274094,37.5140569013366,28_260
인천 복십자의원,의원,032-565-8930,032-565-8931,인천광역시,서구,"인천광역시 서구 원당대로 856 마크포레스트 어반 201,202,203호 (당하동) ",1,TRUE,FALSE,FALSE,FALSE,FALSE,22682,수도권,126.696584156529,37.5933141430945,28_260
하이큐홍내과의원,내과의원,032-579-0022,582-5430,인천광역시,서구,"인천광역시 서구 원적로 100 4층 (가좌동, 가좌로얄프라자)",5,TRUE,TRUE,TRUE,TRUE,TRUE,22810,수도권,126.682806255597,37.4950142392981,28_260
양영표내과의원,내과의원,032-576-9164,576-9164,인천광역시,서구,"인천광역시 서구 가정로 364-1 3층 (가정동, 창대빌딩) ",3,TRUE,TRUE,TRUE,FALSE,FALSE,22783,수도권,126.673174940391,37.5173860696071,28_260
마리아산부인과의원,의원,032-575-8870,575-8870,인천광역시,서구,인천광역시 서구 가정로 358 (가정동),2,TRUE,FALSE,FALSE,FALSE,TRUE,22783,수도권,126.673140405773,37.5167196847696,28_260
안용진내과의원,내과의원,032-564-5579,032-562-1430,인천광역시,서구,"인천광역시 서구 완정로 187 2,5,6층 (왕길동)",5,TRUE,TRUE,TRUE,TRUE,TRUE,22616,수도권,126.655626010161,37.6025410175743,28_260
우리들산부인과의원,의원,032-562-8228,562-8228,인천광역시,서구,"인천광역시 서구 완정로 187 3층 (왕길동, 마전메디칼센타) ",0,FALSE,FALSE,FALSE,FALSE,FALSE,22616,수도권,126.655626010161,37.6025410175743,28_260
서인천성모의원,의원,032-566-8275,566-8275,인천광역시,서구,"인천광역시 서구 탁옥로 49 4층 (심곡동, 제스트프라자) ",5,TRUE,TRUE,TRUE,TRUE,TRUE,22726,수도권,126.675082992027,37.5440877141166,28_260
김득조내과의원,내과의원,032-581-9777,032-581-9777,인천광역시,서구,"인천광역시 서구 율도로 98 302호 (석남동, 서인빌딩)",4,TRUE,TRUE,TRUE,TRUE,FALSE,22784,수도권,126.67295452103,37.5132031978881,28_260
연세산부인과의원,의원,032-566-0001,566-0001,인천광역시,서구,"인천광역시 서구 원적로 100 604호 (가좌동, 로얄프라자) ",0,FALSE,FALSE,FALSE,FALSE,FALSE,22810,수도권,126.682806255597,37.4950142392981,28_260
신현승내과의원,내과의원,032-582-8575,582-8575,인천광역시,서구,"인천광역시 서구 원적로 85 (가좌동, 우신프라자)",5,TRUE,TRUE,TRUE,TRUE,TRUE,22809,수도권,126.681405821534,37.4945689792754,28_260
아라서울여성의원,의원,032-721-7633,032-721-7633,인천광역시,서구,인천광역시 서구 원당대로 1045 금호헤리티지7 4층 401~403호 (원당동) ,0,FALSE,FALSE,FALSE,FALSE,FALSE,22865,수도권,126.71674390059,37.5940023255481,28_260
연세열린내과의원,내과의원,032-579-6090,579-6090,인천광역시,서구,인천광역시 서구 가정로 201-1 (석남동),5,TRUE,TRUE,TRUE,TRUE,TRUE,22795,수도권,126.671801681578,37.5029030000409,28_260
정내과의원,내과의원,032-567-3575,567-8275,인천광역시,서구,"인천광역시 서구 검단로 836 215호 (불로동, 월드메가마트)",4,TRUE,TRUE,TRUE,TRUE,FALSE,22628,수도권,126.693074462856,37.6184252957966,28_260
원당연세메디칼의원,의원,032-566-5060,032-566-5060,인천광역시,서구,"인천광역시 서구 원당대로 841 골든벨프라자 302,303,304,305,502,503호 (원당동) ",0,FALSE,FALSE,FALSE,FALSE,FALSE,22647,수도권,126.695098686927,37.5941471532285,28_260
제일가정의원,의원,032-579-2095,579-2095,인천광역시,서구,"인천광역시 서구 원적로96번길 26 2층 (가좌동, 프라자쇼핑)",0,FALSE,FALSE,FALSE,FALSE,FALSE,22810,수도권,126.684583809695,37.4933953002974,28_260
김경현내과의원,내과의원,032-564-7515,564-7515,인천광역시,서구,"인천광역시 서구 완정로 36 2층 일부호 (마전동, 한성빌딩)",4,TRUE,TRUE,TRUE,TRUE,FALSE,22640,수도권,126.670269843773,37.595945266734,28_260
하이큐연희내과의원,내과의원,032-568-2220,568-2220,인천광역시,서구,"인천광역시 서구 서곶로 355-1 2,3,5층 (연희동)",5,TRUE,TRUE,TRUE,TRUE,TRUE,22721,수도권,126.676751851785,37.5494507833596,28_260
손태용내과의원,내과의원,032-572-0046,032-572-0046,인천광역시,서구,"인천광역시 서구 건지로 264 303,304호 (가좌동)",2,TRUE,FALSE,TRUE,FALSE,FALSE,22832,수도권,126.671507894749,37.4988948864269,28_260
한사랑산부인과의원,의원,032-561-4313,032-561-4313,인천광역시,서구,"인천광역시 서구 원당대로 660 영프라자 6,7(일부)층 (당하동)",0,FALSE,FALSE,FALSE,FALSE,FALSE,22677,수도권,126.67429761223,37.5932888053233,28_260
그린산부인과의원,의원,032-574-3535,032-574-3535,인천광역시,서구,인천광역시 서구 건지로 371 (가좌동),1,FALSE,FALSE,FALSE,FALSE,TRUE,22806,수도권,126.683135517068,37.4969489459245,28_260
조성원내과의원,내과의원,032-565-0771,565-0771,인천광역시,서구,인천광역시 서구 청마로 163 (당하동),5,TRUE,TRUE,TRUE,TRUE,TRUE,22677,수도권,126.676621478248,37.5919966007455,28_260
삼성의원,의원,032-575-4535,575-4535,인천광역시,서구,인천광역시 서구 건지로 264 205호 (가좌동),3,TRUE,TRUE,TRUE,FALSE,FALSE,22832,수도권,126.671507894749,37.4988948864269,28_260
소망연세의원,의원,032-715-5774,032-715-5774,인천광역시,서구,인천광역시 서구 새오개로111번안길 32 2층 (신현동) ,4,TRUE,TRUE,TRUE,TRUE,FALSE,22779,수도권,126.664835567478,37.5220771773553,28_260
청라국제병원,병원,032-577-8275,032-577-8275,인천광역시,서구,"인천광역시 서구 청라에메랄드로102번길 8 (청라동, 우성메디피아 2층,4층일부)",4,TRUE,TRUE,TRUE,TRUE,FALSE,22739,수도권,126.656820957929,37.5339796761489,28_260
금산부인과의원,의원,032-569-0881,032-569-0880,인천광역시,서구,인천광역시 서구 승학로 528 (검암동),0,FALSE,FALSE,FALSE,FALSE,FALSE,22705,수도권,126.678357417334,37.5656444017252,28_260
뉴서울여성의원,의원,032-721-5942,032-721-5942,인천광역시,서구,인천광역시 서구 청마로19번길 20 금진빌딩 3층 (당하동) ,2,TRUE,FALSE,FALSE,FALSE,TRUE,22675,수도권,126.672666602179,37.5920835464104,28_260
강남산부인과의원,의원,032-569-3583,569-3582,인천광역시,서구,"인천광역시 서구 검단로 474 405호, 406호 (왕길동, 뷰비스타운)",0,FALSE,FALSE,FALSE,FALSE,FALSE,22636,수도권,126.657107298337,37.6016408303696,28_260
연세항외과의원,의원,032-568-2259,032-568-2259,인천광역시,서구,"인천광역시 서구 검단로 474 뷰비스타운 501~502호, 505~506호 (왕길동)",3,TRUE,TRUE,FALSE,TRUE,FALSE,22636,수도권,126.657107298337,37.6016408303696,28_260
위편한내과의원,내과의원,032-565-7881,565-7881,인천광역시,서구,"인천광역시 서구 원당대로 866 301호 (당하동, 세브란스빌딩)",4,TRUE,TRUE,TRUE,TRUE,FALSE,22682,수도권,126.697661750558,37.5932347381363,28_260
서울정형외과의원,의원,032-561-1140,032-561-1140,인천광역시,서구,"인천광역시 서구 염곡로 468 드림타워 601호,7층,8층 (가정동)",4,FALSE,TRUE,TRUE,TRUE,TRUE,22883,수도권,126.669728853251,37.5264513444249,28_260
이해림산부인과의원,의원,032-564-1800,564-1800,인천광역시,서구,"인천광역시 서구 서곶로 355-1 4층 (연희동, 성우빌딩) ",0,FALSE,FALSE,FALSE,FALSE,FALSE,22721,수도권,126.676751851785,37.5494507833596,28_260
가좌성모의원,의원,032-573-7582,573-7582,인천광역시,서구,"인천광역시 서구 장고개로 283 지하1층, 1층 일부호 (가좌동)",1,TRUE,FALSE,FALSE,FALSE,FALSE,22820,수도권,126.683183027185,37.4890749326794,28_260
검단서울여성의원,의원,032-566-1992,032-566-1992,인천광역시,서구,인천광역시 서구 원당대로 664 창신프라자 5층 501-1호 (당하동) ,1,FALSE,FALSE,FALSE,FALSE,TRUE,22677,수도권,126.674993619926,37.5933190149161,28_260
속편안내과의원,내과의원,032-561-6060,561-6060,인천광역시,서구,"인천광역시 서구 완정로 70 2층 (마전동, 영남탑스빌 웰빙타운)",4,TRUE,TRUE,TRUE,TRUE,FALSE,22640,수도권,126.667317350516,37.5980110544321,28_260
청라행복내과의원,내과의원,032-569-8000,032-569-8000,인천광역시,서구,"인천광역시 서구 중봉대로 588 506,507호 (연희동, 청라센트럴프라자)",5,TRUE,TRUE,TRUE,TRUE,TRUE,22736,수도권,126.650256298043,37.5320476910542,28_260
연세가정의학과의원,의원,032-563-5575,563-5575,인천광역시,서구,"인천광역시 서구 단봉로 107 3층 301호 (왕길동, 성우프라자)",1,TRUE,FALSE,FALSE,FALSE,FALSE,22657,수도권,126.639693391308,37.597391347109,28_260
청라건강한내과의원,내과의원,032-567-8009,567-8009,인천광역시,서구,"인천광역시 서구 청라라임로 71 5층 (청라동, 진영메디피아) ",5,TRUE,TRUE,TRUE,TRUE,TRUE,22736,수도권,126.65290147562,37.5339466873779,28_260
길벗내과의원,내과의원,032-576-5900,032-576-5900,인천광역시,서구,"인천광역시 서구 청라라임로 65 4층 409,410호 (연희동, 라임타워)",4,TRUE,TRUE,TRUE,TRUE,FALSE,22736,수도권,126.653017257652,37.5335230185924,28_260
우리편한내과의원,내과의원,032-577-1195,577-1195,인천광역시,서구,"인천광역시 서구 가정로 375 405,406호 (신현동, 금강아미움)",5,TRUE,TRUE,TRUE,TRUE,TRUE,22778,수도권,126.672621688621,37.5184745666802,28_260
마전참사랑의원,의원,032-566-0172,566-0172,인천광역시,서구,인천광역시 서구 마전로5번길 22-1 2층 (마전동),0,FALSE,FALSE,FALSE,FALSE,FALSE,22602,수도권,126.660372596818,37.6135839161391,28_260
문내과의원,내과의원,032-561-7515,032-561-7515,인천광역시,서구,"인천광역시 서구 청라한내로72번길 23 301,302호 (청라동)",5,TRUE,TRUE,TRUE,TRUE,TRUE,22758,수도권,126.630234090519,37.532035621874,28_260
다봄내과의원,내과의원,032-564-1575,032-564-1575,인천광역시,서구,"인천광역시 서구 승학로 491 3층 (검암동, 고산빌딩)",5,TRUE,TRUE,TRUE,TRUE,TRUE,22695,수도권,126.674033856661,37.5654870332164,28_260
청라나눔내과의원,내과의원,032-567-0750,032-567-0750,인천광역시,서구,인천광역시 서구 청라한내로 90 MK뷰 505~9호 (청라동),5,TRUE,TRUE,TRUE,TRUE,TRUE,22758,수도권,126.62790957711,37.53333233259,28_260
검단나은의원,의원,032-590-5700,032-590-5700,인천광역시,서구,"인천광역시 서구 검단로 508 3층 (마전동, 이지준프라자)",5,TRUE,TRUE,TRUE,TRUE,TRUE,22635,수도권,126.66066833491,37.6029363797894,28_260
다정한내과의원,내과의원,032-562-7511,032-562-7511,인천광역시,서구,인천광역시 서구 청라루비로 81 201~204호 (청라동) ,5,TRUE,TRUE,TRUE,TRUE,TRUE,22760,수도권,126.640172316944,37.5324568127434,28_260
새빛튼튼의원,의원,032-561-8915,561-8915,인천광역시,서구,"인천광역시 서구 고산후로95번길 20 힘찬프라자 301,302호 (당하동)",0,FALSE,FALSE,FALSE,FALSE,FALSE,22682,수도권,126.696764161766,37.5926520186414,28_260
검암우리손내과의원,내과의원,032-561-7075,032-561-7075,인천광역시,서구,인천광역시 서구 승학로 498 서해프라자 301~304호 (검암동),5,TRUE,TRUE,TRUE,TRUE,TRUE,22696,수도권,126.674959940771,37.5651791946407,28_260
365플러스의원,의원,032-345-3657,032-345-3657,인천광역시,서구,인천광역시 서구 이음3로 145 JK타워 305~307호 (당하동) ,0,FALSE,FALSE,FALSE,FALSE,FALSE,22869,수도권,126.708063727904,37.5888350856487,28_260
우리탑내과의원,내과의원,032-565-8789,032-565-8789,인천광역시,서구,"인천광역시 서구 검단로 480 검단리치웰프라자 206,207호 (왕길동)",4,TRUE,TRUE,TRUE,TRUE,FALSE,22636,수도권,126.657612083112,37.6018003288816,28_260
인천수내과의원,내과의원,032-584-5599,584-5599,인천광역시,서구,인천광역시 서구 가정로394번길 1 (가정동),1,TRUE,FALSE,FALSE,FALSE,FALSE,22777,수도권,126.673408183881,37.520111337085,28_260
유승진내과의원,내과의원,032-566-0111,032-566-0111,인천광역시,서구,인천광역시 서구 봉오재3로 90 한일골드타워 301호 (가정동),4,TRUE,TRUE,TRUE,TRUE,FALSE,22731,수도권,126.669746506151,37.5271944469421,28_260
행복한가정의학과의원,의원,032-582-3824,032-582-3824,인천광역시,서구,인천광역시 서구 고래울로 4 2층 일부호 (가좌동),0,FALSE,FALSE,FALSE,FALSE,FALSE,22821,수도권,126.68352466816,37.4887418460741,28_260
더나아산부인과의원,의원,032-567-5732,032-567-5732,인천광역시,서구,"인천광역시 서구 검단로 480 검단리치웰프라자 504호일부, 505~509호 (왕길동) ",1,FALSE,FALSE,FALSE,FALSE,TRUE,22636,수도권,126.657612083112,37.6018003288816,28_260
검단서유승내과의원,내과의원,032-568-4588,032-568-4588,인천광역시,서구,인천광역시 서구 완정로 153 이레메디칼센타 3층 (왕길동),4,TRUE,TRUE,TRUE,TRUE,FALSE,22636,수도권,126.658920826292,37.6013552469273,28_260
우리베스트내과의원,내과의원,032-715-6308,032-715-6308,인천광역시,서구,인천광역시 서구 염곡로464번길 15 4층 (가정동),5,TRUE,TRUE,TRUE,TRUE,TRUE,22731,수도권,126.671093107269,37.5263670340215,28_260
행복백세내과의원,내과의원,032-562-7755,032-562-7755,인천광역시,서구,"인천광역시 서구 서곶로 281 자혜정형외과 2층일부,4층 (심곡동)",2,TRUE,FALSE,TRUE,FALSE,FALSE,22727,수도권,126.676367179161,37.5426257710847,28_260
연세장튼튼의원,의원,032-565-0815,032-565-0815,인천광역시,서구,인천광역시 서구 이음5로 60 JS프라자 (원당동),5,TRUE,TRUE,TRUE,TRUE,TRUE,22865,수도권,126.714464412559,37.5943058722396,28_260
청라사랑내과의원,내과의원,032-561-5584,032-561-5584,인천광역시,서구,"인천광역시 서구 청라커낼로260번길 11 진성프라자 303, 304, 310, 311, 312호 (청라동)",3,TRUE,TRUE,TRUE,FALSE,FALSE,22762,수도권,126.645721229664,37.5321576098801,28_260
검단이화연합의원,의원,032-277-0705,032-277-0705,인천광역시,서구,인천광역시 서구 이음5로 80 검단퍼스트 5층 (원당동),1,TRUE,FALSE,FALSE,FALSE,FALSE,22865,수도권,126.71632029759,37.5952562954939,28_260
청라바른내과의원,내과의원,032-562-8575,032-562-8575,인천광역시,서구,"인천광역시 서구 청라한내로161번길 3-5 2, 3, 4층 (청라동)",5,TRUE,TRUE,TRUE,TRUE,TRUE,22752,수도권,126.627876534709,37.5391623910432,28_260
위바른내과의원,내과의원,032-561-5570,032-561-5570,인천광역시,서구,"인천광역시 서구 이음대로 378 로뎀타워 501~506, 511호 (원당동)",5,TRUE,TRUE,TRUE,TRUE,TRUE,22866,수도권,126.712595876122,37.5939192277609,28_260
루원성모내과의원,내과의원,032-575-8276,032-575-8276,인천광역시,서구,"인천광역시 서구 가정로 437 301동 B114~115호 (가정동, 루원시티 SK Leaders' VIEW)",4,TRUE,TRUE,TRUE,TRUE,FALSE,22775,수도권,126.670117744395,37.5242524636212,28_260
검암연세내과의원,내과의원,032-572-5126,032-572-5126,인천광역시,서구,인천광역시 서구 승학로483번길 18-8 (검암동),4,TRUE,TRUE,TRUE,TRUE,FALSE,22695,수도권,126.671706634471,37.564859440683,28_260
삼성플러스유외과의원,의원,032-265-6075,032-265-6075,인천광역시,서구,인천광역시 서구 이음대로 388 ABM타워 6층 601~607호 (원당동) ,1,FALSE,FALSE,FALSE,FALSE,TRUE,22866,수도권,126.712688895957,37.5931091949156,28_260
검단다정의원,의원,032-710-5717,032-710-5717,인천광역시,서구,인천광역시 서구 서로3로 198 2층 214~216호 (원당동) ,0,FALSE,FALSE,FALSE,FALSE,FALSE,22868,수도권,126.707898548187,37.597348661332,28_260
아산큰내과의원,내과의원,032-563-2770,032-563-2770,인천광역시,서구,인천광역시 서구 검단로 469 4~5층 (왕길동),5,TRUE,TRUE,TRUE,TRUE,TRUE,22616,수도권,126.656572826949,37.6019289434556,28_260
검단이엠365의원,의원,032-568-5011,032-568-5011,인천광역시,서구,"인천광역시 서구 이음5로 30 연세프라자9 2,3층 206~214, 305~314호 (원당동) ",1,TRUE,FALSE,FALSE,FALSE,FALSE,22866,수도권,126.710909298845,37.5938016743895,28_260
태헬스케어의원,의원,032-716-9930,032-716-9930,인천광역시,서구,"인천광역시 서구 원당대로 1045 금호헤리티지7 5~6층 501~513, 608~613호 (원당동) ",5,TRUE,TRUE,TRUE,TRUE,TRUE,22865,수도권,126.71674390059,37.5940023255481,28_260
아솔내과의원,내과의원,032-565-1806,032-565-1806,인천광역시,서구,인천광역시 서구 발산로 6 아인시티 주차타워 401 ~ 406호 (원당동) ,5,TRUE,TRUE,TRUE,TRUE,TRUE,22866,수도권,126.709240127247,37.5935772825307,28_260
든든내과의원,내과의원,032-564-0102,032-564-0102,인천광역시,서구,"인천광역시 서구 이음대로 479 CS메디칼프라자 301, 302호 (당하동) ",5,TRUE,TRUE,TRUE,TRUE,TRUE,22882,수도권,126.71286820468,37.5848984626559,28_260
홍앤장내과의원,내과의원,032-566-5353,032-566-5353,인천광역시,서구,"인천광역시 서구 가정로 406 A동 301~303호 (가정동, 루원지웰시티푸르지오) ",5,TRUE,TRUE,TRUE,TRUE,TRUE,22775,수도권,126.673952289268,37.5214629875846,28_260
검단아라산부인과의원,의원,032-569-7575,032-569-7575,인천광역시,서구,인천광역시 서구 이음대로 392 메트로시티 5층 512~515호 (원당동) ,1,FALSE,FALSE,FALSE,FALSE,TRUE,22866,수도권,126.712725586683,37.5926073432533,28_260
루원탑내과의원,내과의원,032-561-7535,032-561-7535,인천광역시,서구,인천광역시 서구 봉오대로 255 루원눈담봄 2층 207~210호 (가정동) ,5,TRUE,TRUE,TRUE,TRUE,TRUE,22715,수도권,126.677901385424,37.5251414293027,28_260
더바른성모내과의원(The바른성모내과의원),내과의원,032-568-8275,032-568-8275,인천광역시,서구,인천광역시 서구 이음3로 149 위너스 프라자 5층 (당하동) ,5,TRUE,TRUE,TRUE,TRUE,TRUE,22869,수도권,126.708431103786,37.5888729342755,28_260
검단스마트내과의원,내과의원,032-566-1199,032-566-1199,인천광역시,서구,인천광역시 서구 서로3로 104 신화프라자 4층 401~403호 (당하동) ,5,TRUE,TRUE,TRUE,TRUE,TRUE,22869,수도권,126.707697803272,37.5888315671731,28_260
연세조내과의원,내과의원,032-563-6894,563-6894,인천광역시,서구,"인천광역시 서구 검단로768번1길 4 2,3층 (불로동, 세인빌딩) ",5,TRUE,TRUE,TRUE,TRUE,TRUE,22631,수도권,126.686040426809,37.61327054599,28_260
검단항외과의원,의원,032-565-7500,032-565-7500,인천광역시,서구,인천광역시 서구 이음5로 36 4층 401~404호 (원당동) ,3,TRUE,TRUE,FALSE,TRUE,FALSE,22866,수도권,126.711868939177,37.5939172752267,28_260
검단성모산부인과의원,의원,032-561-2070,032-561-2070,인천광역시,서구,"인천광역시 서구 이음대로 378 로뎀타워 4층 408,409호 (원당동) ",0,FALSE,FALSE,FALSE,FALSE,FALSE,22866,수도권,126.712595876122,37.5939192277609,28_260
청라이엠365의원,의원,032-564-0911,032-564-0911,인천광역시,서구,"인천광역시 서구 청라한내로100번길 24 쓰리엠파크2 202~205, 301~305호 (청라동) ",1,TRUE,FALSE,FALSE,FALSE,FALSE,22758,수도권,126.630217094259,37.5338281907037,28_260
나라여성의원,의원,032-565-9001,032-565-9001,인천광역시,서구,인천광역시 서구 가정로 451 벨라미센텀시티 935~941호 (가정동) ,0,FALSE,FALSE,FALSE,FALSE,FALSE,22883,수도권,126.672977093178,37.5255263184118,28_260
청라베스트365의원,의원,032-721-4365,032-721-4365,인천광역시,서구,"인천광역시 서구 중봉대로 594 청라비전프라자 301,302호 (청라동) ",5,TRUE,TRUE,TRUE,TRUE,TRUE,22736,수도권,126.650278762608,37.5325671822448,28_260
애플산부인과의원,의원,032-266-8275,032-266-8275,인천광역시,서구,인천광역시 서구 이음대로 388 ABM타워 608~611호 (원당동) ,0,FALSE,FALSE,FALSE,FALSE,FALSE,22866,수도권,126.712688895957,37.5931091949156,28_260
가정늘봄내과의원,내과의원,032-710-8170,032-710-8170,인천광역시,서구,인천광역시 서구 가정로 388 2층 (가정동) ,4,TRUE,TRUE,TRUE,TRUE,FALSE,22777,수도권,126.673366621069,37.5194476361781,28_260
검단속편한내과의원,내과의원,032-562-2509,032-562-2509,인천광역시,서구,인천광역시 서구 고산후로 221 엠파이어빌딩 301~310호 (불로동) ,5,TRUE,TRUE,TRUE,TRUE,TRUE,22887,수도권,126.698160261367,37.6034484410612,28_260
샤인산부인과의원,의원,070-4349-4150,032-713-9972,인천광역시,서구,인천광역시 서구 고산후로 222 푸리마더타워 301~304호 (불로동) ,0,FALSE,FALSE,FALSE,FALSE,FALSE,22888,수도권,126.698913229224,37.6034771237195,28_260
연세속튼튼의원,의원,032-719-7584,032-719-7584,인천광역시,서구,인천광역시 서구 가정로308번길 2 2층 일부호 (석남동) ,4,TRUE,TRUE,TRUE,TRUE,FALSE,22784,수도권,126.672883369863,37.5120900852188,28_260
비에스종합병원,종합병원,032-290-0216,032-290-0001,인천광역시,강화군,인천광역시 강화군 강화읍 충렬사로 31-0,5,TRUE,TRUE,TRUE,TRUE,TRUE,23037,수도권,126.485991969984,37.7360476232793,28_710
의료법인해인강화병원,병원,032-930-8146,930-8146,인천광역시,강화군,인천광역시 강화군 강화읍 강화대로312번길 11 ,4,TRUE,TRUE,TRUE,TRUE,FALSE,23025,수도권,126.49607674217,37.7424330293244,28_710
남궁내과의원,내과의원,032-934-2142,934-2142,인천광역시,강화군,인천광역시 강화군 강화읍 강화대로 422,3,TRUE,TRUE,TRUE,FALSE,FALSE,23031,수도권,126.484881619391,37.7472854946282,28_710
에바다의원,의원,032-933-0059,033-933-0059,인천광역시,강화군,인천광역시 강화군 강화읍 중앙로 25,0,FALSE,FALSE,FALSE,FALSE,FALSE,23037,수도권,126.491163354282,37.7407164040551,28_710
인성의원,의원,032-932-4455,932-4455,인천광역시,강화군,인천광역시 강화군 강화읍 중앙로 23 (인성의원),5,TRUE,TRUE,TRUE,TRUE,TRUE,23037,수도권,126.491055033583,37.7410106404973,28_710
강화군보건소,보건기관,032-930-4048,032-930-4015,인천광역시,강화군,인천광역시 강화군 강화읍 충렬사로 26-1,1,TRUE,FALSE,FALSE,FALSE,FALSE,23037,수도권,126.484858623273,37.7372942002653,28_710
유여성 의원,의원,032-933-6080,933-6080,인천광역시,강화군,인천광역시 강화군 강화읍 강화대로 410 302호 ,0,FALSE,FALSE,FALSE,FALSE,FALSE,23031,수도권,126.486209847058,37.7466587286395,28_710
임성식 내과의원,내과의원,032-932-3375,932-3375,인천광역시,강화군,인천광역시 강화군 강화읍 강화대로 395 준프라자 빌딩 3층,4,TRUE,TRUE,TRUE,TRUE,FALSE,23035,수도권,126.486820066719,37.7453910344495,28_710
인천광역시의료원백령병원,병원,032-836-1733,032-836-1731,인천광역시,옹진군,인천광역시 옹진군 백령면 백령로 233 인천광역시의료원 백령병원 ,4,TRUE,TRUE,FALSE,TRUE,TRUE,23101,수도권,124.721089584514,37.9679503450094,28_720
북도보건지소,보건기관,032-899-3181,032-899-3181,인천광역시,옹진군,인천광역시 옹진군 북도면 시도로86번길 78,0,FALSE,FALSE,FALSE,FALSE,FALSE,23114,수도권,126.431178901591,37.5355912507959,28_720
연평보건지소,보건기관,032-899-3182,032-899-3182,인천광역시,옹진군,인천광역시 옹진군 연평면 연평중앙로 34-22,0,FALSE,FALSE,FALSE,FALSE,FALSE,23108,수도권,125.702121524838,37.666124544758,28_720
백령보건지소,보건기관,032-899-3183,032-899-3183,인천광역시,옹진군,인천광역시 옹진군 백령면 백령로833번길 26-29,0,FALSE,FALSE,FALSE,FALSE,FALSE,23103,수도권,124.664744487237,37.9579383801303,28_720
대청보건지소,보건기관,032-899-3184,032-899-3184,인천광역시,옹진군,인천광역시 옹진군 대청면 대청로 3,0,FALSE,FALSE,FALSE,FALSE,FALSE,23105,수도권,124.715415016517,37.824434168801,28_720
덕적보건지소,보건기관,032-899-3185,032-899-3185,인천광역시,옹진군,인천광역시 옹진군 덕적면 덕적남로 7-1 덕적보건지소,0,FALSE,FALSE,FALSE,FALSE,FALSE,23130,수도권,126.146780211096,37.2264818953172,28_720
자월보건지소,보건기관,032-899-3186,032-899-3186,인천광역시,옹진군,인천광역시 옹진군 자월면 자월서로164번길 23 자월보건지소,0,FALSE,FALSE,FALSE,FALSE,FALSE,23125,수도권,126.308237666073,37.2545061474575,28_720
영흥보건지소,보건기관,032-899-3187,032-899-3187,인천광역시,옹진군,인천광역시 옹진군 영흥면 영흥남로 449 영흥보건지소,0,FALSE,FALSE,FALSE,FALSE,FALSE,23119,수도권,126.461166974767,37.2530953333836,28_720
하나의료조합 영흥우리의원,의원,032-886-9411,032-886-9411,인천광역시,옹진군,인천광역시 옹진군 영흥면 영흥로176번길 8 영흥늘푸른센터,1,TRUE,FALSE,FALSE,FALSE,FALSE,23118,수도권,126.493791940515,37.258853920976,28_720
강북삼성병원,종합병원,-1599-8116,02-2001-2001,서울특별시,종로구,서울특별시 종로구 새문안로 29 (평동),4,FALSE,TRUE,TRUE,TRUE,TRUE,03181,수도권,126.967812703696,37.5688677261045,11_110
서울적십자병원,종합병원,02-2002-8777,02-2002-8000,서울특별시,종로구,서울특별시 종로구 새문안로 9 적십자병원 (평동) ,5,TRUE,TRUE,TRUE,TRUE,TRUE,03181,수도권,126.967202493985,37.5667630123693,11_110
세란병원,종합병원,02-737-0186,02-737-0181,서울특별시,종로구,서울특별시 종로구 통일로 256 (무악동),5,TRUE,TRUE,TRUE,TRUE,TRUE,03030,수도권,126.95770832178,37.5753392693516,11_110
의료법인하나로의료재단하나로의원,의원,02-590-1111,02-732-3030,서울특별시,종로구,"서울특별시 종로구 종로 33 그랑서울 501,502,503호 (청진동)",5,TRUE,TRUE,TRUE,TRUE,TRUE,03159,수도권,126.981437983842,37.5709617749066,11_110
혜화영상의학과의원,의원,02-766-6116,02-766-6116,서울특별시,종로구,"서울특별시 종로구 창경궁로 233 (명륜4가, 혜화진단방사선과의원) ",4,TRUE,FALSE,TRUE,TRUE,TRUE,03073,수도권,126.998263171582,37.5828388676903,11_110
삼성보스톤내과의원,내과의원,02-741-8275,02-741-8275,서울특별시,종로구,"서울특별시 종로구 종로 261 3,4,5층 (종로6가)",5,TRUE,TRUE,TRUE,TRUE,TRUE,03124,수도권,127.00698586399,37.5713344177149,11_110
(재)한국의학연구소한국중부의원,의원,02-3702-9000,02-3702-9000,서울특별시,종로구,"서울특별시 종로구 세종대로 149 광화문빌딩 지하1층,3,4층 (세종로) ",4,FALSE,TRUE,TRUE,TRUE,TRUE,03186,수도권,126.976140249913,37.5695711278314,11_110
한빛내과의원,내과의원,02-725-4833,02-725-4833,서울특별시,종로구,"서울특별시 종로구 사직로 107 3층 (내자동, 한빛빌딩)",4,TRUE,TRUE,TRUE,TRUE,FALSE,03041,수도권,126.970759498959,37.5763321550439,11_110
미즈여성산부인과의원,의원,02-2232-7771,02-2232-7771,서울특별시,종로구,서울특별시 종로구 종로 335 원풍빌딩 3층 301호 (창신동),0,FALSE,FALSE,FALSE,FALSE,FALSE,03104,수도권,127.0148243418,37.5731036083714,11_110
지인내과의원,내과의원,02-744-2223,02-744-2223,서울특별시,종로구,"서울특별시 종로구 율곡로 202-7 제일빌딩 A,B동 3층 (연건동)",5,TRUE,TRUE,TRUE,TRUE,TRUE,03127,수도권,127.001415728576,37.5756642567309,11_110
한빛산부인과의원,의원,02-734-7582,02-734-7582,서울특별시,종로구,"서울특별시 종로구 자하문로2길 4 201호 (적선동, 경복빌딩)",0,FALSE,FALSE,FALSE,FALSE,FALSE,03044,수도권,126.972859321085,37.576377886406,11_110
강북서울외과의원,의원,02-747-0001,02-747-0001,서울특별시,종로구,서울특별시 종로구 지봉로 29 501호 (창신동),5,TRUE,TRUE,TRUE,TRUE,TRUE,03121,수도권,127.015280872411,37.572523759891,11_110
메디홈가정의학과의원,의원,02-725-7582,02-725-7582,서울특별시,종로구,서울특별시 종로구 새문안로 103 4층 (신문로1가),3,TRUE,TRUE,TRUE,FALSE,FALSE,03183,수도권,126.976089119166,37.5705293260846,11_110
로앤산부인과의원,의원,02-722-1001,02-722-1001,서울특별시,종로구,"서울특별시 종로구 종로 78 4층 (종로2가, 미려빌딩)",0,FALSE,FALSE,FALSE,FALSE,FALSE,03190,수도권,126.986041334865,37.5698795927378,11_110
리즈산부인과의원,의원,02-732-3100,02-732-3100,서울특별시,종로구,"서울특별시 종로구 종로 78 3층 (종로2가, 미려빌딩)",0,FALSE,FALSE,FALSE,FALSE,FALSE,03190,수도권,126.986041334865,37.5698795927378,11_110
광화문헬스케어의원,의원,02-732-3791,02-721-3791,서울특별시,종로구,"서울특별시 종로구 종로 1 2층 (종로1가, 교보생명빌딩)",1,TRUE,FALSE,FALSE,FALSE,FALSE,03154,수도권,126.977928770123,37.5709578373114,11_110
곽내과의원,내과의원,02-735-5135,02-735-5135,서울특별시,종로구,서울특별시 종로구 자하문로 58 3층 (창성동),2,TRUE,FALSE,TRUE,FALSE,FALSE,03043,수도권,126.971269860764,37.5812527890293,11_110
의료법인해정의료재단 해정의원,의원,02-730-5191,02-730-5191,서울특별시,종로구,서울특별시 종로구 삼일대로 461 운현궁 에스케이 허브 2층 (경운동),5,TRUE,TRUE,TRUE,TRUE,TRUE,03147,수도권,126.985829029631,37.5755954796793,11_110
대학로메리힐산부인과의원,의원,02-744-4757,02-744-4757,서울특별시,종로구,"서울특별시 종로구 대학로12길 4 4층 (동숭동, 동덕빌딩 )",0,FALSE,FALSE,FALSE,FALSE,FALSE,03086,수도권,127.002197716421,37.5825159439465,11_110
정재원더블유(W)산부인과의원,의원,02-763-5838,02-763-5838,서울특별시,종로구,서울특별시 종로구 종로 347 202호 (숭인동),0,FALSE,FALSE,FALSE,FALSE,FALSE,03113,수도권,37.5735869986895,127.01614809460454,11_110
삼성바른내과의원,내과의원,02-744-2479,02-744-2479,서울특별시,종로구,서울특별시 종로구 지봉로 37-1 2층 (창신동),5,TRUE,TRUE,TRUE,TRUE,TRUE,03104,수도권,127.015338641567,37.5732588741937,11_110
김패밀리의원,의원,02-765-1777,02-765-1777,서울특별시,종로구,서울특별시 종로구 성균관로 49-1 (명륜3가) ,2,TRUE,FALSE,TRUE,FALSE,FALSE,03071,수도권,126.996374653931,37.5871242184018,11_110
튼튼내과의원,내과의원,02-3675-7582,02-3675-7582,서울특별시,종로구,"서울특별시 종로구 종로 293 5층 (창신동, 하나저축은행)",5,TRUE,TRUE,TRUE,TRUE,TRUE,03106,수도권,127.01049788759,37.5718648438084,11_110
참다운내과의원,내과의원,02-2272-9998,02-2272-9998,서울특별시,종로구,서울특별시 종로구 종로 266 동대문종합시장 A동  7층 703호 (종로6가),5,TRUE,TRUE,TRUE,TRUE,TRUE,03198,수도권,127.007328677369,37.5707064933341,11_110
새희망내과의원,내과의원,02-747-7975,02-747-7975,서울특별시,종로구,"서울특별시 종로구 종로 347 201호 (숭인동, 롯데캐슬 천지인)",4,TRUE,TRUE,TRUE,TRUE,FALSE,03113,수도권,127.016000015149,37.5740562569508,11_110
연세로의료의원,의원,02-6954-0903,02-6954-0903,서울특별시,종로구,"서울특별시 종로구 삼봉로 57 호수빌딩 3,4,7,8층 (수송동) ",4,TRUE,TRUE,TRUE,TRUE,FALSE,03151,수도권,126.980473808393,37.5725615164337,11_110
한송이산부인과의원,의원,02-6258-0404,02-6258-0404,서울특별시,종로구,서울특별시 종로구 새문안로3길 15 동원빌딩 2층 (당주동),0,FALSE,FALSE,FALSE,FALSE,FALSE,03175,수도권,126.972300686793,37.5717056482532,11_110
정안산부인과의원,의원,02-722-7004,02-722-7004,서울특별시,종로구,서울특별시 종로구 사직로 119 목천빌딩 5층 (내자동),0,FALSE,FALSE,FALSE,FALSE,FALSE,03041,수도권,126.971897907053,37.5762814352495,11_110
연세조이산부인과의원,의원,02-2135-9191,02-2135-9191,서울특별시,종로구,서울특별시 종로구 통일로 134 디타워(돈의문) 지하 1층 102호 (평동),0,FALSE,FALSE,FALSE,FALSE,FALSE,03181,수도권,126.966255525958,37.5667996863316,11_110
아이비여성의원,의원,02-6731-2020,02-6731-2020,서울특별시,종로구,서울특별시 종로구 종로 339 강원빌딩 4층 (창신동),0,FALSE,FALSE,FALSE,FALSE,FALSE,03104,수도권,127.015112901027,37.5731642087423,11_110
서울삼성내과의원,내과의원,02-2234-3546,02-2234-3546,서울특별시,종로구,"서울특별시 종로구 종로 344 302호 (숭인동, 종로대우디오빌) ",4,TRUE,TRUE,TRUE,TRUE,FALSE,03114,수도권,127.016083157911,37.5727228633137,11_110
위드산부인과의원,의원,02-722-5001,02-722-5001,서울특별시,종로구,서울특별시 종로구 종로 19 르메이에르종로타운1 202-2~202-4호 (종로1가) ,0,FALSE,FALSE,FALSE,FALSE,FALSE,03157,수도권,126.979923668151,37.5708444878121,11_110
푸른나무내과의원,내과의원,02-737-7575,02-737-7575,서울특별시,종로구,"서울특별시 종로구 송월길 99 상가동 2230호 (홍파동, 경희궁자이 2단지) ",4,TRUE,TRUE,TRUE,TRUE,FALSE,03165,수도권,126.962352257162,37.5708610950823,11_110
국립중앙의료원,종합병원,02-2260-7432,02-2260-7114,서울특별시,중구,서울특별시 중구 을지로 245 국립중앙의료원 (을지로6가) ,5,TRUE,TRUE,TRUE,TRUE,TRUE,04564,수도권,127.005484601979,37.5677264605676,11_140
서울송도병원,병원,02-2250-7450,02-2231-0900,서울특별시,중구,서울특별시 중구 다산로 78 송도병원 (신당동) ,5,TRUE,TRUE,TRUE,TRUE,TRUE,04597,수도권,127.008381705394,37.5511665956999,11_140
반도정형외과병원,병원,02-2252-4882,2252-0202,서울특별시,중구,서울특별시 중구 동호로 202 반도정형외과 (신당동) ,5,TRUE,TRUE,TRUE,TRUE,TRUE,04607,수도권,127.010110415753,37.5559931963298,11_140
참바로병원,병원,02-2234-8585,02-2234-8585,서울특별시,중구,"서울특별시 중구 다산로 258 리마크빌 동대문 2,3층 (흥인동) ",4,TRUE,TRUE,TRUE,TRUE,FALSE,04570,수도권,127.016623843671,37.5657948536437,11_140
안내과의원,내과의원,02-777-6882,02-777-6882,서울특별시,중구,서울특별시 중구 퇴계로 61 금오빌딩 5층 (남창동),3,TRUE,TRUE,TRUE,FALSE,FALSE,04529,수도권,126.978916169827,37.5593685043943,11_140
에이아이메디여성의원,의원,02-6388-3883,02-6388-3883,서울특별시,중구,"서울특별시 중구 장충단로 253 헬로우APM 10층 7,8호 (을지로6가) ",0,FALSE,FALSE,FALSE,FALSE,FALSE,04564,수도권,127.008078935255,37.567487097159,11_140
이가정의원,의원,02-2231-5705,02-2231-5705,서울특별시,중구,"서울특별시 중구 퇴계로 447 3층 307,308,309호 (황학동, 황학 아크로타워)",2,TRUE,FALSE,TRUE,FALSE,FALSE,04575,수도권,127.021721835241,37.5660419798503,11_140
권소연산부인과의원,의원,02-2235-7337,2235-7337,서울특별시,중구,서울특별시 중구 다산로 185 신흥빌딩 2층 201호 (신당동) ,0,FALSE,FALSE,FALSE,FALSE,FALSE,04608,수도권,127.013443806995,37.5601736712129,11_140
조영호내과의원,내과의원,02-2235-6251,02-2235-6251,서울특별시,중구,서울특별시 중구 다산로 185 신흥빌딩 2층 202호 (신당동) ,5,TRUE,TRUE,TRUE,TRUE,TRUE,04608,수도권,127.013443806995,37.5601736712129,11_140
서울중앙의료의원,의원,02-6450-5500,02-6450-5500,서울특별시,중구,서울특별시 중구 소공로 70 서울중앙우체국청사 지하3층 (충무로1가) ,5,TRUE,TRUE,TRUE,TRUE,TRUE,04535,수도권,126.982169090151,37.5615987374058,11_140
문원실산부인과의원,의원,02-795-2922,02-795-2922,서울특별시,중구,서울특별시 중구 다산로 245 3층 (무학동) ,0,FALSE,FALSE,FALSE,FALSE,FALSE,04611,수도권,127.015884329104,37.5650227116885,11_140
한사랑의원,의원,02-2277-4707,02-2277-4707,서울특별시,중구,"서울특별시 중구 장충단로 201 지혜빌딩 지하1, 지상3,4층 (장충동1가) ",1,TRUE,FALSE,FALSE,FALSE,FALSE,04615,수도권,127.006499163862,37.5627748946663,11_140
유태석내과의원,내과의원,02-2233-7076,02-2233-7076,서울특별시,중구,서울특별시 중구 동호로 180 대승빌딩 5층 (신당동),4,TRUE,TRUE,TRUE,TRUE,FALSE,04590,수도권,127.011312653525,37.5544192245189,11_140
윤윤보내과의원,내과의원,02-756-9855,02-756-9855,서울특별시,중구,서울특별시 중구 명동3길 6 개양빌딩 1101호 (명동1가),3,TRUE,TRUE,TRUE,FALSE,FALSE,04534,수도권,126.983641320819,37.563895230299,11_140
서울내과의원,내과의원,02-2256-7575,2256-7575,서울특별시,중구,서울특별시 중구 청구로 70 신진빌딩 5층 (신당동) ,3,TRUE,TRUE,TRUE,FALSE,FALSE,04586,수도권,127.014615215671,37.5601246979857,11_140
지앤아이휴내과의원,내과의원,02-2259-0075,02-2259-0075,서울특별시,중구,서울특별시 중구 통일로 10 연세대학교 세브란스빌딩 1층 C102호 (남대문로5가) ,4,TRUE,TRUE,TRUE,TRUE,FALSE,04527,수도권,126.973633761228,37.5570966597,11_140
삼성푸른의원,의원,02-2231-4154,02-2231-4154,서울특별시,중구,서울특별시 중구 다산로42길 80 1층 (신당동),2,TRUE,TRUE,FALSE,FALSE,FALSE,04583,수도권,127.020565062769,37.5636552679039,11_140
영락내과의원,내과의원,02-2272-9211,02-2272-9211,서울특별시,중구,서울특별시 중구 수표로 23 영락빌딩 201호 (저동2가),3,TRUE,TRUE,TRUE,FALSE,FALSE,04552,수도권,126.99003575095,37.5632004640138,11_140
여노피산부인과의원,의원,02-757-4747,757-4747,서울특별시,중구,서울특별시 중구 퇴계로 120 7층 (남산동1가) ,0,FALSE,FALSE,FALSE,FALSE,FALSE,04631,수도권,126.985079559392,37.5605784919404,11_140
린내과의원,내과의원,02-2238-8331,2238-8331,서울특별시,중구,서울특별시 중구 다산로 230 4층 (신당동) ,4,TRUE,TRUE,TRUE,TRUE,FALSE,04585,수도권,127.015962217644,37.5635029907452,11_140
윤창옥내과의원,내과의원,02-2272-3303,02-2272-3303,서울특별시,중구,서울특별시 중구 충무로 3 2층 206~217호 (필동1가) ,5,TRUE,TRUE,TRUE,TRUE,TRUE,04554,수도권,126.992859994753,37.5614953523496,11_140
수내과의원,내과의원,02-582-1122,02-582-1122,서울특별시,중구,"서울특별시 중구 장충단로 197 1층, 지하1층 (쌍림동, 수정빌딩)",2,TRUE,FALSE,TRUE,FALSE,FALSE,04615,수도권,127.006343053894,37.5624372997498,11_140
민유선산부인과의원,의원,02-773-1456,02-773-1456,서울특별시,중구,서울특별시 중구 명동길 26 유네스코회관 203호 (명동2가),0,FALSE,FALSE,FALSE,FALSE,FALSE,04536,수도권,126.983764788709,37.5634574532023,11_140
성모내과의원,내과의원,02-2231-4862,02-2231-4862,서울특별시,중구,"서울특별시 중구 다산로 112 4층 (신당동, 신양빌딩)",1,TRUE,FALSE,FALSE,FALSE,FALSE,04597,수도권,37.55378374725993,127.01036927849287,11_140
소망의원,의원,02-318-2075,02-318-2075,서울특별시,중구,서울특별시 중구 퇴계로 45 남일물산 2층 202호 (남창동),1,TRUE,FALSE,FALSE,FALSE,FALSE,04529,수도권,126.977566604666,37.5582871492524,11_140
서울삼성내과의원,내과의원,02-365-1478,02-365-1478,서울특별시,중구,서울특별시 중구 통일로 114 바비엥-2 2층 201-208호 (의주로1가),5,TRUE,TRUE,TRUE,TRUE,TRUE,04517,수도권,126.967932658604,37.5652419713173,11_140
의료법인삼성의료재단 강북삼성태평로의원,의원,02-2001-1140,02-2001-1140,서울특별시,중구,"서울특별시 중구 세종대로 67 3층, 지하1,2층 (태평로2가) ",1,TRUE,FALSE,FALSE,FALSE,FALSE,04514,수도권,126.975593964647,37.5623085377513,11_140
현명신경외과의원,의원,-1661-6610,02-3789-9790,서울특별시,중구,"서울특별시 중구 서소문로 120 3층 (서소문동, ENA센터) ",1,TRUE,FALSE,FALSE,FALSE,FALSE,04514,수도권,126.974678797888,37.5628683143675,11_140
우리원헬스케어영상의학과의원,의원,02-750-0000,02-750-0000,서울특별시,중구,"서울특별시 중구 청계천로 100 2층 (수표동, 시그니쳐타워스)",5,TRUE,TRUE,TRUE,TRUE,TRUE,04542,수도권,126.98811318937,37.5674727196383,11_140
더드림산부인과의원,의원,02-2238-2211,02-2238-2211,서울특별시,중구,서울특별시 중구 다산로36길 11 동산빌딩 3층 (신당동) ,0,FALSE,FALSE,FALSE,FALSE,FALSE,04585,수도권,127.016184600525,37.5628563153153,11_140
회현정내과의원,내과의원,02-778-8200,02-778-8200,서울특별시,중구,"서울특별시 중구 소공로 35 2층 205호 (회현동1가, 남산롯데캐슬아이리스)",4,TRUE,TRUE,TRUE,TRUE,FALSE,04632,수도권,126.981744459746,37.5582247092319,11_140
서울가정의원,의원,02-2237-5505,02-2237-5505,서울특별시,중구,서울특별시 중구 퇴계로86길 11 2층 (신당동),5,TRUE,TRUE,TRUE,TRUE,TRUE,04578,수도권,127.019859600329,37.5650266149024,11_140
서울베스트의료의원,의원,02-2135-1357,02-2135-1357,서울특별시,중구,서울특별시 중구 다산로46길 17 2층 (흥인동),5,TRUE,TRUE,TRUE,TRUE,TRUE,04570,수도권,127.017122913186,37.5668675982177,11_140
더끌림 산부인과의원,의원,02-318-0309,02-318-0308,서울특별시,중구,서울특별시 중구 퇴계로 109 11~13층 (충무로1가),0,FALSE,FALSE,FALSE,FALSE,FALSE,04536,수도권,126.98386278197,37.5609512544879,11_140
대한내과의원,내과의원,02-2268-9000,02-2268-9000,서울특별시,중구,서울특별시 중구 퇴계로 213 일흥빌딩 (충무로4가),5,TRUE,TRUE,TRUE,TRUE,TRUE,04557,수도권,126.995495084864,37.5619106615735,11_140
그린나래산부인과의원,의원,070-7793-0307,070-7793-0307,서울특별시,중구,"서울특별시 중구 퇴계로 447 305호 (황학동, 황학 아크로타워) ",0,FALSE,FALSE,FALSE,FALSE,FALSE,04575,수도권,127.021721835241,37.5660419798503,11_140
제일내과의원,내과의원,02-2268-2007,02-2268-2007,서울특별시,중구,"서울특별시 중구 서애로1길 11 1층 123호, 124호 (충무로5가) ",5,TRUE,TRUE,TRUE,TRUE,TRUE,04619,수도권,126.998598237823,37.561326262637,11_140
우리본정형외과의원,의원,02-755-8575,02-755-8575,서울특별시,중구,서울특별시 중구 청계천로 14 한국정보화진흥원 2층 (무교동),1,TRUE,FALSE,FALSE,FALSE,FALSE,04520,수도권,126.978817526558,37.5687892140435,11_140
의료법인 녹십자의료재단 녹십자아이메드강북의원,의원,-1644-0808,02-6711-0703,서울특별시,중구,"서울특별시 중구 을지로 170 을지트윈타워 9,10층 (을지로4가) ",5,TRUE,TRUE,TRUE,TRUE,TRUE,04548,수도권,126.99732748195,37.5661391831606,11_140
을지로참내과의원,내과의원,02-6273-7575,02-6273-7575,서울특별시,중구,"서울특별시 중구 을지로 164 베스트웨스턴호텔국도 지하1층, 3층 (을지로4가)",5,TRUE,TRUE,TRUE,TRUE,TRUE,04548,수도권,126.996298813484,37.5661795200146,11_140
뉴페이스의원,의원,02-2263-7522,02-2263-7522,서울특별시,중구,서울특별시 중구 장충단로13길 7 6층 (을지로6가) ,0,FALSE,FALSE,FALSE,FALSE,FALSE,04564,수도권,127.008181175525,37.5677456759075,11_140
제이에이치제일의원,의원,02-2277-2727,02-2277-2727,서울특별시,중구,서울특별시 중구 퇴계로 244 1~4층 (충무로5가),5,TRUE,TRUE,TRUE,TRUE,TRUE,04619,수도권,126.99902696219,37.5620950874218,11_140
씨에라정동여성의원,의원,02-777-3553,02-777-3553,서울특별시,중구,"서울특별시 중구 서소문로 133 2층 일부, 3층 (서소문동) ",0,FALSE,FALSE,FALSE,FALSE,FALSE,04515,수도권,126.975548626781,37.563890768242,11_140
동대문삼성내과의원,내과의원,02-6951-2225,02-6951-2225,서울특별시,중구,서울특별시 중구 을지로 280-2 FIN TOWER 4~6층 (을지로7가),2,TRUE,FALSE,TRUE,FALSE,FALSE,04565,수도권,127.009041147239,37.5653694165822,11_140
오비오(OVO)산부인과의원,의원,02-2231-0501,02-2231-0501,서울특별시,중구,서울특별시 중구 동호로 179 JYJ빌딩 (신당동) ,0,FALSE,FALSE,FALSE,FALSE,FALSE,04597,수도권,127.010793156815,37.5541548302893,11_140
명동웰니스내과의원,내과의원,02-6959-5791,02-6959-5791,서울특별시,중구,서울특별시 중구 남대문로 84 7층 (남대문로2가) ,5,TRUE,TRUE,TRUE,TRUE,TRUE,04534,수도권,126.98284068814,37.5646814161054,11_140
온여성의원,의원,02-2233-7588,02-2233-7588,서울특별시,중구,"서울특별시 중구 마장로9길 49-9 1,2층 (황학동) ",0,FALSE,FALSE,FALSE,FALSE,FALSE,04571,수도권,127.01882583855,37.5703554533897,11_140
호기내과의원,내과의원,02-2285-2286,02-2285-2286,서울특별시,중구,서울특별시 중구 명동길 56 5층 (명동2가) ,1,TRUE,FALSE,FALSE,FALSE,FALSE,04537,수도권,126.985439761402,37.5637613074329,11_140
브라운산부인과의원,의원,02-775-7100,02-775-7100,서울특별시,중구,서울특별시 중구 무교로 13 휘닉스빌딩 5층 (무교동) ,0,FALSE,FALSE,FALSE,FALSE,FALSE,04520,수도권,126.9790216218,37.5671488075903,11_140
약수내과의원,내과의원,02-2234-1675,02-2234-1675,서울특별시,중구,"서울특별시 중구 동호로 171 그레이스빌딩 5,6층 (신당동) ",5,TRUE,TRUE,TRUE,TRUE,TRUE,04596,수도권,127.011305155237,37.553478403261,11_140
서울센트럴유외과의원,의원,02-6327-6000,02-6327-6000,서울특별시,중구,서울특별시 중구 퇴계로 15 4층 (남대문로5가) ,1,FALSE,FALSE,FALSE,FALSE,TRUE,04527,수도권,126.974564080399,37.5570564090011,11_140
애플산부인과의원,의원,02-775-5071,02-775-5071,서울특별시,중구,서울특별시 중구 명동3길 44 4층 (을지로2가) ,0,FALSE,FALSE,FALSE,FALSE,FALSE,04534,수도권,126.983726048206,37.5656815570877,11_140
연세퍼스티어내과신경과의원,내과의원,02-777-7555,02-777-7555,서울특별시,중구,서울특별시 중구 세종대로 23 창화빌딩 4층 (남대문로5가) ,4,TRUE,TRUE,TRUE,TRUE,FALSE,04512,수도권,126.973844589811,37.5590909738298,11_140
서울송도병원,병원,02-2250-7451,02-2231-0901,서울특별시,중구,서울특별시 중구 다산로 78 송도병원 (신당동) ,5,TRUE,TRUE,TRUE,TRUE,TRUE,04597,수도권,127.008381705394,37.5511665956999,11_140
반도정형외과병원,병원,02-2252-4883,2252-0203,서울특별시,중구,서울특별시 중구 동호로 202 반도정형외과 (신당동) ,5,TRUE,TRUE,TRUE,TRUE,TRUE,04607,수도권,127.010110415753,37.5559931963298,11_140
참바로병원,병원,02-2234-8586,02-2234-8586,서울특별시,중구,"서울특별시 중구 다산로 258 리마크빌 동대문 2,3층 (흥인동) ",4,TRUE,TRUE,TRUE,TRUE,FALSE,04570,수도권,127.016623843671,37.5657948536437,11_140
순천향대학교 부속 서울병원,종합병원,02-709-9456,02-709-9114,서울특별시,용산구,서울특별시 용산구 대사관로 59 (한남동),4,FALSE,TRUE,TRUE,TRUE,TRUE,04401,수도권,127.003878033451,37.5342808357653,11_170
금강아산병원(재단법인 아산사회복지재단),병원,02-799-5160,02-799-5000,서울특별시,용산구,서울특별시 용산구 이촌로 318 (이촌동),4,FALSE,TRUE,TRUE,TRUE,TRUE,04425,수도권,126.98273008257,37.5176798435221,11_170
신경란의원,의원,02-795-3495,02-795-3495,서울특별시,용산구,서울특별시 용산구 우사단로 2-1 2층 (보광동),0,FALSE,FALSE,FALSE,FALSE,FALSE,04414,수도권,126.996917275904,37.5305918901339,11_170
우리가정의원,의원,02-319-4041,02-319-4041,서울특별시,용산구,"서울특별시 용산구 신흥로 149 (후암동, 우리가정의원)",3,TRUE,TRUE,TRUE,FALSE,FALSE,04337,수도권,126.981552244865,37.5464470122715,11_170
최내과의원,내과의원,02-776-4832,776-4832,서울특별시,용산구,"서울특별시 용산구 후암로 9-1 (후암동, 최내과)",4,TRUE,TRUE,TRUE,TRUE,FALSE,04335,수도권,126.978039195353,37.5468501488171,11_170
차내과의원,내과의원,02-756-6858,756-6858,서울특별시,용산구,"서울특별시 용산구 신흥로20길 8 (용산동2가, 차한의원) ",5,TRUE,TRUE,TRUE,TRUE,TRUE,04328,수도권,126.985056518774,37.5461667564402,11_170
연세산부인과의원,의원,02-790-0802,02-790-0802,서울특별시,용산구,"서울특별시 용산구 독서당로 70 301호 (한남동, 현대리버티하우스)",1,FALSE,FALSE,FALSE,FALSE,TRUE,04420,수도권,127.008698229017,37.533599152103,11_170
한빛의원,의원,02-778-0656,02-778-0656,서울특별시,용산구,"서울특별시 용산구 한강대로104길 51 (동자동, 남영빌딩(제1호))",3,TRUE,TRUE,TRUE,FALSE,FALSE,04324,수도권,126.974983863027,37.5505828289778,11_170
김내과의원,내과의원,02-703-2226,02-703-2226,서울특별시,용산구,서울특별시 용산구 백범로51길 6 2~4층 (효창동),5,TRUE,TRUE,TRUE,TRUE,TRUE,04318,수도권,126.959207036317,37.5404354350312,11_170
원효산부인과의원,의원,02-712-5862,02-712-5862,서울특별시,용산구,"서울특별시 용산구 원효로 159 (원효로2가, 원효산부인과)",0,FALSE,FALSE,FALSE,FALSE,FALSE,04363,수도권,126.96062666706,37.5351898427251,11_170
연세중앙내과의원,내과의원,02-794-5017,02-794-5017,서울특별시,용산구,"서울특별시 용산구 한강대로15길 9-18 (한강로3가, 연세중앙내과의원)",4,TRUE,TRUE,TRUE,TRUE,FALSE,04379,수도권,126.963055489889,37.5253513313211,11_170
허스템의원,의원,02-595-9017,02-595-9017,서울특별시,용산구,"서울특별시 용산구 백범로 278 3층 301호 (효창동, 효창빌딩) ",0,FALSE,FALSE,FALSE,FALSE,FALSE,04355,수도권,126.960113360632,37.5396091672843,11_170
명내과의원,내과의원,02-714-1675,02-714-1675,서울특별시,용산구,서울특별시 용산구 백범로 285 (효창동),2,TRUE,FALSE,TRUE,FALSE,FALSE,04318,수도권,126.961087246982,37.5395911118135,11_170
한빛내과의원,내과의원,02-3272-7582,02-3272-7582,서울특별시,용산구,"서울특별시 용산구 효창원로93길 9 한빛빌딩 1,3층 (효창동) ",5,TRUE,TRUE,TRUE,TRUE,TRUE,04311,수도권,126.962832298689,37.5483556045368,11_170
이민재의원,의원,02-792-8575,02-792-8575,서울특별시,용산구,"서울특별시 용산구 이촌로 248 (이촌동,한강맨션 11동상가 203-1)",0,FALSE,FALSE,FALSE,FALSE,FALSE,04426,수도권,126.975025954742,37.5193865878083,11_170
서울삼성내과의원,내과의원,02-793-3387,02-793-5588,서울특별시,용산구,서울특별시 용산구 이촌로 206 국민은행 3~4층 (이촌동),5,TRUE,TRUE,TRUE,TRUE,TRUE,04427,수도권,126.96985513634,37.5208962732342,11_170
김승욱내과의원,내과의원,02-3273-7533,02-3273-7533,서울특별시,용산구,"서울특별시 용산구 만리재로 134 (서계동, 파리바게뜨제과)",4,TRUE,TRUE,TRUE,TRUE,FALSE,04305,수도권,126.962570190199,37.5513452148053,11_170
혜광의원,의원,02-795-3351,02-795-3351,서울특별시,용산구,"서울특별시 용산구 회나무로6길 5 (이태원동, 혜광의원)",1,TRUE,FALSE,FALSE,FALSE,FALSE,04345,수도권,126.988803660883,37.5387059031445,11_170
아이파크몰의원,의원,02-2012-2510,02-2012-2510,서울특별시,용산구,"서울특별시 용산구 한강대로23길 55 (한강로3가, 용산민자역사)",4,TRUE,TRUE,TRUE,TRUE,FALSE,04377,수도권,126.964741503485,37.5297718014452,11_170
트리니티내과의원,내과의원,02-793-7127,02-793-7127,서울특별시,용산구,"서울특별시 용산구 이촌로 224 (이촌동, 리버뷰맨션)",4,TRUE,TRUE,TRUE,TRUE,FALSE,04427,수도권,126.97187711918,37.5201457860245,11_170
봄산부인과의원,의원,02-792-3885,02-792-3885,서울특별시,용산구,"서울특별시 용산구 회나무로13길 5 (이태원동, 혜천상가)",0,FALSE,FALSE,FALSE,FALSE,FALSE,04343,수도권,126.989281479629,37.539534597308,11_170
연세세림내과의원,내과의원,02-706-1199,02-706-1199,서울특별시,용산구,"서울특별시 용산구 효창원로 140 자산빌딩 2,3층 (효창동)",5,TRUE,TRUE,TRUE,TRUE,TRUE,04317,수도권,126.96199433756,37.5403150904039,11_170
대한민국의원,의원,-1644-5275,02-1644-5275,서울특별시,용산구,서울특별시 용산구 청파로47길 7 청파새마을금고 3~5층 (청파동3가) ,5,TRUE,TRUE,TRUE,TRUE,TRUE,04313,수도권,126.97022372294,37.544705770715,11_170
서울류마내과의원,내과의원,02-2077-1278,02-2077-1278,서울특별시,용산구,"서울특별시 용산구 한강대로 109 301호 (한강로2가, 용성비즈텔)",1,TRUE,FALSE,FALSE,FALSE,FALSE,04376,수도권,126.968166439864,37.5300046920783,11_170
하모니여성의원,의원,02-793-3132,02-793-3132,서울특별시,용산구,"서울특별시 용산구 한강대로 69 3층 312-2,313-1호 (한강로2가, 용산푸르지오써밋)",0,FALSE,FALSE,FALSE,FALSE,FALSE,04378,수도권,126.964892234354,37.5270404595814,11_170
다이아산부인과의원,의원,02-713-2226,02-713-2226,서울특별시,용산구,서울특별시 용산구 한강대로 287 2층 (갈월동),0,FALSE,FALSE,FALSE,FALSE,FALSE,04321,수도권,126.971937334906,37.5439052019912,11_170
위(WE)공감내과의원,내과의원,02-712-0988,712-0988,서울특별시,용산구,"서울특별시 용산구 백범로 341 A동 305, 307호 (원효로1가, 리첸시아 용산)",5,TRUE,TRUE,TRUE,TRUE,TRUE,04315,수도권,126.967973433167,37.5379386735674,11_170
홈스피탈내과의원,내과의원,-1566-7566,02-796-7566,서울특별시,용산구,서울특별시 용산구 한남대로 76 한남프라자 5층 (한남동),3,TRUE,TRUE,TRUE,FALSE,FALSE,04418,수도권,127.006549413089,37.5355614904423,11_170
용산더힐내과의원,내과의원,02-713-0990,02-713-0990,서울특별시,용산구,서울특별시 용산구 청파로 251 2층 (청파동3가),4,TRUE,TRUE,TRUE,TRUE,FALSE,04313,수도권,126.970364691772,37.541910094919,11_170
용산성모내과의원,내과의원,02-794-9992,02-794-9992,서울특별시,용산구,서울특별시 용산구 새창로 217 5층 (한강로2가),5,TRUE,TRUE,TRUE,TRUE,TRUE,04376,수도권,126.967776259525,37.5302166820111,11_170
서울영재의원,의원,02-6406-8000,010-8581-7237,서울특별시,용산구,서울특별시 용산구 만리재로 176 2~3층 (서계동),0,FALSE,FALSE,FALSE,FALSE,FALSE,04300,수도권,126.96578305828,37.5539528669629,11_170
닥터효내과의원,내과의원,02-6254-5000,02-6254-5000,서울특별시,용산구,서울특별시 용산구 서빙고로 17 2층 105~107호 (한강로3가),4,TRUE,TRUE,TRUE,TRUE,FALSE,04387,수도권,126.966566172294,37.5269056148241,11_170
서울효창의원,의원,02-702-6292,02-702-6292,서울특별시,용산구,"서울특별시 용산구 백범로 259 (효창동, 1층, 2층) ",0,FALSE,FALSE,FALSE,FALSE,FALSE,04318,수도권,126.958386616227,37.5407790604169,11_170
의료법인 소화의원,의원,02-705-9100,02-705-9000,서울특별시,용산구,서울특별시 용산구 청파로 383 종근당건강빌딩 2층 (서계동) ,5,TRUE,TRUE,TRUE,TRUE,TRUE,04300,수도권,126.968672506577,37.5537686940882,11_170
트레이스산부인과의원,의원,02-717-1077,02-717-1077,서울특별시,용산구,"서울특별시 용산구 백범로 341 에이동 301호 (원효로1가, 리첸시아 용산) ",0,FALSE,FALSE,FALSE,FALSE,FALSE,04315,수도권,126.967973433167,37.5379386735674,11_170
단한가지의원,의원,02-3785-1190,02-3785-1190,서울특별시,용산구,"서울특별시 용산구 서빙고로 17 몰동 2층 2066,2067,2068,2069,2073-2호 (한강로3가) ",1,TRUE,FALSE,FALSE,FALSE,FALSE,04387,수도권,126.966566172294,37.5269056148241,11_170
채움산부인과의원,의원,02-6218-0501,02-6218-0501,서울특별시,용산구,"서울특별시 용산구 서빙고로 17 센트럴파크 2층 2029, 2030, 2031호 (한강로3가) ",0,FALSE,FALSE,FALSE,FALSE,FALSE,04387,수도권,126.966566172294,37.5269056148241,11_170
금강아산병원(재단법인 아산사회복지재단),병원,02-799-5161,02-799-5001,서울특별시,용산구,서울특별시 용산구 이촌로 318 (이촌동),4,FALSE,TRUE,TRUE,TRUE,TRUE,04425,수도권,126.98273008258,37.5176798435221,11_170
한양대학교병원,종합병원,-1577-6382,02-2290-8114,서울특별시,성동구,서울특별시 성동구 왕십리로 222-1 (사근동),4,FALSE,TRUE,TRUE,TRUE,TRUE,04763,수도권,127.045715688792,37.5585815432773,11_200
재단법인베스티안재단베스티안서울병원,종합병원,02-3452-7575,02-3452-7575,서울특별시,성동구,서울특별시 성동구 왕십리로 382 (하왕십리동) ,5,TRUE,TRUE,TRUE,TRUE,TRUE,04701,수도권,127.028019796271,37.5651102845783,11_200
학교법인대진교육재단 제인병원,병원,02-3408-2126,02-3408-2100,서울특별시,성동구,서울특별시 성동구 광나루로 243 (송정동),0,FALSE,FALSE,FALSE,FALSE,FALSE,04802,수도권,127.056943711312,37.5494612677553,11_200
연세슬기병원,병원,02-2281-0010,02-2281-0010,서울특별시,성동구,서울특별시 성동구 무학로2길 8 (도선동),4,TRUE,TRUE,TRUE,TRUE,FALSE,04707,수도권,127.030678010912,37.5642703458178,11_200
9988병원,병원,02-2297-9988,02-2297-9988,서울특별시,성동구,서울특별시 성동구 왕십리로 269 (행당동),4,TRUE,TRUE,TRUE,TRUE,FALSE,04745,수도권,127.037479052118,37.5586057086894,11_200
박산부인과의원,의원,02-2299-2211,02-2299-2211,서울특별시,성동구,"서울특별시 성동구 왕십리로 356 2,3층 (도선동)",0,FALSE,FALSE,FALSE,FALSE,FALSE,04707,수도권,127.030718326071,37.5640450862655,11_200
강내과의원,내과의원,02-2243-3373,02-2243-3373,서울특별시,성동구,서울특별시 성동구 용답중앙15길 2 2층 (용답동),3,TRUE,TRUE,TRUE,FALSE,FALSE,04805,수도권,127.053095664605,37.5638055873065,11_200
박내과의원,내과의원,02-466-7729,02-466-7729,서울특별시,성동구,"서울특별시 성동구 성수일로10길 32 2층 201, 202호 (성수동2가, 창미빌딩)",5,TRUE,TRUE,TRUE,TRUE,TRUE,04793,수도권,127.053396529394,37.5462223931577,11_200
신호균모두드림내과의원,내과의원,02-2295-5312,02-2295-5312,서울특별시,성동구,"서울특별시 성동구 왕십리로 339 4, 5층 (하왕십리동)",5,TRUE,TRUE,TRUE,TRUE,TRUE,04710,수도권,127.032085242674,37.5629076652687,11_200
정희수산부인과의원,의원,02-2234-1049,02-2234-1049,서울특별시,성동구,서울특별시 성동구 독서당로 302 1층 (금호동4가),0,FALSE,FALSE,FALSE,FALSE,FALSE,04737,수도권,127.02273086562,37.5476110768479,11_200
행복한여성의원,의원,02-2292-4411,02-2292-1967,서울특별시,성동구,서울특별시 성동구 왕십리로 309 왕십리역이스타빌 407호 (행당동) ,0,FALSE,FALSE,FALSE,FALSE,FALSE,04715,수도권,127.034582633625,37.5613776986706,11_200
평화의원,의원,02-2282-3004,02-2282-3004,서울특별시,성동구,"서울특별시 성동구 독서당로 302 2층 (금호동4가, 혜성빌딩)",4,TRUE,TRUE,TRUE,TRUE,FALSE,04737,수도권,127.02273086562,37.5476110768479,11_200
자애산부인과의원,의원,02-499-9961,02-499-9961,서울특별시,성동구,"서울특별시 성동구 성덕정길 79 1, 3층 (성수동2가)",0,FALSE,FALSE,FALSE,FALSE,FALSE,04775,수도권,127.052464345168,37.5380195701809,11_200
연합의원,의원,02-2235-6991,02-2235-6991,서울특별시,성동구,서울특별시 성동구 독서당로 307-1 2층 (금호동3가),4,TRUE,TRUE,TRUE,TRUE,FALSE,04730,수도권,127.023025986489,37.5483327196824,11_200
현대서울의원,의원,02-2292-8275,02-2292-8275,서울특별시,성동구,"서울특별시 성동구 마장로 302 2,3,4층 (마장동)",5,TRUE,TRUE,TRUE,TRUE,TRUE,04758,수도권,127.043208744283,37.5659425478425,11_200
서울중앙의원,의원,02-497-9095,02-497-9095,서울특별시,성동구,서울특별시 성동구 왕십리로5길 3 성수1가제2동 공공복합청사 2층 (성수동1가),1,TRUE,FALSE,FALSE,FALSE,FALSE,04768,수도권,127.044349655211,37.5464025531618,11_200
권교선내과의원,내과의원,02-2295-0630,02-2295-0630,서울특별시,성동구,"서울특별시 성동구 장터길 34 301호 (금호동4가, 남지나빌딩)",3,TRUE,TRUE,TRUE,FALSE,FALSE,04725,수도권,127.019612621523,37.5481743997868,11_200
닥터홍가정의학과의원,의원,02-333-8842,02-333-8842,서울특별시,성동구,서울특별시 성동구 한림말1길 16 2층 (옥수동),0,FALSE,FALSE,FALSE,FALSE,FALSE,04735,수도권,127.016469436376,37.5425735483399,11_200
이혜경산부인과의원,의원,02-2282-1588,02-2282-1588,서울특별시,성동구,"서울특별시 성동구 행당로 87 410호 (행당동, 대림리빙프라자)",0,FALSE,FALSE,FALSE,FALSE,FALSE,04713,수도권,127.028544269386,37.5572921201611,11_200
양의원,의원,02-469-3871,02-469-3871,서울특별시,성동구,서울특별시 성동구 아차산로7길 20 2층 (성수동2가),4,TRUE,TRUE,TRUE,TRUE,FALSE,04794,수도권,127.054945670351,37.5468238200462,11_200
행복한내과의원,내과의원,02-496-9933,02-496-9933,서울특별시,성동구,서울특별시 성동구 뚝섬로 390 2층 (성수동2가),2,TRUE,FALSE,FALSE,TRUE,FALSE,04775,수도권,127.053914536971,37.5389439738418,11_200
서울신경외과의원,의원,02-2282-3119,02-2282-3119,서울특별시,성동구,"서울특별시 성동구 독서당로 278 B1, 1, 3층 (금호동4가) ",1,TRUE,FALSE,FALSE,FALSE,FALSE,04737,수도권,127.020362016308,37.5470500065986,11_200
연세유앤외과의원,의원,02-2282-2755,02-2282-2755,서울특별시,성동구,서울특별시 성동구 왕십리로 326 2층 (도선동),1,FALSE,FALSE,FALSE,FALSE,TRUE,04709,수도권,127.033894304026,37.5627268703824,11_200
연세내과의원,내과의원,02-2296-7582,02-2296-7582,서울특별시,성동구,서울특별시 성동구 고산자로 234 8층 (행당동),2,TRUE,FALSE,TRUE,FALSE,FALSE,04744,수도권,127.03526540093,37.5605265052689,11_200
에이플러스(A+)산부인과의원,의원,02-2635-0641,02-2635-0641,서울특별시,성동구,서울특별시 성동구 상원1길 26 서울숲A타워 211호 (성수동1가),0,FALSE,FALSE,FALSE,FALSE,FALSE,04779,수도권,127.048432321547,37.546194350143,11_200
행당외과영상의학과의원,의원,02-2292-7323,02-2292-7323,서울특별시,성동구,"서울특별시 성동구 왕십리로 309 301, 302호 (행당동, 왕십리역이스타빌)",5,TRUE,TRUE,TRUE,TRUE,TRUE,04715,수도권,127.034582633625,37.5613776986706,11_200
마장내과의원,내과의원,02-2088-2215,02-2088-2215,서울특별시,성동구,"서울특별시 성동구 마장로 289 3층 (마장동, 엠디빌딩)",4,TRUE,TRUE,TRUE,TRUE,FALSE,04756,수도권,127.041663337153,37.565880394005,11_200
1삼성탑의원,의원,02-2299-8875,02-2299-8875,서울특별시,성동구,"서울특별시 성동구 고산자로 255 5층 (도선동, 케이-타워)",5,TRUE,TRUE,TRUE,TRUE,TRUE,04709,수도권,127.035699072815,37.5625820889316,11_200
김차현내과의원,내과의원,02-2294-4020,02-2294-4020,서울특별시,성동구,서울특별시 성동구 왕십리로 275 (행당동),3,TRUE,TRUE,TRUE,FALSE,FALSE,04745,수도권,127.03700963059,37.5589181423575,11_200
힘내라내과의원,내과의원,02-2242-8525,02-2242-8525,서울특별시,성동구,"서울특별시 성동구 아차산로 113 삼진빌딩 3층 301,302호 (성수동2가) ",5,TRUE,TRUE,TRUE,TRUE,TRUE,04794,수도권,127.056933860698,37.5446930967018,11_200
제이에스(JS)항외과의원,의원,02-2088-7175,02-2088-7175,서울특별시,성동구,서울특별시 성동구 자동차시장1길 85 2층 (용답동),4,TRUE,TRUE,TRUE,TRUE,FALSE,04808,수도권,127.067148620046,37.5605377248611,11_200
미래연세내과의원,내과의원,02-2292-1120,02-2292-1120,서울특별시,성동구,서울특별시 성동구 금호로 94 2층 203호 (금호동1가),4,TRUE,TRUE,TRUE,FALSE,TRUE,04718,수도권,127.025732509453,37.5516625214755,11_200
장인내과의원,내과의원,02-2295-4005,02-2295-4005,서울특별시,성동구,"서울특별시 성동구 왕십리로 315 5층 (행당동, 한동타워)",5,TRUE,TRUE,TRUE,TRUE,TRUE,04715,수도권,127.034237697854,37.5617210789329,11_200
조창현내과의원,내과의원,02-2297-0406,02-2297-0406,서울특별시,성동구,서울특별시 성동구 독서당로 336 리버마이다스빌 208-211호 (금호동4가),5,TRUE,TRUE,TRUE,TRUE,TRUE,04743,수도권,127.02643049661,37.5477295088459,11_200
애플산부인과의원,의원,02-2298-6200,02-2298-6200,서울특별시,성동구,서울특별시 성동구 왕십리로 315 한동타워 10층 (행당동),0,FALSE,FALSE,FALSE,FALSE,FALSE,04715,수도권,127.034237697854,37.5617210789329,11_200
우리좋은내과의원,내과의원,02-2296-1230,02-2296-1230,서울특별시,성동구,"서울특별시 성동구 왕십리로 410 L동 2층 203, 204호 (하왕십리동, 센트라스)",4,TRUE,TRUE,TRUE,TRUE,FALSE,04701,수도권,127.024082467223,37.5666029325047,11_200
더편한내과의원,내과의원,02-469-1888,02-469-1888,서울특별시,성동구,"서울특별시 성동구 뚝섬로 400 2층 203호 (성수동2가, 뚝섬쇼핑센타)",5,TRUE,TRUE,TRUE,TRUE,TRUE,04776,수도권,127.054998518398,37.5385087414256,11_200
도담가정의학과의원,의원,02-912-0616,912-0616,서울특별시,성동구,서울특별시 성동구 용답중앙15길 12-1 2층 (용답동),0,FALSE,FALSE,FALSE,FALSE,FALSE,04805,수도권,127.053856513732,37.5644524282652,11_200
은준영내과의원,내과의원,02-2138-5678,02-2138-5678,서울특별시,성동구,서울특별시 성동구 아차산로 42 4층 (성수동1가),5,TRUE,TRUE,TRUE,TRUE,TRUE,04779,수도권,127.049100119424,37.5464347311743,11_200
청포도내과예방의학과의원,내과의원,02-2291-8900,02-2291-8900,서울특별시,성동구,서울특별시 성동구 금호로 158-2 2층 (금호동1가),5,TRUE,TRUE,TRUE,TRUE,TRUE,04721,수도권,127.020312584279,37.5550435819643,11_200
삼성제이여성의원,의원,02-2294-7575,02-2294-7575,서울특별시,성동구,서울특별시 성동구 왕십리로 320 W에비뉴타워 403호 (도선동) ,0,FALSE,FALSE,FALSE,FALSE,FALSE,04709,수도권,127.03437221242,37.5623299333488,11_200
서울숲내과의원,내과의원,02-464-9559,02-464-9559,서울특별시,성동구,서울특별시 성동구 왕십리로 50 지하1층 (성수동1가),3,TRUE,TRUE,FALSE,TRUE,FALSE,04778,수도권,127.044975552245,37.5419000229184,11_200
유니스산부인과의원,의원,02-467-3100,02-467-3100,서울특별시,성동구,서울특별시 성동구 아차산로 120 베델 플레이스 8층 (성수동2가),0,FALSE,FALSE,FALSE,FALSE,FALSE,04783,수도권,127.057223283946,37.5439102587684,11_200
박정환내과의원,내과의원,02-2282-2030,02-2282-2030,서울특별시,성동구,"서울특별시 성동구 독서당로 290 1층일부,2,3층 (금호동4가)",4,TRUE,TRUE,TRUE,TRUE,FALSE,04737,수도권,127.021307010831,37.5478094719975,11_200
금호퍼스트내과의원,내과의원,02-2299-0010,02-2299-0010,서울특별시,성동구,서울특별시 성동구 독서당로 302 3층 12호 (금호동4가),5,TRUE,TRUE,TRUE,TRUE,TRUE,04737,수도권,127.02273086562,37.5476110768479,11_200
센트라스 산부인과의원,의원,02-2297-9887,02-2297-9886,서울특별시,성동구,"서울특별시 성동구 왕십리로 410 상가 L동 1층 132호 (하왕십리동, 센트라스)",0,FALSE,FALSE,FALSE,FALSE,FALSE,04701,수도권,127.024082467223,37.5666029325047,11_200
연세더블유산부인과의원,의원,02-2281-0045,02-2281-0045,서울특별시,성동구,서울특별시 성동구 왕십리로 327 4층 (하왕십리동),0,FALSE,FALSE,FALSE,FALSE,FALSE,04715,수도권,127.033224444422,37.5623942326737,11_200
서울으뜸내과의원,내과의원,02-2297-7077,02-2297-7077,서울특별시,성동구,서울특별시 성동구 왕십리로 333 유성빌딩 2층 (하왕십리동),5,TRUE,TRUE,TRUE,TRUE,TRUE,04715,수도권,127.032571064368,37.562723999259,11_200
루미산부인과의원,의원,02-6925-0500,02-6925-0500,서울특별시,성동구,서울특별시 성동구 상원길 26 3층 (성수동1가) ,0,FALSE,FALSE,FALSE,FALSE,FALSE,04779,수도권,127.049082630153,37.546339142457,11_200
금호누리내과의원,내과의원,02-2282-3636,02-2282-3636,서울특별시,성동구,서울특별시 성동구 독서당로 300 2층 (금호동4가) ,5,TRUE,TRUE,TRUE,TRUE,TRUE,04737,수도권,127.022119217387,37.5479592488437,11_200
서울당신의내과의원,내과의원,02-6958-7900,02-6958-7900,서울특별시,성동구,서울특별시 성동구 아차산로7길 15-1 제이제이빌딩 1~2층 (성수동2가) ,5,TRUE,TRUE,TRUE,TRUE,TRUE,04793,수도권,127.054456318551,37.5464486005001,11_200
피어라산부인과의원,의원,02-498-8777,02-498-8777,서울특별시,성동구,서울특별시 성동구 아차산로 113 삼진빌딩 401호 (성수동2가) ,0,FALSE,FALSE,FALSE,FALSE,FALSE,04794,수도권,127.056933860698,37.5446930967018,11_200
금호퀸산부인과의원,의원,02-2291-8687,02-2291-8687,서울특별시,성동구,서울특별시 성동구 독서당로 300 6층 (금호동4가) ,0,FALSE,FALSE,FALSE,FALSE,FALSE,04737,수도권,127.022119217387,37.5479592488437,11_200
의료법인 녹십자의료재단 녹십자아이메드서울숲의원,의원,-1644-0808,1644-0808,서울특별시,성동구,"서울특별시 성동구 왕십리로 241 201동 상가B104호 (행당동, 서울숲 더샵) ",5,TRUE,TRUE,TRUE,TRUE,TRUE,04765,수도권,127.040185257911,37.5571370941693,11_200
학교법인대진교육재단 제인병원,병원,02-3408-2127,02-3408-2101,서울특별시,성동구,서울특별시 성동구 광나루로 243 (송정동),0,FALSE,FALSE,FALSE,FALSE,FALSE,04802,수도권,127.056943711312,37.5494612677553,11_200
연세슬기병원,병원,02-2281-0011,02-2281-0011,서울특별시,성동구,서울특별시 성동구 무학로2길 8 (도선동),4,TRUE,TRUE,TRUE,TRUE,FALSE,04707,수도권,127.030678010912,37.5642703458178,11_200
9988병원,병원,02-2297-9989,02-2297-9989,서울특별시,성동구,서울특별시 성동구 왕십리로 269 (행당동),4,TRUE,TRUE,TRUE,TRUE,FALSE,04745,수도권,127.037479052118,37.5586057086894,11_200
건국대학교병원,종합병원,1588-1533,1588-1533,서울특별시,광진구,서울특별시 광진구 능동로 120-1 (화양동),5,TRUE,TRUE,TRUE,TRUE,TRUE,05030,수도권,127.07205578747,37.5412356316656,11_215
혜민병원,종합병원,02-2049-9000,02-2049-9000,서울특별시,광진구,서울특별시 광진구 자양로 85 (자양동) ,5,TRUE,TRUE,TRUE,TRUE,TRUE,05056,수도권,127.083398686427,37.5354377087993,11_215
서울프라임병원,병원,02-464-2708,02-464-2700,서울특별시,광진구,"서울특별시 광진구 동일로 92-1 B1~2, 2~7층 (자양동)",5,TRUE,TRUE,TRUE,TRUE,TRUE,05071,수도권,127.063590210516,37.5408266646495,11_215
(사)인구보건복지협회 서울지회 가족보건의원,의원,02-467-8913,02-467-8913,서울특별시,광진구,"서울특별시 광진구 긴고랑로13길 62 1층, 2층 (중곡동) ",5,TRUE,TRUE,TRUE,TRUE,TRUE,04908,수도권,127.083208621434,37.5650744665213,11_215
이남희산부인과의원,의원,02-466-1235,02-466-1235,서울특별시,광진구,서울특별시 광진구 면목로 139 이남희산부인과 (중곡동) ,0,FALSE,FALSE,FALSE,FALSE,FALSE,04907,수도권,127.081067077472,37.5658832487368,11_215
성동고려의원,의원,02-453-1104,02-453-1102,서울특별시,광진구,서울특별시 광진구 자양로 43 (자양동),5,TRUE,TRUE,TRUE,TRUE,TRUE,05103,수도권,127.085537581644,37.5317069369082,11_215
신성내과의원,내과의원,02-446-8293,02-446-8293,서울특별시,광진구,서울특별시 광진구 능동로 378 (중곡동),4,TRUE,TRUE,TRUE,TRUE,FALSE,04934,수도권,127.082894408283,37.5629260821753,11_215
권오상산부인과의원,의원,02-454-5353,02-454-5353,서울특별시,광진구,서울특별시 광진구 뚝섬로 590 2층 (자양동) ,0,FALSE,FALSE,FALSE,FALSE,FALSE,05092,수도권,127.075301209905,37.5331352364244,11_215
전영미산부인과의원,의원,02-454-2963,02-454-2963,서울특별시,광진구,서울특별시 광진구 천호대로 635 (중곡동),0,FALSE,FALSE,FALSE,FALSE,FALSE,04931,수도권,127.088333259008,37.554096693392,11_215
독일의원,의원,02-456-2079,02-456-2079,서울특별시,광진구,"서울특별시 광진구 천호대로 561 2층 (중곡동, 영창빌딩)",5,TRUE,TRUE,TRUE,TRUE,TRUE,04929,수도권,127.080667685512,37.5571138531893,11_215
더불어내과의원,내과의원,02-469-7577,02-469-7577,서울특별시,광진구,서울특별시 광진구 긴고랑로 41 2층 (중곡동),3,TRUE,TRUE,TRUE,FALSE,FALSE,04910,수도권,127.080913203054,37.5630110690334,11_215
김종웅내과의원,내과의원,02-455-4038,02-455-4038,서울특별시,광진구,서울특별시 광진구 용마산로 46 2층 (중곡동),5,TRUE,TRUE,TRUE,TRUE,TRUE,04949,수도권,127.088102193113,37.5577750072843,11_215
김신응내과의원,내과의원,02-454-5052,02-454-5080,서울특별시,광진구,서울특별시 광진구 자양로15길 18 (자양동),4,TRUE,TRUE,TRUE,TRUE,FALSE,05055,수도권,127.082545105767,37.535821774302,11_215
어광수가정의학과의원,의원,02-3436-0511,02-3436-0511,서울특별시,광진구,"서울특별시 광진구 아차산로69길 8 지하1,지상2층 (광장동)",5,TRUE,TRUE,TRUE,TRUE,TRUE,04983,수도권,127.09851451272,37.5425085558099,11_215
고려산부인과의원,의원,02-462-7799,02-462-7799,서울특별시,광진구,서울특별시 광진구 광나루로 355 3층 (군자동),0,FALSE,FALSE,FALSE,FALSE,FALSE,05003,수도권,127.069340761342,37.5483783057086,11_215
주명희산부인과의원,의원,02-467-9337,02-467-9337,서울특별시,광진구,서울특별시 광진구 아차산로 215 2층 (화양동),0,FALSE,FALSE,FALSE,FALSE,FALSE,05019,수도권,127.067579020452,37.5412055721888,11_215
조내과의원,내과의원,02-498-6144,02-498-6144,서울특별시,광진구,"서울특별시 광진구 뚝섬로 496 (자양동,(2,3층))",3,TRUE,TRUE,TRUE,FALSE,FALSE,05085,수도권,127.06523936924,37.5359978461343,11_215
라일락산부인과의원,의원,02-446-7557,446-7557,서울특별시,광진구,"서울특별시 광진구 아차산로 375 2층 214호 (구의동, 크레신타워) ",0,FALSE,FALSE,FALSE,FALSE,FALSE,05044,수도권,127.084368022992,37.5370799042659,11_215
서울가정의원,의원,02-469-8050,02-469-8050,서울특별시,광진구,서울특별시 광진구 아차산로29길 51 2층 (화양동),0,FALSE,FALSE,FALSE,FALSE,FALSE,05016,수도권,127.069089678139,37.5431327468547,11_215
퀸산부인과의원,의원,02-457-3575,02-457-3575,서울특별시,광진구,서울특별시 광진구 자양로 65 3층 (자양동),0,FALSE,FALSE,FALSE,FALSE,FALSE,05056,수도권,127.08436627899,37.5336235776274,11_215
이내과의원,내과의원,02-458-6400,02-458-6400,서울특별시,광진구,"서울특별시 광진구 아차산로 502 (광장동,진넥스오딧세이 303호)",4,TRUE,TRUE,TRUE,TRUE,FALSE,04974,수도권,127.097232342773,37.5413567898085,11_215
서울내과의원,내과의원,02-468-8161,02-468-8171,서울특별시,광진구,서울특별시 광진구 광나루로 351 2층 (군자동),5,TRUE,TRUE,TRUE,TRUE,TRUE,05003,수도권,127.068987734507,37.5484223911201,11_215
김영관내과안과의원,내과의원,02-455-5574,455-5574,서울특별시,광진구,서울특별시 광진구 아차산로 506 은석 3층 (광장동),5,TRUE,TRUE,TRUE,TRUE,TRUE,04974,수도권,127.09772551997,37.5414900009194,11_215
지킴내과의원,내과의원,02-2201-2210,02-2201-2210,서울특별시,광진구,"서울특별시 광진구 광나루로 614 (구의동,만택빌딩 3층)",5,TRUE,TRUE,TRUE,TRUE,TRUE,05117,수도권,127.09583385236,37.5407914746361,11_215
큰열매여성의원,의원,02-454-3572,454-3576,서울특별시,광진구,서울특별시 광진구 용마산로 23 1.2.3층 (중곡동),2,TRUE,FALSE,TRUE,FALSE,FALSE,04931,수도권,127.087932308087,37.5557468091012,11_215
화양본내과의원,내과의원,02-464-4177,02-464-4177,서울특별시,광진구,서울특별시 광진구 군자로 73 (군자동),5,TRUE,TRUE,TRUE,TRUE,TRUE,05002,수도권,127.07059459317,37.5496872541036,11_215
늘좋은내과의원,내과의원,02-462-4620,462-7832,서울특별시,광진구,"서울특별시 광진구 천호대로 536 서림빌딩 1,2층 (군자동) ",5,TRUE,TRUE,TRUE,TRUE,TRUE,04996,수도권,127.077601284677,37.5575365839492,11_215
길내과의원,내과의원,02-456-8197,02-456-8197,서울특별시,광진구,서울특별시 광진구 광나루로56길 34 (구의동),3,TRUE,TRUE,TRUE,FALSE,FALSE,05118,수도권,127.096635162056,37.5381404407348,11_215
서울내외의원,의원,02-450-0320,02-456-7002,서울특별시,광진구,서울특별시 광진구 구의강변로 99 (구의동),5,TRUE,TRUE,TRUE,TRUE,TRUE,05047,수도권,127.09383412988,37.5395258245316,11_215
프리마여성의원,의원,02-455-1366,02-455-1356,서울특별시,광진구,"서울특별시 광진구 자양로 109 2층 201호 (자양동, 구의현대홈시티)",0,FALSE,FALSE,FALSE,FALSE,FALSE,05026,수도권,127.083099910723,37.5374066951935,11_215
박상내과의원,내과의원,02-458-2727,02-458-2727,서울특별시,광진구,서울특별시 광진구 뚝섬로 587 2층 (자양동),4,TRUE,TRUE,TRUE,TRUE,FALSE,05068,수도권,127.075408022106,37.533480702088,11_215
항석내과의원,내과의원,02-454-9114,02-454-9114,서울특별시,광진구,서울특별시 광진구 자양로 201 (구의동),5,TRUE,TRUE,TRUE,TRUE,TRUE,04991,수도권,127.085384289312,37.5456068642204,11_215
소연산부인과의원,의원,02-469-9777,02-469-9777,서울특별시,광진구,"서울특별시 광진구 능동로 103 4층 2호 (화양동, 동서빌딩)",0,FALSE,FALSE,FALSE,FALSE,FALSE,05017,수도권,127.07050713429,37.5403340350698,11_215
건대와이(Y)산부인과의원,의원,02-461-8120,02-461-8120,서울특별시,광진구,서울특별시 광진구 능동로 111 5층 (화양동),0,FALSE,FALSE,FALSE,FALSE,FALSE,05017,수도권,127.07085938264,37.5410629132034,11_215
삼성열린내과의원,내과의원,02-456-8575,02-456-8575,서울특별시,광진구,서울특별시 광진구 용마산로 8 2층 (중곡동),4,TRUE,TRUE,TRUE,TRUE,FALSE,04953,수도권,127.088728982642,37.5542569544458,11_215
참사랑가정의학과의원,의원,02-2201-6663,02-2201-6663,서울특별시,광진구,서울특별시 광진구 자양로15길 9 (자양동),0,FALSE,FALSE,FALSE,FALSE,FALSE,05056,수도권,127.083010085413,37.5357849578589,11_215
고은가정의학과의원,의원,02-463-3159,463-3159,서울특별시,광진구,"서울특별시 광진구 능동로13길 11 2,3층 (화양동) ",0,FALSE,FALSE,FALSE,FALSE,FALSE,05017,수도권,127.071049741936,37.5426534234189,11_215
서울삼성내과의원,내과의원,02-455-6254,02-455-6254,서울특별시,광진구,서울특별시 광진구 자양로 95 4층 (자양동),1,TRUE,FALSE,FALSE,FALSE,FALSE,05055,수도권,127.083201674013,37.5362251419146,11_215
군자건항외과의원,의원,02-444-8275,02-444-8275,서울특별시,광진구,서울특별시 광진구 천호대로 561 5층 (중곡동),3,TRUE,TRUE,FALSE,TRUE,FALSE,04929,수도권,127.080667685512,37.5571138531893,11_215
가족애내과의원,내과의원,02-455-2859,02-455-2859,서울특별시,광진구,서울특별시 광진구 뚝섬로 558 2층 (자양동),4,TRUE,TRUE,TRUE,TRUE,FALSE,05091,수도권,127.071843016145,37.5341117330817,11_215
늘푸른연세의원,의원,02-461-2598,02-461-2598,서울특별시,광진구,서울특별시 광진구 뚝섬로27길 65 2층 (자양동),0,FALSE,FALSE,FALSE,FALSE,FALSE,05078,수도권,127.066717078229,37.5387199334126,11_215
주민내과의원,내과의원,02-498-4353,02-498-4353,서울특별시,광진구,서울특별시 광진구 뚝섬로 533 2층 (자양동),4,TRUE,TRUE,TRUE,TRUE,FALSE,05070,수도권,127.069529253887,37.5351794522591,11_215
주함외과의원,의원,02-466-1515,02-466-1515,서울특별시,광진구,서울특별시 광진구 능동로 409 2.3층 (중곡동),5,TRUE,TRUE,TRUE,TRUE,TRUE,04908,수도권,127.083812284326,37.5656080597832,11_215
강남훈내과의원,내과의원,02-3437-7582,02-3437-7582,서울특별시,광진구,"서울특별시 광진구 뚝섬로56길 46 2층 (자양동, 근정빌딩)",4,TRUE,TRUE,TRUE,TRUE,FALSE,05101,수도권,127.082618407163,37.5292433352228,11_215
한우식내과의원,내과의원,02-464-2300,02-464-2300,서울특별시,광진구,"서울특별시 광진구 천호대로 517 201,202호 (중곡동, 리마크빌 군자) ",4,TRUE,TRUE,TRUE,TRUE,FALSE,04920,수도권,127.076249404252,37.5588819324758,11_215
365류마고내과의원,내과의원,02-458-7588,458-7588,서울특별시,광진구,서울특별시 광진구 광나루로56길 63 프라임프라자 501~503호 (구의동) ,5,TRUE,TRUE,TRUE,TRUE,TRUE,05119,수도권,127.096160584389,37.5367887874337,11_215
이(e)서울내과의원,내과의원,02-458-0075,02-456-0075,서울특별시,광진구,서울특별시 광진구 용마산로 5 2.3층 (중곡동),5,TRUE,TRUE,TRUE,TRUE,TRUE,04931,수도권,127.088228827878,37.554214712054,11_215
김형준가정의학과의원,의원,02-447-9009,02-447-9009,서울특별시,광진구,서울특별시 광진구 자양로 160 2층 (구의동),4,TRUE,TRUE,TRUE,TRUE,FALSE,05039,수도권,127.084235613044,37.5418814269068,11_215
화양영상의학과의원,의원,02-461-1212,02-461-1212,서울특별시,광진구,"서울특별시 광진구 광나루로 436 2,3층 (화양동)",4,TRUE,FALSE,TRUE,TRUE,TRUE,05022,수도권,127.077730323181,37.5455667402935,11_215
로앤산부인과의원,의원,02-469-3003,02-469-3003,서울특별시,광진구,"서울특별시 광진구 아차산로 241 7층 (화양동, 연한빌딩)",0,FALSE,FALSE,FALSE,FALSE,FALSE,05017,수도권,127.070150304742,37.5405050771385,11_215
서울엠비(MB)내과의원,내과의원,02-466-9100,02-466-9100,서울특별시,광진구,"서울특별시 광진구 능동로 18 (자양동, 이튼타워 3차 113호,114호,116호,117호)",5,TRUE,TRUE,TRUE,TRUE,TRUE,05096,수도권,127.067878953418,37.532681666917,11_215
SC제일산부인과의원,의원,02-447-3111,02-447-3111,서울특별시,광진구,서울특별시 광진구 광나루로 506 (구의동),1,FALSE,FALSE,FALSE,FALSE,TRUE,05031,수도권,127.085664922443,37.5447170145947,11_215
이(e)누리내과의원,내과의원,02-462-5558,02-462-5558,서울특별시,광진구,"서울특별시 광진구 아차산로 241 502호 (화양동, 연한빌딩)",5,TRUE,TRUE,TRUE,TRUE,TRUE,05017,수도권,127.070150304742,37.5405050771385,11_215
비타민의원,의원,02-446-8881,02-446-8881,서울특별시,광진구,서울특별시 광진구 천호대로 671 파크타운 204호 (구의동),4,TRUE,TRUE,TRUE,TRUE,FALSE,04954,수도권,127.090532462896,37.5513392358641,11_215
김숙희여성의원,의원,02-467-8275,02-467-8275,서울특별시,광진구,서울특별시 광진구 광나루로 360 2층 (화양동),0,FALSE,FALSE,FALSE,FALSE,FALSE,05008,수도권,127.069943670777,37.5478712285124,11_215
중곡제일내과의원,내과의원,02-499-8275,02-499-8275,서울특별시,광진구,"서울특별시 광진구 면목로 127 2층 205,207,208호 (중곡동, 신성그랜드타워)",4,TRUE,TRUE,TRUE,TRUE,FALSE,04911,수도권,127.080415923364,37.5650621660135,11_215
고려H내과의원,내과의원,02-3437-3337,02-3437-3337,서울특별시,광진구,"서울특별시 광진구 아차산로 373 3층 (구의동, 원이빌딩)",5,TRUE,TRUE,TRUE,TRUE,TRUE,05044,수도권,127.084032696421,37.5370119376395,11_215
수가정의학과의원,의원,02-3436-1117,02-3436-1117,서울특별시,광진구,"서울특별시 광진구 아차산로 502 2층 205호 (광장동, 진넥스 오딧세이)",4,TRUE,TRUE,TRUE,TRUE,FALSE,04974,수도권,127.097232342773,37.5413567898085,11_215
서울굿모닝내과의원,내과의원,02-452-3434,02-452-3434,서울특별시,광진구,서울특별시 광진구 뚝섬로 595 2층 (자양동),5,TRUE,TRUE,TRUE,TRUE,TRUE,05064,수도권,127.076200292098,37.5332088120956,11_215
아산한빛의원,의원,02-444-5764,02-444-5764,서울특별시,광진구,서울특별시 광진구 자양로 42 3층 (자양동),5,TRUE,TRUE,TRUE,TRUE,TRUE,05112,수도권,127.086094632545,37.5319692640161,11_215
아산박내과의원,내과의원,02-464-1960,02-464-1960,서울특별시,광진구,서울특별시 광진구 뚝섬로 498 서울클리닉빌딩 2층 (자양동),0,FALSE,FALSE,FALSE,FALSE,FALSE,05085,수도권,127.065399264524,37.5358945030393,11_215
워커힐여성의원,의원,02-447-4701,02-447-4701,서울특별시,광진구,"서울특별시 광진구 천호대로 666 1층 104호, 106-1호 (구의동)",0,FALSE,FALSE,FALSE,FALSE,FALSE,04991,수도권,127.08931299554,37.5513571934247,11_215
세종스포츠정형외과의원,의원,02-2244-5161,02-2244-5161,서울특별시,광진구,서울특별시 광진구 능동로 209 세종대학교 대양AI센터 1~2층 (군자동),2,TRUE,FALSE,TRUE,FALSE,FALSE,05006,수도권,127.07318364213,37.5516093089619,11_215
삼성신내과의원,내과의원,02-469-0114,02-469-0114,서울특별시,광진구,서울특별시 광진구 아차산로 208 상록빌딩 2층 (자양동) ,2,TRUE,FALSE,TRUE,FALSE,FALSE,05072,수도권,127.066489240108,37.5410609496687,11_215
그대의봄여성의원,의원,02-6223-0920,02-6223-0920,서울특별시,광진구,서울특별시 광진구 능동로 290 삼일빌딩 2층 (능동),0,FALSE,FALSE,FALSE,FALSE,FALSE,04985,수도권,127.078979184085,37.5555832993412,11_215
시원누리내과의원,내과의원,02-2088-5088,02-2088-5088,서울특별시,광진구,서울특별시 광진구 천호대로 670 썬-타워빌딩 4층 (구의동),5,TRUE,TRUE,TRUE,TRUE,TRUE,04992,수도권,127.089588917588,37.5510907394851,11_215
서울건강내과의원,내과의원,02-456-7542,02-456-7542,서울특별시,광진구,서울특별시 광진구 자양로15길 51-1 진덕빌딩 2층 (자양동),4,TRUE,TRUE,TRUE,TRUE,FALSE,05057,수도권,127.080749556055,37.5351245601417,11_215
성모푸른내과의원,내과의원,02-6094-7575,02-6094-7575,서울특별시,광진구,서울특별시 광진구 구의로 7 2층 (구의동),4,TRUE,TRUE,TRUE,TRUE,FALSE,05044,수도권,127.089069338501,37.538605539146,11_215
은유외과의원,의원,02-464-6879,02-464-6879,서울특별시,광진구,서울특별시 광진구 아차산로 219 삼영빌딩 3층 (화양동) ,1,FALSE,FALSE,FALSE,FALSE,TRUE,05019,수도권,127.067932095125,37.5411260816338,11_215
연세박윤혜내과의원,내과의원,02-465-8275,02-465-8275,서울특별시,광진구,"서울특별시 광진구 능동로 313 4,5층 (중곡동) ",5,TRUE,TRUE,TRUE,TRUE,TRUE,04919,수도권,127.079479358802,37.5577717562884,11_215
구의센트럴내과의원,내과의원,02-455-0119,02-455-0119,서울특별시,광진구,서울특별시 광진구 아차산로 361 3층 (자양동) ,5,TRUE,TRUE,TRUE,TRUE,TRUE,05026,수도권,127.082882513481,37.5369583300766,11_215
올유메디컬의원,의원,02-467-8288,02-467-8288,서울특별시,광진구,서울특별시 광진구 능동로 295 2층 (군자동) ,5,TRUE,TRUE,TRUE,TRUE,TRUE,04997,수도권,127.07844286512,37.5561330850616,11_215
루트여성의원,의원,02-6958-5755,02-6958-5755,서울특별시,광진구,"서울특별시 광진구 능동로 261 지하1층, 2~6층 (군자동) ",3,TRUE,FALSE,TRUE,FALSE,TRUE,04998,수도권,127.07715348851,37.5535168972189,11_215
구의베스트내과의원,내과의원,02-3437-9201,02-3437-9201,서울특별시,광진구,"서울특별시 광진구 아차산로 431 상가1동 201B,202,203,204호 (구의동, 강변에스케이뷰) ",5,TRUE,TRUE,TRUE,TRUE,TRUE,05045,수도권,127.090190805314,37.5386539726559,11_215
이유여성의원,의원,02-6958-7675,02-6958-7675,서울특별시,광진구,"서울특별시 광진구 능동로 81 더 라움 펜트하우스 2층 216,217호 (자양동) ",0,FALSE,FALSE,FALSE,FALSE,FALSE,05073,수도권,127.069313155594,37.5383623629598,11_215
아톰정형외과의원,의원,02-452-7252,02-452-7252,서울특별시,광진구,서울특별시 광진구 자양로 143 1층 (자양동) ,1,TRUE,FALSE,FALSE,FALSE,FALSE,05025,수도권,127.083157694095,37.5405342955368,11_215
경희아산내과의원,내과의원,02-6954-2448,02-6954-2448,서울특별시,광진구,서울특별시 광진구 뚝섬로 644 2층 (자양동) ,4,TRUE,TRUE,TRUE,TRUE,FALSE,05101,수도권,127.081019614684,37.5314521662119,11_215
연세스카이내과의원,내과의원,02-6218-0100,02-6218-0100,서울특별시,광진구,서울특별시 광진구 아차산로 563 대한제지(주) 사옥 602호 (광장동) ,5,TRUE,TRUE,TRUE,TRUE,TRUE,04983,수도권,127.10293064906,37.5441340657514,11_215
서울프라임병원,병원,02-464-2709,02-464-2701,서울특별시,광진구,"서울특별시 광진구 동일로 92-1 B1~2, 2~7층 (자양동)",5,TRUE,TRUE,TRUE,TRUE,TRUE,05071,수도권,127.063590210516,37.5408266646495,11_215
서울특별시 동부병원,종합병원,02-920-9199,02-920-9114,서울특별시,동대문구,서울특별시 동대문구 무학로 124 (용두동) ,5,TRUE,TRUE,TRUE,TRUE,TRUE,02584,수도권,127.031512678311,37.5753539913466,11_230
삼육서울병원,종합병원,02-2210-3157,02-2244-0191,서울특별시,동대문구,서울특별시 동대문구 망우로 82 (휘경동),4,FALSE,TRUE,TRUE,TRUE,TRUE,02500,수도권,127.06355328121,37.5862119387672,11_230
경희대학교병원,종합병원,02-958-9988,02-958-8114,서울특별시,동대문구,서울특별시 동대문구 경희대로 23 (회기동),4,FALSE,TRUE,TRUE,TRUE,TRUE,02447,수도권,127.050741696591,37.5937762050989,11_230
서울성심병원,종합병원,02-966-1616,02-966-1616,서울특별시,동대문구,서울특별시 동대문구 왕산로 259 서울성심병원 (청량리동),5,TRUE,TRUE,TRUE,TRUE,TRUE,02488,수도권,127.049819830411,37.5841890473051,11_230
코리아병원,병원,02-2281-9999,02-2281-9999,서울특별시,동대문구,서울특별시 동대문구 장한로 143 (장안동),3,TRUE,TRUE,TRUE,FALSE,FALSE,02528,수도권,127.071518871889,37.5731976621686,11_230
영동병원,병원,02-469-0019,02-469-0019,서울특별시,동대문구,"서울특별시 동대문구 한천로 4 (장안동,외1필지(413-8))",4,TRUE,TRUE,TRUE,TRUE,FALSE,02633,수도권,127.058553733243,37.5632449294324,11_230
참튼튼병원,병원,-1588-7562,1588-7562,서울특별시,동대문구,서울특별시 동대문구 답십리로 261 (장안동),4,TRUE,TRUE,TRUE,TRUE,FALSE,02530,수도권,127.069359147079,37.572732776108,11_230
린여성병원,병원,02-2244-1212,2244-1212,서울특별시,동대문구,서울특별시 동대문구 답십리로 266 파워스빌딩 (장안동),5,TRUE,TRUE,TRUE,TRUE,TRUE,02624,수도권,127.069844464433,37.5722812717492,11_230
하늘병원,병원,070-4342-6738,02-2246-8750,서울특별시,동대문구,서울특별시 동대문구 천호대로 317 하늘병원 (답십리동),5,TRUE,TRUE,TRUE,TRUE,TRUE,02622,수도권,127.055634655029,37.565178527398,11_230
서울나은병원,병원,02-6714-9500,02-1544-6003,서울특별시,동대문구,서울특별시 동대문구 왕산로 137 (제기동),4,TRUE,TRUE,TRUE,TRUE,FALSE,02571,수도권,5481.044478812822,4655395.278003984,11_230
엔플러스병원,병원,02-6235-7575,02-6235-7575,서울특별시,동대문구,서울특별시 동대문구 장한로32길 7 장안동의료시설 (장안동),5,TRUE,TRUE,TRUE,TRUE,TRUE,02522,수도권,127.072583233437,37.5754686901664,11_230
이연희산부인과의원,의원,02-2248-6898,02-2248-6898,서울특별시,동대문구,서울특별시 동대문구 사가정로 207 (장안동),0,FALSE,FALSE,FALSE,FALSE,FALSE,02509,수도권,127.068016203955,37.5788925747579,11_230
최정애산부인과의원,의원,02-2214-3727,02-2214-3727,서울특별시,동대문구,서울특별시 동대문구 전농로 62 2층 (답십리동),0,FALSE,FALSE,FALSE,FALSE,FALSE,02615,수도권,127.057444341338,37.570383613559,11_230
황인규산부인과의원,의원,02-2242-8700,02-2242-8700,서울특별시,동대문구,서울특별시 동대문구 천호대로 295 (답십리동),0,FALSE,FALSE,FALSE,FALSE,FALSE,02604,수도권,127.053852977095,37.5664577767003,11_230
허성욱내과의원,내과의원,02-2249-5525,02-2249-5525,서울특별시,동대문구,서울특별시 동대문구 장한로 119 301호 (장안동),1,TRUE,FALSE,FALSE,FALSE,FALSE,02624,수도권,127.070212938267,37.571449705126,11_230
윤명진윤나리내과의원,내과의원,02-960-3577,02-960-3577,서울특별시,동대문구,서울특별시 동대문구 이문로30길 20 2층 (이문동) ,4,TRUE,TRUE,TRUE,TRUE,FALSE,02419,수도권,127.061228467489,37.5964929459066,11_230
새서울외과의원,의원,02-2242-3631,02-2242-3631,서울특별시,동대문구,서울특별시 동대문구 장한로 144 (장안동),1,TRUE,FALSE,FALSE,FALSE,FALSE,02523,수도권,127.072120365569,37.5731435969532,11_230
서울연세의원,의원,02-966-1612,02-966-1612,서울특별시,동대문구,"서울특별시 동대문구 이문로 188 2,3층 (이문동)",3,TRUE,FALSE,TRUE,TRUE,FALSE,02406,수도권,127.062236443108,37.6033702213214,11_230
한국건강관리협회건강증진의원,의원,02-3290-9800,,서울특별시,동대문구,서울특별시 동대문구 왕산로 78 지하1층~지상7층 (용두동),5,TRUE,TRUE,TRUE,TRUE,TRUE,02584,수도권,127.031977933743,37.5777111378381,11_230
혜성플러스의원,의원,02-2214-0022,02-2244-6356,서울특별시,동대문구,"서울특별시 동대문구 장한로 14 1,2,3층 (장안동)",1,TRUE,FALSE,FALSE,FALSE,FALSE,02644,수도권,127.065754693542,37.5626109816786,11_230
재단법인씨젠의료재단 씨젠의원,의원,02-2218-9357,02-2244-6500,서울특별시,동대문구,"서울특별시 동대문구 답십리로 288 씨젠메디칼타워 지하1층, 지상5층, 8~19층 (장안동) ",1,TRUE,FALSE,FALSE,FALSE,FALSE,02637,수도권,127.072354312103,37.5719341385201,11_230
유진내과의원,내과의원,02-969-7670,02-969-7670,서울특별시,동대문구,서울특별시 동대문구 약령시로 108 2층 (제기동) ,3,TRUE,TRUE,TRUE,FALSE,FALSE,02572,수도권,127.041835381533,37.5828729127631,11_230
최은림산부인과의원,의원,02-2217-5614,02-2217-5614,서울특별시,동대문구,"서울특별시 동대문구 사가정로 122 308, 309호 (전농동, 전농동하우스토리)",0,FALSE,FALSE,FALSE,FALSE,FALSE,02531,수도권,127.058517800585,37.5772114550055,11_230
현대중앙의원,의원,02-2244-9600,02-2244-9600,서울특별시,동대문구,"서울특별시 동대문구 사가정로 110 1, 2, 3층 (전농동)",4,TRUE,TRUE,TRUE,TRUE,FALSE,02539,수도권,127.057280978196,37.5770064547491,11_230
김현우내과의원,내과의원,02-2215-9964,02-2215-9964,서울특별시,동대문구,서울특별시 동대문구 전농로 124 2층 (전농동) ,5,TRUE,TRUE,TRUE,TRUE,TRUE,02531,수도권,127.057948964709,37.5762219934037,11_230
주정형외과의원,의원,02-2238-8448,02-2238-8448,서울특별시,동대문구,"서울특별시 동대문구 서울시립대로 50 4,5층 (전농동)",1,TRUE,FALSE,FALSE,FALSE,FALSE,02594,수도권,127.047621034272,37.5756385323789,11_230
보인내과의원,내과의원,02-966-0242,02-966-0242,서울특별시,동대문구,"서울특별시 동대문구 이문로 119 보인빌딩 4, 5층 (이문동) ",3,TRUE,TRUE,TRUE,FALSE,FALSE,02450,수도권,127.06068519121,37.5975028771774,11_230
이성배내과의원,내과의원,02-2242-8275,02-2242-8275,서울특별시,동대문구,서울특별시 동대문구 사가정로25길 66 2층 (장안동),3,TRUE,TRUE,TRUE,FALSE,FALSE,02514,수도권,127.071246436166,37.5816724873141,11_230
김흥기산부인과의원,의원,02-957-2224,02-957-2224,서울특별시,동대문구,서울특별시 동대문구 왕산로 183 3층 (청량리동),0,FALSE,FALSE,FALSE,FALSE,FALSE,02573,수도권,127.043578527298,37.5799193656574,11_230
우리외과의원,의원,02-2215-5275,02-2215-5275,서울특별시,동대문구,서울특별시 동대문구 서울시립대로 41 (전농동),3,TRUE,TRUE,FALSE,TRUE,FALSE,02591,수도권,127.046558174576,37.5752936952518,11_230
조은내과의원,내과의원,02-2245-2227,02-2245-2227,서울특별시,동대문구,"서울특별시 동대문구 사가정로 207 204, 205호 (장안동)",3,TRUE,TRUE,TRUE,FALSE,FALSE,02509,수도권,127.068016203955,37.5788925747579,11_230
휘경우리들내과의원,내과의원,02-957-0282,957-0282,서울특별시,동대문구,서울특별시 동대문구 약령시로 133 3층 (청량리동) ,4,TRUE,TRUE,TRUE,TRUE,FALSE,02484,수도권,127.044745762835,37.5833853215255,11_230
미즈아인산부인과의원,의원,02-965-7770,02-965-7770,서울특별시,동대문구,서울특별시 동대문구 약령시로 133 2층 (청량리동) ,0,FALSE,FALSE,FALSE,FALSE,FALSE,02484,수도권,127.044745762835,37.5833853215255,11_230
궁산부인과의원,의원,02-2244-8855,2244-8855,서울특별시,동대문구,서울특별시 동대문구 장한로 3 승원빌딩 7층 (장안동) ,0,FALSE,FALSE,FALSE,FALSE,FALSE,02633,수도권,127.064573772246,37.5621355469546,11_230
고은산부인과의원,의원,02-960-2164,02-960-2164,서울특별시,동대문구,서울특별시 동대문구 이문로 32 2층 (휘경동),0,FALSE,FALSE,FALSE,FALSE,FALSE,02445,수도권,127.056278989218,37.5902370310645,11_230
참조은내과의원,내과의원,02-6405-8275,6405-8275,서울특별시,동대문구,"서울특별시 동대문구 망우로 123 2층 (휘경동, 휘경메디컬프라자)",4,TRUE,TRUE,TRUE,TRUE,FALSE,02436,수도권,127.06659655052,37.591711720367,11_230
예진산부인과의원,의원,02-3295-5952,02-3295-5952,서울특별시,동대문구,서울특별시 동대문구 왕산로 179 2층 (제기동),0,FALSE,FALSE,FALSE,FALSE,FALSE,02572,수도권,127.042953862107,37.5797739940038,11_230
다정산부인과의원,의원,02-2247-2967,02-2247-2967,서울특별시,동대문구,서울특별시 동대문구 장한로 10 3층 (장안동),0,FALSE,FALSE,FALSE,FALSE,FALSE,02644,수도권,127.065498788097,37.5623569528356,11_230
속튼튼내과의원,내과의원,02-3394-8175,02-3394-8175,서울특별시,동대문구,서울특별시 동대문구 장한로25길 2 4층 (장안동),5,TRUE,TRUE,TRUE,TRUE,TRUE,02624,수도권,127.071122094113,37.5718765929284,11_230
허내과의원,내과의원,02-959-0011,02-959-0011,서울특별시,동대문구,"서울특별시 동대문구 이문로 136 2층 F11호, F12호 (이문동, 이문동웰츠타워)",4,TRUE,TRUE,TRUE,TRUE,FALSE,02418,수도권,127.061872724933,37.5984809170412,11_230
늘편한내과의원,내과의원,02-6071-1227,02-6071-1227,서울특별시,동대문구,서울특별시 동대문구 전농로 73-17 (답십리동),0,FALSE,FALSE,FALSE,FALSE,FALSE,02599,수도권,127.056192365869,37.5714005386636,11_230
건강한우리내과의원,내과의원,02-967-0012,02-967-0011,서울특별시,동대문구,서울특별시 동대문구 왕산로 176 3층 (전농동),5,TRUE,TRUE,TRUE,TRUE,TRUE,02559,수도권,127.043012785781,37.5792781556077,11_230
사랑내과의원,내과의원,02-962-9175,02-962-9175,서울특별시,동대문구,서울특별시 동대문구 회기로 173 2층 (회기동),4,TRUE,TRUE,TRUE,TRUE,FALSE,02452,수도권,127.055501670462,37.5905120215502,11_230
연세하나산부인과의원,의원,02-733-7533,02-733-7533,서울특별시,동대문구,서울특별시 동대문구 왕산로 21 민족통일대통령빌딩 4층 401호 (신설동) ,0,FALSE,FALSE,FALSE,FALSE,FALSE,02580,수도권,127.025796515924,37.5768030967407,11_230
더원외과의원,의원,02-967-7575,02-967-7575,서울특별시,동대문구,"서울특별시 동대문구 왕산로32길 7 5층 (용두동, BYC 청량리 오피스텔)",4,TRUE,TRUE,TRUE,TRUE,FALSE,02560,수도권,127.04179615724,37.5787296170106,11_230
여자의봄산부인과의원,의원,02-6959-6616,02-6959-6616,서울특별시,동대문구,서울특별시 동대문구 왕산로 176 4층 (전농동),0,FALSE,FALSE,FALSE,FALSE,FALSE,02559,수도권,127.043012785781,37.5792781556077,11_230
동안비전내과의원,내과의원,02-969-0119,02-969-0119,서울특별시,동대문구,"서울특별시 동대문구 이문로 88 2층 201, 202호 (이문동)",5,TRUE,TRUE,TRUE,TRUE,TRUE,02440,수도권,127.059408344046,37.5946710804233,11_230
서울메디투어의원,의원,02-544-1219,02-544-1219,서울특별시,동대문구,서울특별시 동대문구 장한로 10 조광빌딩 (장안동),4,FALSE,TRUE,TRUE,TRUE,TRUE,02644,수도권,127.065498788097,37.5623569528356,11_230
오승현내과의원,내과의원,02-2088-1121,02-2088-1121,서울특별시,동대문구,서울특별시 동대문구 천호대로 313 네모313빌딩 2층 (답십리동),5,TRUE,TRUE,TRUE,TRUE,TRUE,02622,수도권,127.055308303617,37.5654438438652,11_230
뮤여성의원,의원,02-2241-7582,02-2241-7582,서울특별시,동대문구,서울특별시 동대문구 고미술로 81 3층 (답십리동),0,FALSE,FALSE,FALSE,FALSE,FALSE,02622,수도권,127.055721897581,37.5656002424883,11_230
늘품위내과의원,내과의원,02-2088-1383,02-2088-1383,서울특별시,동대문구,서울특별시 동대문구 답십리로 273 한양빌딩 5층 (장안동),4,TRUE,TRUE,TRUE,TRUE,FALSE,02530,수도권,127.070822317885,37.5726844249689,11_230
우리안애내과의원,내과의원,02-2216-1566,02-2216-1566,서울특별시,동대문구,서울특별시 동대문구 전농로 36 답십리포레스트스퀘어 4층 401호 (답십리동),4,TRUE,TRUE,TRUE,TRUE,FALSE,02615,수도권,127.057406070901,37.5680105003259,11_230
빛나는여성의원,의원,02-6956-4365,02-6956-4365,서울특별시,동대문구,서울특별시 동대문구 천호대로 313 네모313빌딩 3층 (답십리동),0,FALSE,FALSE,FALSE,FALSE,FALSE,02622,수도권,127.055308303617,37.5654438438652,11_230
세기가정의학과의원,의원,02-3394-4554,02-3394-4554,서울특별시,동대문구,"서울특별시 동대문구 답십리로 140 세기프라자 2층 204, 205일부호 (답십리동)",1,TRUE,FALSE,FALSE,FALSE,FALSE,02598,수도권,127.055597303756,37.5724894025765,11_230
큰길내과의원,내과의원,02-2215-7585,02-2215-7585,서울특별시,동대문구,"서울특별시 동대문구 천호대로 273 5,6층 (답십리동) ",5,TRUE,TRUE,TRUE,TRUE,TRUE,02603,수도권,127.052048442916,37.5678368392544,11_230
경희임내과의원,내과의원,02-960-1080,02-960-1080,서울특별시,동대문구,"서울특별시 동대문구 홍릉로 28 성일빌딩 1,5층 (청량리동) ",2,TRUE,FALSE,TRUE,FALSE,FALSE,02490,수도권,127.044683044631,37.5828224947419,11_230
동서울정형외과의원,의원,02-926-9171,02-926-9171,서울특별시,동대문구,서울특별시 동대문구 왕산로 21 민족통일대통령빌딩 3층 (신설동),4,TRUE,TRUE,TRUE,TRUE,FALSE,02580,수도권,127.025796515924,37.5768030967407,11_230
서울삼성내과의원,내과의원,02-2243-3338,02-2243-3338,서울특별시,동대문구,서울특별시 동대문구 사가정로 80 답십리 뉴타운 카운티 에비뉴 4층 (답십리동),5,TRUE,TRUE,TRUE,TRUE,TRUE,02541,수도권,127.054926569574,37.5752237850342,11_230
삼성베스트내과의원,내과의원,02-6953-9663,02-6953-9663,서울특별시,동대문구,서울특별시 동대문구 답십리로 9 5층 (전농동),5,TRUE,TRUE,TRUE,TRUE,TRUE,02559,수도권,127.043528549832,37.5784693244422,11_230
서울사대내과의원,내과의원,02-966-6520,02-966-6520,서울특별시,동대문구,서울특별시 동대문구 왕산로26길 4 1층 (용두동) ,4,TRUE,TRUE,TRUE,TRUE,FALSE,02566,수도권,127.036305916385,37.5778706234625,11_230
강북으뜸내과의원,내과의원,02-2248-1191,02-2248-1191,서울특별시,동대문구,"서울특별시 동대문구 전농로 110 1, 2층 (답십리동) ",5,TRUE,TRUE,TRUE,TRUE,TRUE,02538,수도권,127.057992394709,37.5747098330695,11_230
성모수내과의원,내과의원,02-929-7555,02-929-7555,서울특별시,동대문구,서울특별시 동대문구 왕산로 60-1 1층 101호 (용두동) ,5,TRUE,TRUE,TRUE,TRUE,TRUE,02583,수도권,127.030147090815,37.5772849087226,11_230
속편한내과의원,내과의원,02-968-1088,02-968-1088,서울특별시,동대문구,"서울특별시 동대문구 고산자로 399 1, 4, 5층 (용두동) ",5,TRUE,TRUE,TRUE,TRUE,TRUE,02566,수도권,127.037769621436,37.5752762915537,11_230
삼성편한내과의원,내과의원,02-963-3579,02-963-3579,서울특별시,동대문구,서울특별시 동대문구 휘경로 15 5층 (이문동) ,5,TRUE,TRUE,TRUE,TRUE,TRUE,02419,수도권,127.061962760963,37.5959001609367,11_230
의료법인풍산의료재단동부제일병원,종합병원,02-437-5011,02-437-5011,서울특별시,중랑구,서울특별시 중랑구 망우로 511 동부제일병원 지하1~6층 (망우동) ,5,TRUE,TRUE,TRUE,TRUE,TRUE,02063,수도권,127.109547154587,37.6008839257705,11_260
녹색병원,종합병원,02-490-2206,02-490-2000,서울특별시,중랑구,서울특별시 중랑구 사가정로49길 53 (면목동),5,TRUE,TRUE,TRUE,TRUE,TRUE,02221,수도권,127.086060385744,37.5835639827081,11_260
서울특별시서울의료원,종합병원,02-2276-7000,02-2276-7000,서울특별시,중랑구,서울특별시 중랑구 신내로 156 (신내동),5,TRUE,TRUE,TRUE,TRUE,TRUE,02053,수도권,127.099186989431,37.6130913124974,11_260
강북21세기병원,병원,02-2092-7724,1577-6336,서울특별시,중랑구,서울특별시 중랑구 면목로 473 (상봉동),5,TRUE,TRUE,TRUE,TRUE,TRUE,02138,수도권,127.085631420521,37.5940484210525,11_260
팔팔병원,병원,02-1899-8875,02-1899-8875,서울특별시,중랑구,"서울특별시 중랑구 동일로 679 (면목동, 88병원) ",4,TRUE,TRUE,TRUE,TRUE,FALSE,02130,수도권,127.07969838544,37.5909406409469,11_260
조앤조병원,병원,02-433-3336,02-433-3336,서울특별시,중랑구,"서울특별시 중랑구 망우로 474 (망우동, 조앤조병원)",5,TRUE,TRUE,TRUE,TRUE,TRUE,02177,수도권,127.10471509743,37.6003063622164,11_260
서울라본병원,병원,02-2209-6677,02-2209-6677,서울특별시,중랑구,서울특별시 중랑구 망우로 476 (망우동),4,TRUE,TRUE,TRUE,TRUE,FALSE,02178,수도권,127.105093670612,37.6003118821631,11_260
늘찬병원,병원,02-1644-0710,02-1644-0710,서울특별시,중랑구,"서울특별시 중랑구 동일로 643 화성빌딩 지하1, 2~8층 (면목동) ",5,TRUE,TRUE,TRUE,TRUE,TRUE,02135,수도권,127.079680860838,37.5879908042663,11_260
마디세상병원,병원,02-978-8575,02-978-8575,서울특별시,중랑구,서울특별시 중랑구 동일로 890 (묵동),4,TRUE,TRUE,TRUE,TRUE,FALSE,02038,수도권,127.078189221962,37.6099151597192,11_260
연세산돌병원,병원,02-1533-0032,1533-0032,서울특별시,중랑구,서울특별시 중랑구 봉우재로 234 연세산돌병원 지하1층~7층 (망우동) ,5,TRUE,TRUE,TRUE,TRUE,TRUE,02173,수도권,127.098876946116,37.5951721459585,11_260
태능제일의원,의원,02-433-5432,02-433-5432,서울특별시,중랑구,서울특별시 중랑구 동일로 770 (중화동),1,TRUE,FALSE,FALSE,FALSE,FALSE,02094,수도권,127.080243528694,37.599229301939,11_260
이상윤의원,의원,02-437-6632,02-437-6632,서울특별시,중랑구,서울특별시 중랑구 봉우재로 40 (면목동),0,FALSE,FALSE,FALSE,FALSE,FALSE,02131,수도권,127.077722681025,37.5903909117034,11_260
유정옥산부인과의원,의원,02-435-1367,02-493-3329,서울특별시,중랑구,"서울특별시 중랑구 사가정로52길 20 (면목동, 유산부인과의원)",0,FALSE,FALSE,FALSE,FALSE,FALSE,02238,수도권,127.086970408913,37.5799578106421,11_260
정영희산부인과의원,의원,02-977-3455,02-977-3455,서울특별시,중랑구,"서울특별시 중랑구 동일로 861 2층 (묵동, 정영희산부인과)",0,FALSE,FALSE,FALSE,FALSE,FALSE,02010,수도권,127.077997721479,37.6073267442016,11_260
동부외과의원,의원,02-494-1004,02-494-1004,서울특별시,중랑구,"서울특별시 중랑구 사가정로 404-6 2,3층 (면목동)",2,TRUE,FALSE,TRUE,FALSE,FALSE,02250,수도권,127.089296175933,37.5803137686741,11_260
서울메디칼연합의원,의원,02-3421-5154,02-3421-5154,서울특별시,중랑구,서울특별시 중랑구 신내역로 165 2층 (신내동),0,FALSE,FALSE,FALSE,FALSE,FALSE,02055,수도권,127.109631685269,37.6165826807685,11_260
진경환내과의원,내과의원,02-437-7007,02-437-7007,서울특별시,중랑구,서울특별시 중랑구 사가정로 404-6 5~7층 (면목동),5,TRUE,TRUE,TRUE,TRUE,TRUE,02250,수도권,127.089296175933,37.5803137686741,11_260
장스내과의원,내과의원,02-490-4126,02-490-4102,서울특별시,중랑구,"서울특별시 중랑구 망우로 411 A동 2층 (망우동, 장스빌딩)",5,TRUE,TRUE,TRUE,TRUE,TRUE,02073,수도권,127.097891610363,37.5995969226542,11_260
LBO의원,의원,02-496-0100,02-496-0100,서울특별시,중랑구,"서울특별시 중랑구 망우로 247 2층 (중화동, 로얄스포츠센타)",5,TRUE,TRUE,TRUE,TRUE,TRUE,02117,수도권,127.079577141932,37.5953217946712,11_260
건강한성심의원,의원,02-437-6116,02-437-6152,서울특별시,중랑구,서울특별시 중랑구 용마산로 503 2~5층 (망우동),5,TRUE,TRUE,TRUE,TRUE,TRUE,02165,수도권,127.099920402648,37.5961113613677,11_260
전호춘내과의원,내과의원,02-432-4105,02-432-4105,서울특별시,중랑구,서울특별시 중랑구 면목로 257 (면목동),3,TRUE,TRUE,TRUE,FALSE,FALSE,02244,수도권,127.08562228804,37.5757956635129,11_260
신누가의원,의원,02-434-5281,02-434-5281,서울특별시,중랑구,"서울특별시 중랑구 중랑역로15길 6 (중화동, 신누가의원)",3,TRUE,TRUE,FALSE,TRUE,FALSE,02106,수도권,127.075614516876,37.5973242398519,11_260
이만길 내과의원,내과의원,02-437-8610,02-437-8610,서울특별시,중랑구,서울특별시 중랑구 동일로 802 대신빌딩 (중화동),2,TRUE,FALSE,TRUE,FALSE,FALSE,02051,수도권,127.079714349109,37.6020848093367,11_260
참좋은의원,의원,02-432-2041,02-432-2041,서울특별시,중랑구,"서울특별시 중랑구 봉화산로 301 511동 103~104호 (망우동, 신내역 힐데스하임 참좋은아파트)",0,FALSE,FALSE,FALSE,FALSE,FALSE,02057,수도권,127.104986588195,37.610012572607,11_260
신내성모정형외과의원,의원,02-3423-0129,02-3423-0129,서울특별시,중랑구,"서울특별시 중랑구 신내로 82 202,203,501,502호 (신내동, 금강프라자)",1,TRUE,FALSE,FALSE,FALSE,FALSE,02067,수도권,127.095563510586,37.6066828647187,11_260
소원산부인과의원,의원,02-2208-7511,02-2208-7511,서울특별시,중랑구,서울특별시 중랑구 면목로 426 2층 (면목동),0,FALSE,FALSE,FALSE,FALSE,FALSE,02161,수도권,127.087450444888,37.5899467638328,11_260
박철호 내과의원,내과의원,02-2208-1977,02-2208-1977,서울특별시,중랑구,"서울특별시 중랑구 용마산로 502 4층 (망우동, 영창빌딩)",4,TRUE,TRUE,TRUE,TRUE,FALSE,02181,수도권,127.100439904769,37.5957598942954,11_260
최 내과의원,내과의원,02-436-4163,02-436-4163,서울특별시,중랑구,"서울특별시 중랑구 동일로 752 211호 (중화동, 한신아파트상가)",0,FALSE,FALSE,FALSE,FALSE,FALSE,02095,수도권,127.082070702444,37.5970090851956,11_260
수아산부인과의원,의원,02-495-3717,02-495-3718,서울특별시,중랑구,서울특별시 중랑구 면목로 330 (면목동),0,FALSE,FALSE,FALSE,FALSE,FALSE,02214,수도권,127.088706403771,37.5813159378931,11_260
삼성속편한내과의원,내과의원,02-432-5002,02-432-5002,서울특별시,중랑구,서울특별시 중랑구 사가정로 398 JS빌딩 2층 (면목동),5,TRUE,TRUE,TRUE,TRUE,TRUE,02249,수도권,127.088816583304,37.5802876412794,11_260
동부중앙의원,의원,02-973-5888,02-973-5888,서울특별시,중랑구,서울특별시 중랑구 동일로 909 동부중앙의원 (묵동),2,TRUE,TRUE,FALSE,FALSE,FALSE,02006,수도권,127.077258085899,37.6114994412906,11_260
건항외과의원,의원,02-437-7533,02-437-7533,서울특별시,중랑구,서울특별시 중랑구 망우로 403 삼부빌딩 4층 (망우동),2,TRUE,FALSE,FALSE,TRUE,FALSE,02086,수도권,127.096874533303,37.5994577479171,11_260
이경희산부인과의원,의원,02-434-4574,02-434-4574,서울특별시,중랑구,서울특별시 중랑구 면목로 415 2층 (면목동),0,FALSE,FALSE,FALSE,FALSE,FALSE,02146,수도권,127.087094067732,37.5890238707536,11_260
편안한내과의원,내과의원,02-491-5967,02-491-5967,서울특별시,중랑구,"서울특별시 중랑구 중랑역로 90 대원메디컬빌딩 3,4층 (중화동) ",5,TRUE,TRUE,TRUE,TRUE,TRUE,02102,수도권,127.078023153024,37.601423621483,11_260
미래신경과의원,의원,02-438-7582,02-438-7582,서울특별시,중랑구,서울특별시 중랑구 면목로 415 3층 (면목동),3,TRUE,TRUE,FALSE,TRUE,FALSE,02146,수도권,127.087094067732,37.5890238707536,11_260
윤혜정산부인과의원,의원,02-438-8118,02-438-8118,서울특별시,중랑구,서울특별시 중랑구 면목로 305 3층 (면목동),0,FALSE,FALSE,FALSE,FALSE,FALSE,02238,수도권,127.087437887012,37.5796950058533,11_260
서울우리들내과의원,내과의원,02-491-7582,02-491-7582,서울특별시,중랑구,"서울특별시 중랑구 면목로39길 8 (면목동, 한성빌딩)",5,TRUE,TRUE,TRUE,TRUE,TRUE,02238,수도권,127.087172828376,37.5797629566103,11_260
서울내과의원,내과의원,02-976-7550,02-976-7550,서울특별시,중랑구,"서울특별시 중랑구 공릉로2길 8-4 2층 203~206호 (묵동, 칼튼테라스)",5,TRUE,TRUE,TRUE,TRUE,TRUE,02037,수도권,127.078245490703,37.6118425179795,11_260
정진내과의원,내과의원,02-434-7553,02-434-7553,서울특별시,중랑구,서울특별시 중랑구 사가정로 401 2층 (면목동),4,TRUE,TRUE,TRUE,TRUE,FALSE,02214,수도권,127.089460523819,37.5808527086579,11_260
소망연합의원,의원,02-496-0567,02-496-0567,서울특별시,중랑구,서울특별시 중랑구 겸재로9길 53 (면목동),2,TRUE,FALSE,TRUE,FALSE,FALSE,02134,수도권,127.078109686296,37.5888722140842,11_260
덕제내과의원,내과의원,02-972-7878,02-972-7878,서울특별시,중랑구,서울특별시 중랑구 공릉로 59 2층 (묵동),5,TRUE,TRUE,TRUE,TRUE,TRUE,02032,수도권,127.079102756703,37.6160226230909,11_260
속편안내과의원,내과의원,02-3421-2211,02-3421-2211,서울특별시,중랑구,"서울특별시 중랑구 봉화산로 194 7층 707호 (신내동, 신아타운)",4,TRUE,TRUE,TRUE,TRUE,FALSE,02076,수도권,127.094707041869,37.6064526315197,11_260
서울삼성수가정의학과의원,의원,02-493-0075,02-493-0075,서울특별시,중랑구,서울특별시 중랑구 신내로 45 401호 (신내동),5,TRUE,TRUE,TRUE,TRUE,TRUE,02085,수도권,127.095551052144,37.6031407236909,11_260
서울아산내과의원,내과의원,02-496-1199,02-496-1199,서울특별시,중랑구,"서울특별시 중랑구 망우로 403 3층 (망우동, 삼부빌딩)",5,TRUE,TRUE,TRUE,TRUE,TRUE,02086,수도권,127.096874533303,37.5994577479171,11_260
엔트리의원,의원,02-433-7510,02-433-7510,서울특별시,중랑구,서울특별시 중랑구 동일로 786 2층 (중화동),5,TRUE,TRUE,TRUE,TRUE,TRUE,02088,수도권,127.079986029401,37.6007172825148,11_260
메디렌느산부인과의원,의원,02-493-7987,02-493-7987,서울특별시,중랑구,서울특별시 중랑구 망우로 233 메디렌느산부인과 (중화동),0,FALSE,FALSE,FALSE,FALSE,FALSE,02117,수도권,127.078507947565,37.5948508417169,11_260
박용현내과의원,내과의원,02-435-8855,02-435-8855,서울특별시,중랑구,"서울특별시 중랑구 용마산로 438 3층 (면목동, 동원빌딩)",4,TRUE,TRUE,TRUE,TRUE,FALSE,02189,수도권,127.097568272006,37.5902883288454,11_260
아산센트럴의원,의원,02-2207-7770,02-2207-7770,서울특별시,중랑구,"서울특별시 중랑구 동일로92길 40 2층 201,206,207호 (면목동, 사가정 센트럴 아이파크)",1,TRUE,FALSE,FALSE,FALSE,FALSE,02225,수도권,127.080375944624,37.5818929536315,11_260
성모내과의원,내과의원,02-2208-5119,02-2208-5119,서울특별시,중랑구,서울특별시 중랑구 면목로 305 4층 (면목동),4,TRUE,TRUE,TRUE,TRUE,FALSE,02238,수도권,127.087437887012,37.5796950058533,11_260
신우내과의원,내과의원,02-491-0768,02-491-0768,서울특별시,중랑구,"서울특별시 중랑구 망우로 377 성환빌딩 2,4층 (상봉동)",5,TRUE,TRUE,TRUE,TRUE,TRUE,02086,수도권,127.094137536933,37.5987491711759,11_260
최진우내과의원,내과의원,02-3422-4202,02-3422-4202,서울특별시,중랑구,"서울특별시 중랑구 신내로 211 216호 (신내동, 금강리빙스텔)",3,TRUE,TRUE,FALSE,TRUE,FALSE,02024,수도권,127.092668240549,37.6163496295774,11_260
서울굿모닝내과의원,내과의원,02-438-2882,02-438-2525,서울특별시,중랑구,서울특별시 중랑구 면목로 418 2층 (면목동),5,TRUE,TRUE,TRUE,TRUE,TRUE,02161,수도권,127.087628742548,37.5892429567325,11_260
좋은서울의원,의원,02-491-8255,02-491-8255,서울특별시,중랑구,"서울특별시 중랑구 동일로101길 63 202,203,204호 (면목동, 면목한신아파트 상가)",0,FALSE,FALSE,FALSE,FALSE,FALSE,02133,수도권,127.076312487076,37.5885435363865,11_260
열린가족의원,의원,02-435-8275,02-435-8275,서울특별시,중랑구,"서울특별시 중랑구 겸재로 229 2층 (면목동, 농협)",1,TRUE,FALSE,FALSE,FALSE,FALSE,02162,수도권,127.092850157313,37.5897535215234,11_260
우리들연세내과의원,내과의원,02-979-8297,02-979-8297,서울특별시,중랑구,서울특별시 중랑구 동일로 890 5층 (묵동),4,TRUE,TRUE,TRUE,TRUE,FALSE,02038,수도권,127.078189221962,37.6099151597192,11_260
정다운내과의원,내과의원,02-2207-8877,02-2207-8877,서울특별시,중랑구,"서울특별시 중랑구 망우로 214 5층 (상봉동, 우도빌딩)",4,TRUE,TRUE,TRUE,TRUE,FALSE,02121,수도권,127.076630319913,37.5937481809153,11_260
프라임성모내과의원,내과의원,02-3422-5551,02-3422-5551,서울특별시,중랑구,서울특별시 중랑구 신내로14길 8 원빌딩 4(상가3층)층 (신내동),5,TRUE,TRUE,TRUE,TRUE,TRUE,02069,수도권,127.095844141154,37.6054431457883,11_260
늘편한내과의원,내과의원,02-435-0550,02-435-0550,서울특별시,중랑구,서울특별시 중랑구 면목로 430 201호 (면목동),5,TRUE,TRUE,TRUE,TRUE,TRUE,02160,수도권,127.087276793714,37.5902691772246,11_260
플러스내과의원,내과의원,02-6952-7731,02-6952-7731,서울특별시,중랑구,"서울특별시 중랑구 봉화산로 39 gs25시 3,4층 (중화동)",5,TRUE,TRUE,TRUE,TRUE,TRUE,02017,수도권,127.078614617042,37.6017428102762,11_260
유앤장내과의원,내과의원,02-438-5959,02-438-5959,서울특별시,중랑구,서울특별시 중랑구 면목로 481 2층 (상봉동),5,TRUE,TRUE,TRUE,TRUE,TRUE,02137,수도권,127.085652863089,37.5947764065638,11_260
강북제일내과의원,내과의원,02-977-1111,02-977-1111,서울특별시,중랑구,"서울특별시 중랑구 동일로 952 2층 201~202호 (묵동, 로프트원 태릉입구역)",5,TRUE,TRUE,TRUE,TRUE,TRUE,02033,수도권,127.076880465585,37.6153331239502,11_260
장스여성병원,병원,02-490-4121,02-490-4000,서울특별시,중랑구,서울특별시 중랑구 용마산로117길 49 장스여성병원 비동 (7층 일부제외)동 (망우동) ,0,FALSE,FALSE,FALSE,FALSE,FALSE,02073,수도권,127.097561434831,37.5997087386745,11_260
슬기로운산부인과의원,의원,02-437-5355,02-437-5355,서울특별시,중랑구,"서울특별시 중랑구 면목로 481 오렌지타워 6층 601,602호 (상봉동) ",0,FALSE,FALSE,FALSE,FALSE,FALSE,02137,수도권,127.085652863089,37.5947764065638,11_260
모연산부인과의원,의원,02-6398-1204,02-6398-1204,서울특별시,중랑구,서울특별시 중랑구 면목로 299 5층 (면목동),0,FALSE,FALSE,FALSE,FALSE,FALSE,02239,수도권,127.086675342339,37.5792394852013,11_260
홍이내과의원,내과의원,02-6952-1209,02-6952-1209,서울특별시,중랑구,서울특별시 중랑구 겸재로 237 3층 (망우동),5,TRUE,TRUE,TRUE,TRUE,TRUE,02175,수도권,127.093946205207,37.5900456568688,11_260
먹골본내과의원,내과의원,02-971-5575,02-971-5575,서울특별시,중랑구,"서울특별시 중랑구 동일로 917 2층(일부),3층 (묵동) ",5,TRUE,TRUE,TRUE,TRUE,TRUE,02005,수도권,127.07710614852,37.6122110515184,11_260
면목다솔내과의원,내과의원,02-437-2011,02-437-2011,서울특별시,중랑구,"서울특별시 중랑구 겸재로 201 3층 (면목동, 봄작시티 201) ",5,TRUE,TRUE,TRUE,TRUE,TRUE,02161,수도권,127.090057975264,37.5891503082831,11_260
중랑연세내과의원,내과의원,02-6956-1757,02-6956-1757,서울특별시,중랑구,"서울특별시 중랑구 망우로 203 2층 203호 (중화동, 중화동주상복합) ",4,TRUE,TRUE,TRUE,TRUE,FALSE,02116,수도권,127.075008982696,37.5939956436071,11_260
더편한내과의원,내과의원,02-2207-7575,02-2207-7575,서울특별시,중랑구,"서울특별시 중랑구 상봉로 131 2층 201-1호 (상봉동, 상봉 듀오트리스) ",5,TRUE,TRUE,TRUE,TRUE,TRUE,02150,수도권,127.092177640813,37.5974066200134,11_260
연세숲내과의원,내과의원,02-496-0779,02-496-0779,서울특별시,중랑구,서울특별시 중랑구 양원역로10길 17 B동 5층 501~505호 제이메디컬 (망우동) ,1,TRUE,FALSE,FALSE,FALSE,FALSE,02057,수도권,127.106910986181,37.6068148562813,11_260
면목연세석내과의원,내과의원,02-437-0808,02-437-0808,서울특별시,중랑구,"서울특별시 중랑구 면목로 398 2,5,6층 (면목동) ",2,TRUE,FALSE,TRUE,FALSE,FALSE,02197,수도권,127.088066640446,37.5874670452343,11_260
늘찬의원,의원,02-493-7800,02-493-7800,서울특별시,중랑구,"서울특별시 중랑구 겸재로 180 2,4층 (면목동) ",5,TRUE,TRUE,TRUE,TRUE,TRUE,02197,수도권,127.087951338267,37.5882008093275,11_260
학교법인 고려중앙학원 고려대학교의과대학부속병원(안암병원),종합병원,02-920-5650,1577-0083,서울특별시,성북구,서울특별시 성북구 고려대로 73 고려대병원 (안암동5가),0,FALSE,FALSE,FALSE,FALSE,FALSE,02841,수도권,127.026248862202,37.5873771473625,11_290
서울척병원,병원,02-944-7600,02-940-2000,서울특별시,성북구,서울특별시 성북구 동소문로47길 8 (길음동),5,TRUE,TRUE,TRUE,TRUE,TRUE,02729,수도권,127.029269992391,37.6088605693088,11_290
더서울병원,병원,02-929-2114,02-929-2114,서울특별시,성북구,서울특별시 성북구 아리랑로 16 3~7층 (동선동4가) ,4,TRUE,TRUE,TRUE,TRUE,FALSE,02829,수도권,127.016504706757,37.5942338410861,11_290
동서요양병원,병원,02-942-3611,02-942-3611,서울특별시,성북구,서울특별시 성북구 동소문로 306 (하월곡동) ,5,TRUE,TRUE,TRUE,TRUE,TRUE,02733,수도권,127.028924144723,37.6068928032092,11_290
온누리산부인과의원,의원,02-919-2321,02-919-2321,서울특별시,성북구,"서울특별시 성북구 오패산로 10 2층,3층 (하월곡동) ",0,FALSE,FALSE,FALSE,FALSE,FALSE,02751,수도권,127.037859548107,37.6033031635425,11_290
김인식내과의원,내과의원,02-919-6500,02-919-6500,서울특별시,성북구,"서울특별시 성북구 정릉로 326 지상2층 (정릉동, 세권빌딩)",3,TRUE,TRUE,TRUE,FALSE,FALSE,02816,수도권,127.019324173459,37.6020693327301,11_290
윤영근내과의원,내과의원,02-941-0035,02-941-0035,서울특별시,성북구,서울특별시 성북구 화랑로 95 (하월곡동),2,TRUE,FALSE,TRUE,FALSE,FALSE,02751,수도권,127.042449271849,37.6032755633561,11_290
송내과의원,내과의원,02-927-2926,02-927-2926,서울특별시,성북구,"서울특별시 성북구 종암로21길 3 (종암동, 용진빌딩)",0,FALSE,FALSE,FALSE,FALSE,FALSE,02804,수도권,127.03413397999,37.5988253853632,11_290
장대환내과의원,내과의원,02-909-3980,02-909-3980,서울특별시,성북구,서울특별시 성북구 장월로 88-1 (장위동),4,TRUE,TRUE,TRUE,TRUE,FALSE,02767,수도권,37.613777455977406,127.04906043598622,11_290
최준내과의원,내과의원,02-915-7812,915-7812,서울특별시,성북구,서울특별시 성북구 돌곶이로 174-1 (장위동) ,0,FALSE,FALSE,FALSE,FALSE,FALSE,02766,수도권,127.049973071463,37.6166140152497,11_290
최강식내과의원,내과의원,02-926-6111,02-926-6111,서울특별시,성북구,"서울특별시 성북구 동소문로 92 5,6층 (동소문동5가)",5,TRUE,TRUE,TRUE,TRUE,TRUE,02846,수도권,127.01549221016,37.5921675534937,11_290
박가정의학과의원,의원,02-987-2724,02-987-2724,서울특별시,성북구,서울특별시 성북구 월계로 52 지상3층 303호 (하월곡동),2,TRUE,FALSE,TRUE,FALSE,FALSE,02741,수도권,127.035565905427,37.6114698165443,11_290
이태희가정의학과의원,의원,02-915-5882,02-915-5882,서울특별시,성북구,서울특별시 성북구 장위로 57 (장위동),0,FALSE,FALSE,FALSE,FALSE,FALSE,02755,수도권,127.043091348596,37.6140260267466,11_290
이인숙산부인과 제일검진의원,의원,02-389-2822,02-389-2822,서울특별시,성북구,서울특별시 성북구 동소문로 305 2~3층 (길음동),5,TRUE,TRUE,TRUE,TRUE,TRUE,02730,수도권,37.60735932092089,127.02824107628088,11_290
현대여성산부인과의원,의원,02-946-1523,02-946-1523,서울특별시,성북구,서울특별시 성북구 종암로 115 3층 (종암동),0,FALSE,FALSE,FALSE,FALSE,FALSE,02803,수도권,127.03356033064,37.600381561069,11_290
김명선내과의원,내과의원,02-747-7582,02-747-7582,서울특별시,성북구,서울특별시 성북구 동소문로 18 지상2층 (동소문동2가),1,TRUE,FALSE,FALSE,FALSE,FALSE,02860,수도권,127.008183062902,37.5891319426307,11_290
최현주영상의학과의원,의원,02-926-7500,926-7500,서울특별시,성북구,서울특별시 성북구 동소문로 97 5층 1호 (동소문동6가),1,FALSE,FALSE,FALSE,FALSE,TRUE,02830,수도권,127.016019767284,37.592805385385,11_290
최와김내과의원,내과의원,02-926-5879,02-926-5879,서울특별시,성북구,서울특별시 성북구 동소문로 66 지상3층 (동소문동3가),5,TRUE,TRUE,TRUE,TRUE,TRUE,02860,수도권,127.012981904976,37.5914030041092,11_290
김장욱가정의학과의원,의원,02-941-1097,02-941-1097,서울특별시,성북구,"서울특별시 성북구 종암로24가길 53 203호 (종암동, 에스케이상가)",0,FALSE,FALSE,FALSE,FALSE,FALSE,02798,수도권,127.037964181836,37.6008411734995,11_290
한솔내과의원,내과의원,02-943-8370,02-943-8370,서울특별시,성북구,서울특별시 성북구 보국문로18길 1 4층 401호 (정릉동),5,TRUE,TRUE,TRUE,TRUE,TRUE,02711,수도권,127.008927474592,37.6115560173195,11_290
정릉보건지소,보건기관,02-2241-5995,02-2241-5995,서울특별시,성북구,"서울특별시 성북구 보국문로4길 8 (정릉동, 대진빌딩)",0,FALSE,FALSE,FALSE,FALSE,FALSE,02718,수도권,127.011986699343,37.6052296283947,11_290
장위석관보건지소,보건기관,02-2241-6244,02-2241-6255,서울특별시,성북구,서울특별시 성북구 한천로 568 장위석관보건지소 1~5층 (석관동),0,FALSE,FALSE,FALSE,FALSE,FALSE,02782,수도권,127.063420797268,37.6104732633389,11_290
박규호내과의원,내과의원,02-959-9697,02-959-9697,서울특별시,성북구,서울특별시 성북구 돌곶이로 60 지상2층 (석관동),2,TRUE,FALSE,TRUE,FALSE,FALSE,02784,수도권,127.058983078546,37.6092046293874,11_290
한문수의원,의원,02-942-7578,942-7578,서울특별시,성북구,서울특별시 성북구 아리랑로 117-5 2층 (정릉동) ,0,FALSE,FALSE,FALSE,FALSE,FALSE,02820,수도권,127.013133983807,37.6024341840877,11_290
명가정의학과의원,의원,02-917-1577,02-917-1577,서울특별시,성북구,서울특별시 성북구 장월로1길 25 지상1층 (상월곡동),0,FALSE,FALSE,FALSE,FALSE,FALSE,02752,수도권,127.04630063559,37.6070939523021,11_290
연세오내과의원,내과의원,02-943-1558,02-943-1558,서울특별시,성북구,서울특별시 성북구 오패산로 49 303호 (하월곡동),4,TRUE,TRUE,TRUE,TRUE,FALSE,02738,수도권,127.036435972117,37.6063976114138,11_290
유항맥서울외과의원,의원,02-929-2419,02-929-2419,서울특별시,성북구,"서울특별시 성북구 동소문로 125 4층 (동선동4가, 골든타워)",5,TRUE,TRUE,TRUE,TRUE,TRUE,02829,수도권,127.01821856847,37.5941562838985,11_290
용가정의학과의원,의원,02-919-7583,02-919-7583,서울특별시,성북구,서울특별시 성북구 오패산로 16 2층 (하월곡동),0,FALSE,FALSE,FALSE,FALSE,FALSE,02751,수도권,37.60365502264572,127.03750719055482,11_290
굿모닝플러스외과의원,의원,02-909-2296,02-909-2296,서울특별시,성북구,서울특별시 성북구 종암로 120 (종암동),5,TRUE,TRUE,TRUE,TRUE,TRUE,02797,수도권,127.034438699327,37.6010215520111,11_290
서울가정의학과의원,의원,02-953-8575,02-953-8575,서울특별시,성북구,"서울특별시 성북구 종암로27길 13 302호 (종암동, 도원프라자)",0,FALSE,FALSE,FALSE,FALSE,FALSE,02803,수도권,127.031433476759,37.6026436329891,11_290
열린산부인과의원,의원,02-919-1446,02-919-1446,서울특별시,성북구,서울특별시 성북구 정릉로36길 28-5 열린산부인과 (정릉동),1,FALSE,FALSE,FALSE,FALSE,TRUE,02816,수도권,127.017073642028,37.6024138581212,11_290
우리가정의학과의원,의원,02-743-4735,02-743-4735,서울특별시,성북구,서울특별시 성북구 삼선교로10길 37 지상2층 (삼선동2가),0,FALSE,FALSE,FALSE,FALSE,FALSE,02864,수도권,127.009852782121,37.5865538947941,11_290
맘편한내과의원,내과의원,02-953-7537,02-953-7537,서울특별시,성북구,"서울특별시 성북구 동소문로 34 지상4,5층 (동소문동3가, 연진빌딩)",5,TRUE,TRUE,TRUE,TRUE,TRUE,02860,수도권,127.009876424166,37.5898223336911,11_290
삼성프렌드의원,의원,02-927-1010,02-927-1010,서울특별시,성북구,서울특별시 성북구 보문로 93 2층 (보문동5가),4,TRUE,TRUE,TRUE,TRUE,FALSE,02872,수도권,127.020058234659,37.5835586016915,11_290
연세수내과의원,내과의원,02-923-6500,923-6500,서울특별시,성북구,"서울특별시 성북구 아리랑로 3-0 (동소문동6가, 기업은행)",2,TRUE,TRUE,FALSE,FALSE,FALSE,02830,수도권,127.016174486678,37.5930241251186,11_290
김효석내과의원,내과의원,02-943-1412,02-943-1412,서울특별시,성북구,서울특별시 성북구 종암로 80 (종암동),4,TRUE,TRUE,TRUE,TRUE,FALSE,02800,수도권,127.035445532583,37.5974315259756,11_290
이지현내과의원,내과의원,02-922-9494,02-922-9494,서울특별시,성북구,서울특별시 성북구 아리랑로 15 (동소문동6가),3,TRUE,TRUE,TRUE,FALSE,FALSE,02830,수도권,127.015930395304,37.5942413982281,11_290
송이여성의원,의원,02-942-2700,02-942-2700,서울특별시,성북구,"서울특별시 성북구 보국문로 43 (정릉동,야원빌딩 4층)",0,FALSE,FALSE,FALSE,FALSE,FALSE,02710,수도권,127.009889042894,37.6081729059815,11_290
지인산부인과의원,의원,02-923-8888,02-923-8888,서울특별시,성북구,서울특별시 성북구 동소문로 106 유타몰 6층 (동선동1가),0,FALSE,FALSE,FALSE,FALSE,FALSE,02845,수도권,127.017088831326,37.5925747617089,11_290
성북성심신경과의원,의원,02-927-3752,02-927-5100,서울특별시,성북구,서울특별시 성북구 동소문로 181 (돈암동),1,FALSE,FALSE,FALSE,FALSE,TRUE,02817,수도권,127.021443949614,37.5983885994911,11_290
우리기쁜산부인과의원,의원,02-2039-1000,02-2039-1000,서울특별시,성북구,서울특별시 성북구 종암로 147 지상1~8층 (종암동),1,FALSE,FALSE,FALSE,FALSE,TRUE,02802,수도권,127.032014252808,37.6030400928333,11_290
강북삼성의원,의원,02-965-6900,02-965-6900,서울특별시,성북구,"서울특별시 성북구 화랑로40길 54 지상3,4층 (석관동, 영원빌딩)",1,TRUE,FALSE,FALSE,FALSE,FALSE,02781,수도권,127.064484472177,37.613453428334,11_290
에스메디센터내과외과의원,내과의원,02-6925-0700,02-6925-0700,서울특별시,성북구,"서울특별시 성북구 오패산로 99 2~6층 301,302,401,402,501,601,701호 (하월곡동)",5,TRUE,TRUE,TRUE,TRUE,TRUE,02737,수도권,127.035164406645,37.6107513980687,11_290
정릉성모내과의원,내과의원,02-910-8858,02-910-8858,서울특별시,성북구,서울특별시 성북구 보국문로 14 3층 (정릉동),3,TRUE,TRUE,TRUE,FALSE,FALSE,02718,수도권,127.011416142706,37.6059084908089,11_290
김동일내과의원,내과의원,02-925-0800,02-925-0800,서울특별시,성북구,서울특별시 성북구 동소문로 71 지상3층 (동소문동6가),4,TRUE,TRUE,TRUE,TRUE,FALSE,02830,수도권,127.013183004498,37.5920844922334,11_290
안산부인과의원,의원,02-913-6446,02-913-6446,서울특별시,성북구,서울특별시 성북구 길음로 6 (길음동) ,2,TRUE,FALSE,FALSE,FALSE,TRUE,02725,수도권,127.024298456144,37.6042888139951,11_290
서울하나내과의원,내과의원,02-916-0875,916-0875,서울특별시,성북구,서울특별시 성북구 돌곶이로 37 (석관동),5,TRUE,TRUE,TRUE,TRUE,TRUE,02788,수도권,37.60737526961129,127.06021381543965,11_290
아리랑가정의원,의원,02-922-5575,02-922-5575,서울특별시,성북구,"서울특별시 성북구 아리랑로 89 상가동 205,206,207호 (돈암동, 일신건영휴먼빌아파트)",1,TRUE,FALSE,FALSE,FALSE,FALSE,02826,수도권,127.013617460956,37.6007699096006,11_290
더행복한산부인과의원,의원,02-928-0809,02-928-0809,서울특별시,성북구,"서울특별시 성북구 동소문로 92 4층 (동소문동5가, 강윤빌딩)",0,FALSE,FALSE,FALSE,FALSE,FALSE,02846,수도권,127.01549221016,37.5921675534937,11_290
SKY서울가정의학과의원,의원,02-928-3175,02-928-3175,서울특별시,성북구,서울특별시 성북구 성북로4길 52 417동 2층 1211호 (돈암동),2,TRUE,FALSE,TRUE,FALSE,FALSE,02831,수도권,127.012706037821,37.5944725333435,11_290
윤홍선내과의원,내과의원,02-765-3430,02-765-3430,서울특별시,성북구,"서울특별시 성북구 동소문로 10 4층 가호 (동소문동2가, 카프리빌딩)",4,TRUE,TRUE,TRUE,TRUE,FALSE,02860,수도권,127.007333614721,37.5887327686781,11_290
삼선서울내과의원,내과의원,02-922-8275,02-922-8275,서울특별시,성북구,서울특별시 성북구 동소문로 32 1층 (동소문동3가),4,TRUE,TRUE,TRUE,TRUE,FALSE,02860,수도권,127.009705671426,37.5897541427313,11_290
국민건강내과의원,내과의원,02-2033-9909,02-2033-9909,서울특별시,성북구,서울특별시 성북구 종암로 123 2층 201호 (종암동),5,TRUE,TRUE,TRUE,TRUE,TRUE,02803,수도권,127.033166191324,37.6010132669533,11_290
박앤김내과의원,내과의원,02-911-2019,02-911-2019,서울특별시,성북구,서울특별시 성북구 장위로 127-1 한양빌딩 5층 (장위동),5,TRUE,TRUE,TRUE,TRUE,TRUE,02768,수도권,127.050861791245,37.6136719083634,11_290
숨편한인광호내과의원,내과의원,02-942-3375,02-942-3375,서울특별시,성북구,서울특별시 성북구 보국문로 68-1 3층 (정릉동),1,TRUE,FALSE,FALSE,FALSE,FALSE,02711,수도권,127.009366569889,37.6105951684776,11_290
삼성바른내과의원,내과의원,02-6314-5000,02-6314-5000,서울특별시,성북구,서울특별시 성북구 정릉로 364 3층 (돈암동),5,TRUE,TRUE,TRUE,TRUE,TRUE,02807,수도권,127.023654320416,37.6014747915421,11_290
성북성심의원,의원,02-927-9536,02-927-9536,서울특별시,성북구,"서울특별시 성북구 동소문로 181 지하1, 지상2,3층 (돈암동, 성북성심빌딩)",4,TRUE,TRUE,TRUE,TRUE,FALSE,02817,수도권,127.021443949614,37.5983885994911,11_290
더 소중한 여성의원,의원,02-745-7571,02-745-7571,서울특별시,성북구,"서울특별시 성북구 동소문로 10 카프리빌딩 2층 가호, 나호 (동소문동2가) ",0,FALSE,FALSE,FALSE,FALSE,FALSE,02860,수도권,127.007333614721,37.5887327686781,11_290
리츠서울내과의원,내과의원,02-953-8875,02-953-8875,서울특별시,성북구,서울특별시 성북구 보문로 157 3층 (삼선동5가) ,5,TRUE,TRUE,TRUE,TRUE,TRUE,02862,수도권,127.016913179933,37.5884289611711,11_290
연세건강드림내과의원,내과의원,02-918-7575,02-918-7575,서울특별시,성북구,서울특별시 성북구 종암로 110 종암대평빌딩 4층 (종암동) ,5,TRUE,TRUE,TRUE,TRUE,TRUE,02797,수도권,127.034340544888,37.6000941007838,11_290
속편한내과의원,내과의원,02-1661-1082,1661-1082,서울특별시,성북구,"서울특별시 성북구 동소문로 47 부라다리빙텔 1층,2층 (동소문동4가) ",5,TRUE,TRUE,TRUE,TRUE,TRUE,02832,수도권,127.010728600047,37.5909010173901,11_290
돈암성모내과의원,내과의원,02-928-7588,02-928-7588,서울특별시,성북구,서울특별시 성북구 동소문로 98 메디컬센터빌 3층 (동소문동5가) ,5,TRUE,TRUE,TRUE,TRUE,TRUE,02846,수도권,127.01617250792,37.5922520653915,11_290
서울바른가정의학과의원,의원,02-915-7575,02-915-7575,서울특별시,성북구,서울특별시 성북구 정릉로10길 42-2 3층 (정릉동) ,4,TRUE,TRUE,TRUE,TRUE,FALSE,02812,수도권,126.999586739816,37.6080388018353,11_290
성북탑내과의원,내과의원,02-941-7597,02-941-7597,서울특별시,성북구,"서울특별시 성북구 길음로 11 근린생활시설동 2층 201,202,219,220호 (길음동, 길음역롯데캐슬트윈골드아파트) ",5,TRUE,TRUE,TRUE,TRUE,TRUE,02722,수도권,127.023437392228,37.603785604914,11_290
애플산부인과의원,의원,02-929-3693,02-929-3693,서울특별시,성북구,서울특별시 성북구 아리랑로 9 산맥프라자 9층 (동소문동6가) ,0,FALSE,FALSE,FALSE,FALSE,FALSE,02830,수도권,127.015978183574,37.5937320611385,11_290
미소플러스산부인과의원,의원,02-962-3655,02-962-3655,서울특별시,성북구,"서울특별시 성북구 화랑로 248 장위뉴타워 7층 701호,702(일부)호 (석관동) ",0,FALSE,FALSE,FALSE,FALSE,FALSE,02787,수도권,127.056906221867,37.61040549645,11_290
꿈의숲산부인과의원,의원,02-2039-1003,02-2039-1003,서울특별시,성북구,서울특별시 성북구 돌곶이로 183 4층 (장위동) ,0,FALSE,FALSE,FALSE,FALSE,FALSE,02754,수도권,127.048774518176,37.6168294024045,11_290
의료법인성화의료재단  대한병원,종합병원,02-997-1475,02-903-3232,서울특별시,강북구,"서울특별시 강북구 도봉로 301 (수유동, 대한병원)",4,FALSE,TRUE,TRUE,TRUE,TRUE,01081,수도권,127.022673311792,37.6354702517404,11_305
서울현대병원,종합병원,02-900-0092,1588-6853,서울특별시,강북구,"서울특별시 강북구 도봉로 374 (번동, 서울현대병원) ",4,FALSE,TRUE,TRUE,TRUE,TRUE,01056,수도권,127.028504374531,37.6402559204261,11_305
국립재활원,병원,02-901-1400,02-901-1700,서울특별시,강북구,서울특별시 강북구 삼각산로 58 국립재활원 (수유동),3,TRUE,TRUE,FALSE,FALSE,TRUE,01022,수도권,127.010264590667,37.638655704921,11_305
신일병원,병원,02-903-5121,02-903-5121,서울특별시,강북구,서울특별시 강북구 덕릉로 73 (수유동),5,TRUE,TRUE,TRUE,TRUE,TRUE,01081,수도권,127.021825891177,37.6347745804936,11_305
햇빛병원,병원,02-944-1407,02-983-7771,서울특별시,강북구,서울특별시 강북구 도봉로 74 (미아동),5,TRUE,TRUE,TRUE,TRUE,TRUE,01215,수도권,127.030285286084,37.6157674743173,11_305
민병원,병원,02-982-3399,02-982-3114,서울특별시,강북구,서울특별시 강북구 도봉로 155 서울민병원 (미아동),5,TRUE,TRUE,TRUE,TRUE,TRUE,01171,수도권,127.027280383769,37.6226164357907,11_305
강북으뜸병원,병원,02-986-0334,02-986-0334,서울특별시,강북구,"서울특별시 강북구 도봉로 187 지하1층, 지상1층~지상5층 (미아동) ",5,TRUE,TRUE,TRUE,TRUE,TRUE,01170,수도권,127.026184524499,37.6254205559935,11_305
서울유병원,병원,02-1670-8875,02-1670-8875,서울특별시,강북구,"서울특별시 강북구 도봉로 77 지하2층~지하1층, 3층~8층층 (미아동)",5,TRUE,TRUE,TRUE,TRUE,TRUE,01205,수도권,127.029551791451,37.6160730052361,11_305
삼양제일내과의원,내과의원,02-984-5533,02-984-5533,서울특별시,강북구,서울특별시 강북구 솔매로 59 2층 (미아동),4,TRUE,TRUE,TRUE,TRUE,FALSE,01127,수도권,127.018818425469,37.6249897572285,11_305
서울삼양의원,의원,02-988-3650,02-988-3650,서울특별시,강북구,서울특별시 강북구 삼양로 191 (미아동),0,FALSE,FALSE,FALSE,FALSE,FALSE,01189,수도권,127.020392914752,37.6209474864075,11_305
서울하나의원,의원,02-986-7511,02-986-7511,서울특별시,강북구,"서울특별시 강북구 솔샘로 184 107,108호 (미아동, SK북한산시티아파트주상가)",0,FALSE,FALSE,FALSE,FALSE,FALSE,01192,수도권,127.012851056561,37.6199587236903,11_305
우리의원,의원,02-989-2800,02-989-2800,서울특별시,강북구,서울특별시 강북구 도봉로 255 3층 (수유동),0,FALSE,FALSE,FALSE,FALSE,FALSE,01117,수도권,127.023904344275,37.6311424842904,11_305
강원석내과의원,내과의원,02-980-9922,02-980-9922,서울특별시,강북구,서울특별시 강북구 솔샘로 239 3층 (미아동),4,TRUE,TRUE,TRUE,TRUE,FALSE,01189,수도권,127.019442435578,37.6200429651128,11_305
우리성내과의원,내과의원,02-986-0075,02-986-0075,서울특별시,강북구,서울특별시 강북구 솔샘로 223 2층 (미아동),5,TRUE,TRUE,TRUE,TRUE,TRUE,01188,수도권,127.017573969681,37.6202802179461,11_305
김영재내과의원,내과의원,02-946-0202,02-946-0202,서울특별시,강북구,"서울특별시 강북구 도봉로 253 (수유동, 서울메디칼빌딩)",3,TRUE,TRUE,TRUE,FALSE,FALSE,01117,수도권,127.023987912301,37.6310225460872,11_305
백제열린의원,의원,02-981-7533,02-981-7533,서울특별시,강북구,"서울특별시 강북구 오패산로 112 2,3층 (미아동)",4,TRUE,TRUE,TRUE,FALSE,TRUE,01237,수도권,127.035057269514,37.6119665037712,11_305
김보연산부인과의원,의원,02-902-9955,02-902-9955,서울특별시,강북구,"서울특별시 강북구 도봉로 199 (미아동, 김보연산부인과)",0,FALSE,FALSE,FALSE,FALSE,FALSE,01126,수도권,127.025766530318,37.6264243473455,11_305
동서제일의원,의원,02-945-5767,02-945-5767,서울특별시,강북구,서울특별시 강북구 솔샘로 229-1 (미아동),5,TRUE,TRUE,TRUE,TRUE,TRUE,01188,수도권,127.018229325497,37.62014325849,11_305
방외과의원,의원,02-984-1255,02-984-1255,서울특별시,강북구,"서울특별시 강북구 삼양로 318 (수유동, 방외과)",3,TRUE,TRUE,FALSE,TRUE,FALSE,01111,수도권,127.017947926271,37.63178342094,11_305
현의원,의원,02-905-7582,02-905-7582,서울특별시,강북구,서울특별시 강북구 삼양로 623 2층 (우이동),2,TRUE,FALSE,TRUE,FALSE,FALSE,01005,수도권,127.013523839792,37.6584533150352,11_305
메트로내과의원,내과의원,02-988-0028,02-988-0028,서울특별시,강북구,"서울특별시 강북구 도봉로 34 4,6,7층 (미아동, 트레지오빌딩)",5,TRUE,TRUE,TRUE,TRUE,TRUE,01220,수도권,127.03072164571,37.6120685327599,11_305
메이디산부인과의원,의원,02-6312-6312,02-6312-6312,서울특별시,강북구,"서울특별시 강북구 도봉로 52 7층 (미아동, 와이스퀘어)",0,FALSE,FALSE,FALSE,FALSE,FALSE,01215,수도권,127.03052852605,37.613699372646,11_305
최윤영내과의원,내과의원,02-982-7575,02-982-7575,서울특별시,강북구,"서울특별시 강북구 삼양로 309 미성빌딩 2,3층 (수유동) ",5,TRUE,TRUE,TRUE,TRUE,TRUE,01099,수도권,127.017557345774,37.6309905219163,11_305
나눔의원,의원,02-986-8575,986-8575,서울특별시,강북구,"서울특별시 강북구 오패산로30길 30 204,205,206,209,210,211,212호 (미아동, 경남아너스빌)",2,TRUE,FALSE,TRUE,FALSE,FALSE,01234,수도권,127.035671190839,37.6163555759387,11_305
연세내과의원,내과의원,02-981-8275,02-981-8275,서울특별시,강북구,서울특별시 강북구 솔샘로 203 2층 (미아동),3,TRUE,TRUE,TRUE,FALSE,FALSE,01187,수도권,127.015130141534,37.6203088476103,11_305
박병규내과의원,내과의원,02-945-4191,02-945-4191,서울특별시,강북구,"서울특별시 강북구 도봉로 190 (미아동, 비전빌딩)",0,FALSE,FALSE,FALSE,FALSE,FALSE,01157,수도권,127.027000082119,37.6258982556346,11_305
서현산부인과의원,의원,02-988-8235,02-988-8235,서울특별시,강북구,"서울특별시 강북구 도봉로 245 (미아동, 수메디칼빌딩)",0,FALSE,FALSE,FALSE,FALSE,FALSE,01118,수도권,127.024256283393,37.6303012518373,11_305
엠에스아산내과의원,내과의원,02-997-0123,02-997-0123,서울특별시,강북구,"서울특별시 강북구 도봉로 324 3층 (번동, 글로리타워)",4,TRUE,TRUE,TRUE,TRUE,FALSE,01062,수도권,127.024872687413,37.636791553989,11_305
내일내과의원,내과의원,02-945-5757,02-945-5757,서울특별시,강북구,"서울특별시 강북구 솔샘로 254 (미아동, 삼양아케이트)",5,TRUE,TRUE,TRUE,TRUE,TRUE,01194,수도권,127.020743950051,37.6193297017502,11_305
제이유산부인과의원,의원,02-900-9077,02-900-9077,서울특별시,강북구,서울특별시 강북구 도봉로 329 7층 (수유동),0,FALSE,FALSE,FALSE,FALSE,FALSE,01073,수도권,127.024701635067,37.6375531926438,11_305
미래아이산부인과의원,의원,02-985-7533,02-985-7533,서울특별시,강북구,"서울특별시 강북구 삼양로27길 35-21 302,303호 (미아동, 미아프라자)",0,FALSE,FALSE,FALSE,FALSE,FALSE,01196,수도권,127.018934343303,37.6179766319717,11_305
강북삼성의원,의원,02-980-8767,02-980-8767,서울특별시,강북구,서울특별시 강북구 삼양로77가길 9 3층 (수유동),2,TRUE,FALSE,TRUE,FALSE,FALSE,01103,수도권,127.017036799373,37.6295503718109,11_305
참조은의원,의원,02-993-1514,02-993-1515,서울특별시,강북구,서울특별시 강북구 노해로 87 (수유동),5,TRUE,TRUE,TRUE,TRUE,TRUE,01048,수도권,127.02229225887,37.6436682044254,11_305
한사랑의원,의원,02-945-5050,02-945-5050,서울특별시,강북구,"서울특별시 강북구 인수봉로 142 (수유동, 수유동 근생빌딩) ",5,TRUE,TRUE,TRUE,TRUE,TRUE,01100,수도권,127.01381966273,37.6323321365145,11_305
홍종서내과의원,내과의원,02-908-8775,02-908-8775,서울특별시,강북구,"서울특별시 강북구 도봉로 358-0 2층 (번동, 코스타타워)",3,TRUE,TRUE,TRUE,FALSE,FALSE,01063,수도권,127.027474954377,37.6391358802369,11_305
아가엄마여성의원,의원,02-999-8275,02-999-8275,서울특별시,강북구,서울특별시 강북구 도봉로 334 영광빌딩 2층 (번동) ,1,FALSE,FALSE,FALSE,FALSE,TRUE,01062,수도권,127.025542416455,37.6375490492844,11_305
강북연세내과의원,내과의원,02-988-0114,02-988-0114,서울특별시,강북구,"서울특별시 강북구 도봉로 260 4층 (미아동, 운산빌딩)",5,TRUE,TRUE,TRUE,TRUE,TRUE,01132,수도권,127.024422935028,37.6317067557155,11_305
조한표내과의원,내과의원,02-900-6909,02-900-6909,서울특별시,강북구,"서울특별시 강북구 한천로 1088 2층 (수유동, 현진빌딩)",4,TRUE,TRUE,TRUE,TRUE,FALSE,01051,수도권,127.022801081885,37.6431698629423,11_305
서울우리내과의원,내과의원,02-988-9800,02-988-9800,서울특별시,강북구,서울특별시 강북구 숭인로 63 3층 (미아동),5,TRUE,TRUE,TRUE,TRUE,TRUE,01211,수도권,127.028644578066,37.6126357772224,11_305
신내과의원,내과의원,02-986-0534,02-986-0534,서울특별시,강북구,"서울특별시 강북구 오패산로 130 (미아동, 동명빌딩)",4,TRUE,TRUE,TRUE,TRUE,FALSE,01233,수도권,127.034256454097,37.6135321169515,11_305
미애로여성의원,의원,02-996-4500,02-996-4500,서울특별시,강북구,"서울특별시 강북구 도봉로 332 4층 (번동, 홍승빌딩)",0,FALSE,FALSE,FALSE,FALSE,FALSE,01062,수도권,127.025581323205,37.6373516350258,11_305
스마일내과의원,내과의원,02-900-6675,02-900-3375,서울특별시,강북구,"서울특별시 강북구 삼양로 433 2,3층 (수유동)",5,TRUE,TRUE,TRUE,TRUE,TRUE,01034,수도권,127.016298558465,37.6421890477822,11_305
김형건내과의원,내과의원,02-515-8875,02-515-8875,서울특별시,강북구,서울특별시 강북구 한천로 1082 2층 (수유동),4,TRUE,TRUE,TRUE,TRUE,FALSE,01053,수도권,127.023228251459,37.6428213690113,11_305
건강드림내과의원,내과의원,02-945-3377,02-945-3377,서울특별시,강북구,"서울특별시 강북구 도봉로 40 5층 (미아동, 대경빌딩 )",5,TRUE,TRUE,TRUE,TRUE,TRUE,01220,수도권,127.030433727904,37.6125920819171,11_305
365메디의원,의원,02-980-0075,02-980-0075,서울특별시,강북구,서울특별시 강북구 삼양로 241 3층 (미아동),5,TRUE,TRUE,TRUE,TRUE,TRUE,01110,수도권,127.018036153352,37.6251165581629,11_305
연세백세내과의원,내과의원,02-990-0360,02-6933-3240,서울특별시,강북구,"서울특별시 강북구 도봉로 295 스타타워 3,4층 (수유동)",5,TRUE,TRUE,TRUE,TRUE,TRUE,01081,수도권,127.022926133447,37.6349324947858,11_305
365항외과의원,의원,02-900-0365,02-900-0365,서울특별시,강북구,"서울특별시 강북구 도봉로 333 8층 (수유동, 정우빌딩)",3,TRUE,TRUE,FALSE,TRUE,FALSE,01073,수도권,127.025051831538,37.6378699051432,11_305
리앤여성의원,의원,02-6952-3611,02-6952-3611,서울특별시,강북구,서울특별시 강북구 도봉로 308 5층 (번동),0,FALSE,FALSE,FALSE,FALSE,FALSE,01062,수도권,127.02383520999,37.6356640949861,11_305
시원내과의원,내과의원,02-987-1175,02-987-1175,서울특별시,강북구,서울특별시 강북구 도봉로 217 1층 (미아동),4,TRUE,TRUE,TRUE,TRUE,FALSE,01125,수도권,127.025110730368,37.6280577072037,11_305
우리베스트내과의원,내과의원,02-6956-0882,6956-0882,서울특별시,강북구,"서울특별시 강북구 도봉로 308 3층 (번동, (주)북한산스카이)",5,TRUE,TRUE,TRUE,TRUE,TRUE,01062,수도권,127.02383520999,37.6356640949861,11_305
서울봄연합의원,의원,02-907-0304,02-907-0304,서울특별시,강북구,서울특별시 강북구 삼양로 579 화성빌딩 2~4층 (우이동) ,5,TRUE,TRUE,TRUE,TRUE,TRUE,01006,수도권,127.012710626694,37.6546970306366,11_305
서울류내과의원,내과의원,02-6953-9080,02-6953-9080,서울특별시,강북구,서울특별시 강북구 한천로 1120 영우빌딩 2층 (수유동),4,TRUE,TRUE,TRUE,TRUE,FALSE,01047,수도권,127.020019929684,37.6450987438405,11_305
강북편한내과의원,내과의원,02-6949-2677,02-6949-2677,서울특별시,강북구,서울특별시 강북구 삼양로 162 젬스톤프라자 2층 (미아동),5,TRUE,TRUE,TRUE,TRUE,TRUE,01201,수도권,127.021622086882,37.6183872008438,11_305
서울에이치내과의원,내과의원,02-905-7559,02-905-7559,서울특별시,강북구,서울특별시 강북구 도봉로 323 용신빌딩 4층 401호 (수유동),5,TRUE,TRUE,TRUE,TRUE,TRUE,01073,수도권,127.024202760308,37.6371279409738,11_305
햇살아이의원,의원,02-987-2030,02-987-2030,서울특별시,강북구,서울특별시 강북구 삼양로 241 4층 (미아동),0,FALSE,FALSE,FALSE,FALSE,FALSE,01110,수도권,127.018036153352,37.6251165581629,11_305
수유탑내과의원,내과의원,02-900-7588,02-900-7588,서울특별시,강북구,서울특별시 강북구 도봉로 333 정우빌딩 4층 (수유동),5,TRUE,TRUE,TRUE,TRUE,TRUE,01073,수도권,127.025051831538,37.6378699051432,11_305
서울조이내과의원,내과의원,02-980-1012,02-980-1012,서울특별시,강북구,서울특별시 강북구 도봉로 174 2층 (미아동) ,5,TRUE,TRUE,TRUE,TRUE,TRUE,01158,수도권,127.027256903319,37.6243888632451,11_305
수유드림내과의원,내과의원,02-2038-4777,02-2038-4777,서울특별시,강북구,서울특별시 강북구 삼양로 441 은행빌딩 1층 1호 (수유동) ,5,TRUE,TRUE,TRUE,TRUE,TRUE,01033,수도권,127.016086382415,37.6429179732057,11_305
서울원플러스의원,의원,02-980-7577,02-980-7577,서울특별시,강북구,"서울특별시 강북구 삼양로 188 2,3층 (미아동) ",1,FALSE,FALSE,TRUE,FALSE,FALSE,01174,수도권,127.02089791537,37.6206552978643,11_305
강북성모내과의원,내과의원,02-6011-3259,02-6011-3259,서울특별시,강북구,서울특별시 강북구 도봉로 205 3층 (미아동) ,5,TRUE,TRUE,TRUE,TRUE,TRUE,01126,수도권,127.025597326468,37.6268648765834,11_305
서울더블유W내과의원,내과의원,02-6951-4545,02-6951-4545,서울특별시,강북구,서울특별시 강북구 삼양로 258 2층 (미아동) ,5,TRUE,TRUE,TRUE,TRUE,TRUE,01122,수도권,127.018427740397,37.6264197751681,11_305
서울바른내과의원,내과의원,02-995-5000,02-995-5000,서울특별시,강북구,서울특별시 강북구 삼양로 502 3~4층 (수유동) ,5,TRUE,TRUE,TRUE,TRUE,TRUE,01037,수도권,127.014669692219,37.6479701545868,11_305
지혜로운의원,의원,02-6733-7820,02-6733-7820,서울특별시,강북구,서울특별시 강북구 도봉로 52 연이빌딩 11층 (미아동) ,1,FALSE,FALSE,FALSE,FALSE,TRUE,01215,수도권,127.03052852605,37.613699372646,11_305
의료법인한전의료재단 한일병원,종합병원,02-901-3698,02-901-3114,서울특별시,도봉구,서울특별시 도봉구 우이천로 308 한일병원 (쌍문동),4,FALSE,TRUE,TRUE,TRUE,TRUE,01450,수도권,127.029058318974,37.6466848477493,11_320
바로선병원,병원,02-907-0700,02-1666-5853,서울특별시,도봉구,"서울특별시 도봉구 도봉로 628 (창동, 바로선병원)",5,TRUE,TRUE,TRUE,TRUE,TRUE,01397,수도권,127.042113640274,37.6603418778017,11_320
에이치큐브병원,병원,02-6911-7200,02-900-2000,서울특별시,도봉구,서울특별시 도봉구 도봉로 604 (창동),5,TRUE,TRUE,TRUE,TRUE,TRUE,01401,수도권,127.041034393222,37.6583143285943,11_320
의료법인 상원의료재단 강북힘찬병원,병원,02-1899-2226,02-1899-2226,서울특별시,도봉구,서울특별시 도봉구 도봉로 446 강북힘찬병원 (창동),4,TRUE,TRUE,TRUE,TRUE,FALSE,01459,수도권,127.033377074805,37.6456625299969,11_320
서울노보스병원,병원,02-3492-3250,02-3492-3251,서울특별시,도봉구,서울특별시 도봉구 도봉로 755 (도봉동),5,TRUE,TRUE,TRUE,TRUE,TRUE,01310,수도권,127.043634544572,37.6719302785383,11_320
이영수의원,의원,02-992-6353,02-992-6353,서울특별시,도봉구,서울특별시 도봉구 도봉로 477 (쌍문동),1,TRUE,FALSE,FALSE,FALSE,FALSE,01443,수도권,127.034197462542,37.6484305671088,11_320
신창내과의원,내과의원,02-993-5336,02-993-5336,서울특별시,도봉구,서울특별시 도봉구 덕릉로 233 (창동),5,TRUE,TRUE,TRUE,TRUE,TRUE,01471,수도권,127.037873803493,37.6387789133208,11_320
이강보산부인과의원,의원,02-904-3377,02-904-3377,서울특별시,도봉구,서울특별시 도봉구 도봉로 465 (쌍문동),0,FALSE,FALSE,FALSE,FALSE,FALSE,01447,수도권,127.033589540733,37.6474449757722,11_320
다우미즈산부인과의원,의원,02-983-6000,02-983-6000,서울특별시,도봉구,서울특별시 도봉구 마들로 684 4층 402호 (도봉동),0,FALSE,FALSE,FALSE,FALSE,FALSE,01330,수도권,127.046683445527,37.6710450698082,11_320
유덕기내과의원,내과의원,02-956-9831,02-956-9831,서울특별시,도봉구,"서울특별시 도봉구 방학로 183 3층 (방학동, 거구빌딩)",4,TRUE,TRUE,TRUE,TRUE,FALSE,01384,수도권,127.032332990019,37.6617613971042,11_320
신동아의원,의원,02-954-1857,02-954-1857,서울특별시,도봉구,"서울특별시 도봉구 시루봉로 105 신동아상가 203,204호 (방학동) ",0,FALSE,FALSE,FALSE,FALSE,FALSE,01362,수도권,127.027032098141,37.6601767333194,11_320
이수현내과의원,내과의원,02-903-0092,02-903-0092,서울특별시,도봉구,서울특별시 도봉구 해등로 255 (쌍문동),3,TRUE,TRUE,TRUE,FALSE,FALSE,01429,수도권,127.028191786525,37.6573748589473,11_320
가족건강의원,의원,02-903-1556,02-903-1556,서울특별시,도봉구,서울특별시 도봉구 해등로 218 (쌍문동),0,FALSE,FALSE,FALSE,FALSE,FALSE,01387,수도권,37.658183743901986,127.0324619935992,11_320
유내과의원,내과의원,02-954-1826,02-954-1826,서울특별시,도봉구,서울특별시 도봉구 마들로 691 (도봉동),3,TRUE,TRUE,TRUE,FALSE,FALSE,01328,수도권,127.046342295797,37.6718220291379,11_320
강준구내과의원,내과의원,02-908-7772,02-908-7772,서울특별시,도봉구,서울특별시 도봉구 덕릉로 236 (창동),5,TRUE,TRUE,TRUE,TRUE,TRUE,01473,수도권,127.038510983653,37.6387460013087,11_320
사랑가득중앙의원,의원,02-307-3393,02-307-3393,서울특별시,도봉구,"서울특별시 도봉구 노해로41길 37 (쌍문동, 대성빌딩 2층)",0,FALSE,FALSE,FALSE,FALSE,FALSE,01381,수도권,127.025375990289,37.649897432848,11_320
양산부인과의원,의원,02-996-7964,02-996-7947,서울특별시,도봉구,서울특별시 도봉구 도봉로 496 5층 (창동),0,FALSE,FALSE,FALSE,FALSE,FALSE,01453,수도권,127.035734728678,37.6497057235918,11_320
엔젤아이의원,의원,02-903-7333,02-903-7333,서울특별시,도봉구,"서울특별시 도봉구 도봉로 476 205호,206호 (창동, 삼성쉐르빌퍼스티)",0,FALSE,FALSE,FALSE,FALSE,FALSE,01454,수도권,127.034762529441,37.647876747648,11_320
주용진내과의원,내과의원,02-3492-3091,02-3492-3091,서울특별시,도봉구,"서울특별시 도봉구 도봉로 859 202호 (도봉동, 시온성빌딩)",4,TRUE,TRUE,TRUE,TRUE,FALSE,01304,수도권,127.045189347221,37.681243203433,11_320
의료법인풍산의료재단 창동제일의원,의원,02-900-5017,02-900-5011,서울특별시,도봉구,"서울특별시 도봉구 노해로65길 17-13 2층 (창동, 검진센터)",5,TRUE,TRUE,TRUE,TRUE,TRUE,01405,수도권,127.045452585932,37.6518885247977,11_320
혜정산부인과의원,의원,02-999-4497,02-999-4497,서울특별시,도봉구,"서울특별시 도봉구 도봉로 677 202호 (방학동, 우리들메디빌딩)",0,FALSE,FALSE,FALSE,FALSE,FALSE,01340,수도권,127.042318316334,37.6649297808959,11_320
서울내과의원,내과의원,02-905-6119,02-905-6119,서울특별시,도봉구,서울특별시 도봉구 도봉로 488 (창동),4,TRUE,TRUE,TRUE,TRUE,FALSE,01454,수도권,127.035265943337,37.6489950789907,11_320
김윤자내과의원,내과의원,02-6959-5220,6959-5220,서울특별시,도봉구,"서울특별시 도봉구 도봉로 553 2층 (쌍문동, 상수빌딩) ",2,TRUE,FALSE,TRUE,FALSE,FALSE,01436,수도권,127.0378506985,37.6546486661369,11_320
조천영내과의원,내과의원,02-994-7582,02-994-7582,서울특별시,도봉구,서울특별시 도봉구 노해로63길 79 (창동),3,TRUE,TRUE,TRUE,FALSE,FALSE,01399,수도권,127.046291895459,37.6530884876081,11_320
동부한일외과내과의원,내과의원,02-3491-4753,02-3492-4754,서울특별시,도봉구,"서울특별시 도봉구 마들로 686 2,3,4층 (도봉동) ",4,TRUE,TRUE,TRUE,TRUE,FALSE,01325,수도권,127.04670145023,37.6713785153228,11_320
김남일의원,의원,02-955-3554,02-955-3554,서울특별시,도봉구,"서울특별시 도봉구 도봉로 727-1 5,6층 (방학동)",4,TRUE,TRUE,TRUE,TRUE,FALSE,01350,수도권,127.043160675894,37.6694684351132,11_320
현대의원,의원,02-993-0335,02-993-0335,서울특별시,도봉구,서울특별시 도봉구 우이천로 478 (쌍문동),1,TRUE,FALSE,FALSE,FALSE,FALSE,01372,수도권,127.015905782688,37.6557164650349,11_320
늘푸른의원,의원,02-997-4688,02-997-4688,서울특별시,도봉구,"서울특별시 도봉구 덕릉로63가길 61 204호 (창동, 대우아파트상가)",0,FALSE,FALSE,FALSE,FALSE,FALSE,01465,수도권,127.037330634079,37.6426063787029,11_320
건강제일의원,의원,02-903-0099,02-903-0099,서울특별시,도봉구,서울특별시 도봉구 도봉로 499 2호 (쌍문동),4,TRUE,TRUE,TRUE,TRUE,FALSE,01442,수도권,127.035311835472,37.6501906699592,11_320
나비석내과의원,내과의원,02-956-7533,02-956-7533,서울특별시,도봉구,"서울특별시 도봉구 마들로 859-19 206호 (도봉동, 한신아파트 근린상가)",2,TRUE,FALSE,TRUE,FALSE,FALSE,01318,수도권,127.046764720981,37.6860418285068,11_320
은내과의원,내과의원,02-932-1974,02-932-1974,서울특별시,도봉구,"서울특별시 도봉구 노해로 389 203호 (창동, 제일빌딩)",2,TRUE,FALSE,TRUE,FALSE,FALSE,01415,수도권,127.051335609074,37.6527681735064,11_320
신창성모내과의원,내과의원,02-902-1476,02-902-1476,서울특별시,도봉구,"서울특별시 도봉구 덕릉로 258 3층 (창동, 호원프라자)",4,TRUE,TRUE,TRUE,TRUE,FALSE,01474,수도권,127.039988789748,37.640299618227,11_320
동동가정의학과의원,의원,02-956-0415,02-956-0415,서울특별시,도봉구,서울특별시 도봉구 방학로 167 4층 (방학동),5,TRUE,TRUE,TRUE,TRUE,TRUE,01384,수도권,127.033578375448,37.6621580215254,11_320
삼성플러스의원,의원,02-998-0075,998-0075,서울특별시,도봉구,"서울특별시 도봉구 노해로 384 203호 (창동, 동아상가) ",0,FALSE,FALSE,FALSE,FALSE,FALSE,01416,수도권,127.051002787716,37.6519427474015,11_320
참서울내과의원,내과의원,02-954-2100,954-2100,서울특별시,도봉구,"서울특별시 도봉구 마들로 650 도봉월드상가 1층 105-3,4 106-3,4 112-2호 (방학동) ",5,TRUE,TRUE,TRUE,TRUE,TRUE,01331,수도권,127.047064658894,37.6680283468222,11_320
건강한내과의원,내과의원,02-956-7588,02-956-7588,서울특별시,도봉구,서울특별시 도봉구 도봉로 729 2층 (방학동),4,TRUE,TRUE,TRUE,TRUE,FALSE,01350,수도권,127.043302922287,37.6696580392898,11_320
항상쾌한외과의원,의원,02-2234-1004,02-2234-1004,서울특별시,도봉구,서울특별시 도봉구 도봉로 677 7층층 (방학동),3,TRUE,FALSE,TRUE,TRUE,FALSE,01340,수도권,127.042318316334,37.6649297808959,11_320
양시영내과의원,내과의원,02-990-5100,990-5100,서울특별시,도봉구,서울특별시 도봉구 덕릉로 225 (창동) ,3,TRUE,FALSE,TRUE,TRUE,FALSE,01471,수도권,127.037334355933,37.6382701188965,11_320
쌍문동강내과의원,내과의원,02-998-3600,02-998-3600,서울특별시,도봉구,서울특별시 도봉구 해등로 218 (쌍문동),4,TRUE,TRUE,TRUE,TRUE,FALSE,01387,수도권,127.032521026155,37.6581564278861,11_320
더블유의원,의원,02-990-6868,02-990-6868,서울특별시,도봉구,서울특별시 도봉구 도봉로 468 흥일빌딩 3층 301호 (창동),5,TRUE,TRUE,TRUE,TRUE,TRUE,01455,수도권,127.034372618396,37.6473861862855,11_320
정다운가정의학과의원,의원,02-997-7545,997-7545,서울특별시,도봉구,"서울특별시 도봉구 해등로16길 26 (창동, 타임프라자)",0,FALSE,FALSE,FALSE,FALSE,FALSE,01402,수도권,127.041487916229,37.6556290632666,11_320
한걸음가정의학과의원,의원,02-996-9110,02-996-9110,서울특별시,도봉구,"서울특별시 도봉구 삼양로 580-4 2층 (쌍문동, 노스블릭)",5,TRUE,TRUE,TRUE,TRUE,TRUE,01366,수도권,127.013297998165,37.6547760721445,11_320
성모가정의학과의원,의원,02-904-9045,02-904-9045,서울특별시,도봉구,"서울특별시 도봉구 마들로 555 209호 (창동, 쌍용아파트)",0,FALSE,FALSE,FALSE,FALSE,FALSE,01410,수도권,127.048652457888,37.6603292711101,11_320
쌍문성모내과의원,내과의원,02-903-0875,02-903-0875,서울특별시,도봉구,서울특별시 도봉구 도봉로 511 2~4층 (쌍문동) ,5,TRUE,TRUE,TRUE,TRUE,TRUE,01442,수도권,127.035709218021,37.6510954076,11_320
윤앤석내과의원,내과의원,02-3491-8123,02-3491-8123,서울특별시,도봉구,"서울특별시 도봉구 도당로13길 16 301호, 402호 (방학동)",4,TRUE,TRUE,TRUE,TRUE,FALSE,01355,수도권,127.035579342152,37.6655545838399,11_320
도봉연세위내과의원,내과의원,02-6953-7561,02-6953-7561,서울특별시,도봉구,"서울특별시 도봉구 도봉로 684 3층 302, 303호 (방학동)",5,TRUE,TRUE,TRUE,TRUE,TRUE,01334,수도권,127.043607120894,37.6653558357799,11_320
위플러스내과의원,내과의원,02-995-1119,02-995-1119,서울특별시,도봉구,"서울특별시 도봉구 도봉로 575 삼환프라자 401, 402호 (쌍문동)",5,TRUE,TRUE,TRUE,TRUE,TRUE,01432,수도권,127.038790046328,37.6564054566286,11_320
더건강내과의원,내과의원,02-999-5100,02-999-5100,서울특별시,도봉구,서울특별시 도봉구 노해로63길 84-3 5층 (창동),5,TRUE,TRUE,TRUE,TRUE,TRUE,01405,수도권,127.046973416955,37.6527394478184,11_320
백은경내과의원,내과의원,02-6956-9737,02-6956-9737,서울특별시,도봉구,서울특별시 도봉구 도봉로 727-1 3층 (방학동) ,5,TRUE,TRUE,TRUE,TRUE,TRUE,01350,수도권,127.043160675894,37.6694684351132,11_320
서울넘버원내과의원,내과의원,02-6077-8800,02-6077-8800,서울특별시,도봉구,서울특별시 도봉구 마들로13길 61 씨드큐브 창동 5층 501-2호 (창동) ,5,TRUE,TRUE,TRUE,TRUE,TRUE,01413,수도권,127.049926290286,37.6545399298261,11_320
인제대학교 상계백병원,종합병원,02-950-1155,02-950-1114,서울특별시,노원구,서울특별시 노원구 동일로 1342 상계백병원 (상계동) ,5,TRUE,TRUE,TRUE,TRUE,TRUE,01757,수도권,127.063115737673,37.6485819883224,11_350
노원을지대학교병원,종합병원,02-970-8366,02-970-8000,서울특별시,노원구,서울특별시 노원구 한글비석로 68 을지병원 (하계동) ,5,TRUE,TRUE,TRUE,TRUE,TRUE,01830,수도권,127.06968108866,37.6361106543284,11_350
한국원자력의학원원자력병원,종합병원,02-970-1782,02-970-2114,서울특별시,노원구,서울특별시 노원구 노원로 75 한국원자력의학원 (공릉동) ,5,TRUE,TRUE,TRUE,TRUE,TRUE,01812,수도권,127.083017711933,37.6286068147245,11_350
방병원,병원,02-977-7477,02-1577-4447,서울특별시,노원구,서울특별시 노원구 동일로 989 1~9층 (공릉동) ,5,TRUE,TRUE,TRUE,TRUE,TRUE,01861,수도권,127.075033608195,37.6184022670986,11_350
강북연세병원,병원,02-1800-0755,02-2092-5505,서울특별시,노원구,서울특별시 노원구 동일로 996 (공릉동) ,4,TRUE,TRUE,TRUE,TRUE,FALSE,01849,수도권,127.075487711537,37.6191955674915,11_350
메디아이여성병원,병원,02-936-2122,02-936-2122,서울특별시,노원구,"서울특별시 노원구 노원로 448 (상계동, 메디아이여성병원) ",1,FALSE,FALSE,FALSE,FALSE,TRUE,01696,수도권,127.0670480462,37.6564723367144,11_350
참사랑의원,의원,02-933-7575,02-933-7575,서울특별시,노원구,"서울특별시 노원구 누원로 22 (상계동, 수락리버시티4단지 크로바프라자203호)",0,FALSE,FALSE,FALSE,FALSE,FALSE,01601,수도권,127.053059073035,37.6871097060198,11_350
태능성심의원,의원,02-973-7835,02-970-0920,서울특별시,노원구,"서울특별시 노원구 동일로 987 지하1층, 2층 일부 (공릉동)",5,TRUE,TRUE,TRUE,TRUE,TRUE,01861,수도권,127.074941145603,37.6182542034567,11_350
김지호산부인과의원,의원,02-939-0980,939-0980,서울특별시,노원구,서울특별시 노원구 덕릉로83길 10 2/3층 (중계동),0,FALSE,FALSE,FALSE,FALSE,FALSE,01662,수도권,127.074902265073,37.6599818001709,11_350
한상호내과의원,내과의원,02-937-4313,02-937-4313,서울특별시,노원구,서울특별시 노원구 상계로 65 (상계동),4,TRUE,TRUE,TRUE,TRUE,FALSE,01693,수도권,127.062249590194,37.6563543249568,11_350
위앤장이원표내과의원,내과의원,02-931-7911,931-7911,서울특별시,노원구,서울특별시 노원구 동일로215길 2 하나빌딩 4층 (상계동) ,4,TRUE,TRUE,TRUE,TRUE,FALSE,01762,수도권,127.06097028296,37.6515445577731,11_350
박상호의원,의원,02-496-9361,02-496-9361,서울특별시,노원구,"서울특별시 노원구 동일로 1280 201호 (중계동, 시영2단지상가)",0,FALSE,FALSE,FALSE,FALSE,FALSE,01782,수도권,127.065740831728,37.6434962139665,11_350
홍성환산부인과의원,의원,02-972-1800,02-972-1800,서울특별시,노원구,서울특별시 노원구 화랑로 455 1층 (공릉동) ,0,FALSE,FALSE,FALSE,FALSE,FALSE,01849,수도권,127.077740913162,37.6186871188062,11_350
성문의원,의원,02-919-7075,02-919-7075,서울특별시,노원구,서울특별시 노원구 석계로 9 (월계동),5,TRUE,TRUE,TRUE,TRUE,TRUE,01902,수도권,127.064436681005,37.6156906988613,11_350
제일산부인과의원,의원,02-948-2870,02-948-2870,서울특별시,노원구,"서울특별시 노원구 섬밭로 229 306호 (하계동, 벽산상가)",0,FALSE,FALSE,FALSE,FALSE,FALSE,01776,수도권,127.064539154736,37.636617860423,11_350
서울산부인과의원,의원,02-951-5588,951-5588,서울특별시,노원구,서울특별시 노원구 한글비석로 269 401호 (중계동),0,FALSE,FALSE,FALSE,FALSE,FALSE,01714,수도권,127.076788209393,37.6517182215771,11_350
유진상내과의원,내과의원,02-930-8433,02-930-8433,서울특별시,노원구,"서울특별시 노원구 한글비석로 269 301호 (중계동, 마들프라자)",2,TRUE,FALSE,TRUE,FALSE,FALSE,01714,수도권,127.076788209393,37.6517182215771,11_350
신웅식내과의원,내과의원,02-949-0233,02-949-0233,서울특별시,노원구,서울특별시 노원구 동일로 1044 2층 (공릉동),2,TRUE,FALSE,TRUE,FALSE,FALSE,01845,수도권,127.074051281843,37.6233663373204,11_350
제이내과의원,내과의원,02-937-0090,937-0090,서울특별시,노원구,"서울특별시 노원구 한글비석로 365 3층,4층 (중계동)",5,TRUE,TRUE,TRUE,TRUE,TRUE,01699,수도권,127.074164051186,37.6581887726597,11_350
아름다운여성의원,의원,02-936-0374,02-936-0374,서울특별시,노원구,"서울특별시 노원구 한글비석로 383 2층 201호,202호 (중계동, 삼창프라자)",0,FALSE,FALSE,FALSE,FALSE,FALSE,01699,수도권,127.073074956682,37.6591119674807,11_350
퀸스메디산부인과의원,의원,02-948-7588,2289-2800,서울특별시,노원구,서울특별시 노원구 동일로 1059 (공릉동) ,1,FALSE,FALSE,FALSE,FALSE,TRUE,01857,수도권,127.072987056792,37.6245300844681,11_350
파티마의원,의원,02-933-0081,02-933-0081,서울특별시,노원구,서울특별시 노원구 중계로 160 화인상가아파트 (중계동),1,TRUE,FALSE,FALSE,FALSE,FALSE,01724,수도권,127.08136593924,37.6494069250537,11_350
노원방사선과의원,의원,02-952-8733,02-952-8733,서울특별시,노원구,서울특별시 노원구 동일로 1401 4층 (상계동),5,TRUE,TRUE,TRUE,TRUE,TRUE,01762,수도권,127.060380855012,37.6535750451494,11_350
몸편한내과의원,내과의원,02-930-1900,02-930-1900,서울특별시,노원구,서울특별시 노원구 덕릉로 744 금강빌딩 2층 (상계동),5,TRUE,TRUE,TRUE,TRUE,TRUE,01648,수도권,127.076561248854,37.6638757666572,11_350
큐빅산부인과의원,의원,02-930-1450,02-930-1450,서울특별시,노원구,"서울특별시 노원구 동일로 1689 207호 (상계동, 하이베라스)",0,FALSE,FALSE,FALSE,FALSE,FALSE,01604,수도권,127.054950932229,37.6791213093376,11_350
박규희산부인과의원,의원,02-932-0700,02-932-0700,서울특별시,노원구,"서울특별시 노원구 동일로 1530 204호 (상계동, 다모아빌딛)",0,FALSE,FALSE,FALSE,FALSE,FALSE,01674,수도권,127.058023631956,37.665066086443,11_350
서울의원,의원,02-993-2161,02-993-2161,서울특별시,노원구,"서울특별시 노원구 월계로 370 희성프라자 201,202호 (월계동)",5,TRUE,TRUE,TRUE,TRUE,TRUE,01905,수도권,127.06102564028,37.6309766775099,11_350
송내과의원,내과의원,02-3392-2275,02-3392-2275,서울특별시,노원구,서울특별시 노원구 동일로 1669 (상계동),3,TRUE,TRUE,TRUE,FALSE,FALSE,01607,수도권,127.054894046823,37.6774584894731,11_350
남미현산부인과의원,의원,02-938-5557,02-938-5557,서울특별시,노원구,"서울특별시 노원구 노해로 482 7층 (상계동, 덕영빌딩)",0,FALSE,FALSE,FALSE,FALSE,FALSE,01751,수도권,127.061716819928,37.6542725250696,11_350
오승희산부인과의원,의원,02-938-3313,02-938-3313,서울특별시,노원구,서울특별시 노원구 한글비석로 384 308호 (중계동),0,FALSE,FALSE,FALSE,FALSE,FALSE,01662,수도권,127.073239970178,37.6598085040664,11_350
추교영내과의원,내과의원,02-977-7596,02-977-7532,서울특별시,노원구,"서울특별시 노원구 공릉로 144 2층 (공릉동, 공릉빌딩)",5,TRUE,TRUE,TRUE,TRUE,TRUE,01819,수도권,127.079489105218,37.6226202059241,11_350
김호철방사선과의원,의원,02-936-1117,02-936-1117,서울특별시,노원구,"서울특별시 노원구 동일로 1549 2층 (상계동, 양성빌딩)",5,TRUE,TRUE,TRUE,TRUE,TRUE,01620,수도권,127.056885146932,37.6667140840618,11_350
장대국내과의원,내과의원,02-934-9454,02-934-9454,서울특별시,노원구,서울특별시 노원구 노해로 452 노빌리안골드 (상계동),1,TRUE,FALSE,FALSE,FALSE,FALSE,01762,수도권,127.058425653348,37.6535043114989,11_350
평화내과의원,내과의원,02-919-8131,919-8131,서울특별시,노원구,"서울특별시 노원구 화랑로 337 5층 1호,2호 (월계동)",4,TRUE,TRUE,TRUE,TRUE,FALSE,01895,수도권,127.065169222212,37.6152393519423,11_350
박성제내과의원,내과의원,02-932-3375,02-932-3375,서울특별시,노원구,서울특별시 노원구 동일로 1545 (상계동),5,TRUE,TRUE,TRUE,TRUE,TRUE,01620,수도권,127.056973759982,37.6663907694807,11_350
남서울내과의원,내과의원,02-938-0875,02-938-0875,서울특별시,노원구,"서울특별시 노원구 노해로 488 4층 (상계동, 근호빌딩)",5,TRUE,TRUE,TRUE,TRUE,TRUE,01751,수도권,127.062168567542,37.6543222923845,11_350
노원이서진내과의원,내과의원,02-942-8275,942-8275,서울특별시,노원구,"서울특별시 노원구 월계로 334 2층 203,204,205호 (월계동, 그랑디오피스텔) ",1,TRUE,FALSE,FALSE,FALSE,FALSE,01885,수도권,127.057612466252,37.6290173070666,11_350
제민통합내과정형외과의원,내과의원,02-936-6390,02-936-6390,서울특별시,노원구,서울특별시 노원구 상계로 63-7 청우빌딩 (상계동) ,2,TRUE,FALSE,FALSE,FALSE,TRUE,01693,수도권,127.06188934164,37.6565099339141,11_350
새서울연합의원,의원,02-930-1286,02-930-5858,서울특별시,노원구,"서울특별시 노원구 동일로 1678 2,4,5,6,7층 (상계동)",4,TRUE,TRUE,TRUE,TRUE,FALSE,01625,수도권,127.055706735633,37.6780947400484,11_350
기쁜가정의학과의원,의원,02-971-4913,02-971-4913,서울특별시,노원구,서울특별시 노원구 노원로 257 4층 (하계동),3,TRUE,TRUE,TRUE,FALSE,FALSE,01791,수도권,127.072761003099,37.6402669300959,11_350
희락서울가정의학과의원,의원,02-937-1982,02-937-1982,서울특별시,노원구,"서울특별시 노원구 수락산로 190 203호 (상계동, 희락상가)",3,TRUE,TRUE,TRUE,FALSE,FALSE,01631,수도권,127.057274733282,37.6711773512332,11_350
힐링산부인과의원,의원,02-952-9100,02-952-9100,서울특별시,노원구,"서울특별시 노원구 노해로 485 7층 (상계동, 금정빌딩)",0,FALSE,FALSE,FALSE,FALSE,FALSE,01695,수도권,127.06192277535,37.6548752644222,11_350
미즈아이프라자산부인과의원,의원,02-939-5224,02-931-5224,서울특별시,노원구,서울특별시 노원구 동일로 1669 수락프라자 (상계동),0,FALSE,FALSE,FALSE,FALSE,FALSE,01607,수도권,127.054894046823,37.6774584894731,11_350
권내과의원,내과의원,02-972-8375,02-972-8375,서울특별시,노원구,"서울특별시 노원구 마들로 111 나동 205호, 206호 (월계동, 삼호종합상가)",3,TRUE,TRUE,TRUE,FALSE,FALSE,01909,수도권,127.064778103315,37.6238343591525,11_350
중계우리들의원,의원,02-931-8270,02-931-8270,서울특별시,노원구,"서울특별시 노원구 한글비석로 235 하나프라자빌딩 401호,402호,403호 (중계동)",5,TRUE,TRUE,TRUE,TRUE,TRUE,01743,수도권,127.076341457383,37.6487936506461,11_350
굳쎈정형외과의원,의원,02-2038-4987,02-2038-4987,서울특별시,노원구,"서울특별시 노원구 동일로 1673 상계빌딩 4,3,2층 302호, 202호 (상계동)",5,TRUE,TRUE,TRUE,TRUE,TRUE,01607,수도권,127.054942094267,37.6778972437903,11_350
중계윌내과의원,내과의원,02-933-8255,02-933-8255,서울특별시,노원구,"서울특별시 노원구 한글비석로 253 세신프라자빌딩 401호, 402호, 405호 (중계동)",5,TRUE,TRUE,TRUE,TRUE,TRUE,01743,수도권,127.0763481119,37.6504237048351,11_350
상계아산내과의원,내과의원,02-937-7557,02-937-7557,서울특별시,노원구,"서울특별시 노원구 한글비석로 459 2층 (상계동, 한보빌딩)",4,TRUE,TRUE,TRUE,TRUE,FALSE,01679,수도권,127.066940305648,37.6640821772652,11_350
신항외과의원,의원,02-948-7100,948-7100,서울특별시,노원구,서울특별시 노원구 동일로 1098 4-7층 (공릉동),5,TRUE,TRUE,TRUE,TRUE,TRUE,01839,수도권,127.072245353338,37.6279664534118,11_350
월계의원,의원,02-976-1113,02-976-1113,서울특별시,노원구,서울특별시 노원구 월계로45가길 94 청백아파트4단지상가 106호 (월계동),0,FALSE,FALSE,FALSE,FALSE,FALSE,01876,수도권,37.632161711217,127.05103979290091,11_350
피오나여성의원,의원,02-951-7111,02-951-7111,서울특별시,노원구,"서울특별시 노원구 상계로 77 3층 (상계동, 다나프라자)",0,FALSE,FALSE,FALSE,FALSE,FALSE,01693,수도권,127.06351419165,37.6567452176387,11_350
상계심내과의원,내과의원,02-931-2525,02-931-2525,서울특별시,노원구,"서울특별시 노원구 동일로 1677 (상계동, 제성빌딩)",4,TRUE,TRUE,TRUE,TRUE,FALSE,01607,수도권,127.054968378566,37.6781841932825,11_350
에비뉴여성의원,의원,02-936-0433,02-936-0400,서울특별시,노원구,"서울특별시 노원구 노해로 480 6층 (상계동, 조광빌딩)",0,FALSE,FALSE,FALSE,FALSE,FALSE,01751,수도권,127.061435135164,37.6541794204255,11_350
올리브산부인과의원,의원,02-925-8861,02-925-8861,서울특별시,노원구,"서울특별시 노원구 노해로 495 3층 302호 (상계동, 삼용빌딩)",0,FALSE,FALSE,FALSE,FALSE,FALSE,01695,수도권,127.063089199491,37.6551188125687,11_350
365열린내과의원,내과의원,02-976-3658,02-976-3658,서울특별시,노원구,서울특별시 노원구 한글비석로 77 3층 (하계동),5,TRUE,TRUE,TRUE,TRUE,TRUE,01790,수도권,127.070466464149,37.6375614945414,11_350
건강미소내과의원,내과의원,02-931-5513,931-5513,서울특별시,노원구,"서울특별시 노원구 노해로 480 5층 (상계동, 조광빌딩)",5,TRUE,TRUE,TRUE,TRUE,TRUE,01751,수도권,127.061435135164,37.6541794204255,11_350
서울삼성내과의원,내과의원,02-939-2227,02-939-2227,서울특별시,노원구,"서울특별시 노원구 동일로 1547 3층 (상계동, 시몬빌딩)",5,TRUE,TRUE,TRUE,TRUE,TRUE,01620,수도권,127.056931384286,37.6665575614389,11_350
중계튼튼의원,의원,02-973-0173,02-973-0173,서울특별시,노원구,"서울특별시 노원구 동일로207길 18 206호 (중계동, 중계그린아파트 B상가 )",2,TRUE,FALSE,TRUE,FALSE,FALSE,01777,수도권,127.062051438504,37.6445728156805,11_350
에스엔(SN)재활의학과내과의원,내과의원,02-949-7755,02-949-7755,서울특별시,노원구,"서울특별시 노원구 월계로 370 4층 402~404호 (월계동, 희성프라자) ",4,TRUE,TRUE,TRUE,TRUE,FALSE,01905,수도권,127.06102564028,37.6309766775099,11_350
김앤박내과의원,내과의원,02-930-7601,02-930-7601,서울특별시,노원구,"서울특별시 노원구 동일로 1392 3층 (상계동, 한일빌딩)",4,TRUE,TRUE,TRUE,TRUE,FALSE,01751,수도권,127.061324512782,37.6530537904638,11_350
우리의원,의원,02-3392-7575,02-3392-7575,서울특별시,노원구,서울특별시 노원구 상계로27길 7 중앙빌딩 2·3·4층 (상계동) ,1,TRUE,FALSE,FALSE,FALSE,FALSE,01684,수도권,127.070571523437,37.658912392654,11_350
유정의원,의원,02-937-0119,02-937-0119,서울특별시,노원구,"서울특별시 노원구 한글비석로 416 2,3층 (상계동, 상계의원)",1,TRUE,FALSE,FALSE,FALSE,FALSE,01668,수도권,127.070637065092,37.6617023324905,11_350
선두외과의원,의원,02-935-7535,935-7535,서울특별시,노원구,"서울특별시 노원구 노해로 456 4층 401호 (상계동, 동방빌딩) ",5,TRUE,TRUE,TRUE,TRUE,TRUE,01762,수도권,127.058798321497,37.6535872870243,11_350
참내과의원,내과의원,02-977-7588,02-977-7588,서울특별시,노원구,"서울특별시 노원구 동일로203가길 29 291호 (중계동, 브라운스톤 중계)",4,TRUE,TRUE,TRUE,TRUE,FALSE,01779,수도권,127.06428375943,37.6398759609875,11_350
베스트가정의학과의원,의원,02-936-0075,02-936-0075,서울특별시,노원구,"서울특별시 노원구 덕릉로 694 2층 (중계동, 수암약국)",2,FALSE,TRUE,TRUE,FALSE,FALSE,01715,수도권,127.075612445638,37.659577527186,11_350
진내과의원,내과의원,02-949-8278,02-949-8278,서울특별시,노원구,"서울특별시 노원구 동일로204가길 34 306호 (중계동, 씨앤미복합빌딩)",2,TRUE,FALSE,TRUE,FALSE,FALSE,01783,수도권,127.068172151465,37.6407495352012,11_350
공릉의원,의원,02-974-2588,02-974-2588,서울특별시,노원구,"서울특별시 노원구 공릉로 147 2층 (공릉동, 기업은행 공릉동지점)",0,FALSE,FALSE,FALSE,FALSE,FALSE,01837,수도권,127.079068738133,37.6231518905437,11_350
정가정의학과의원,의원,02-933-3475,02-933-3475,서울특별시,노원구,서울특별시 노원구 수락산로 232 (상계동),0,FALSE,FALSE,FALSE,FALSE,FALSE,01615,수도권,127.052966604483,37.6710670123605,11_350
마들수내과의원,내과의원,02-6314-7575,02-6314-7575,서울특별시,노원구,"서울특별시 노원구 한글비석로 471 (주)맥스아웃 상계빌딩 4층 A,D,E호 (상계동)",5,TRUE,TRUE,TRUE,TRUE,TRUE,01678,수도권,127.065838887284,37.6642116374435,11_350
삼성바른내과의원,내과의원,02-3392-2475,02-3392-2475,서울특별시,노원구,서울특별시 노원구 한글비석로 270 스카이타워 5층 (중계동),5,TRUE,TRUE,TRUE,TRUE,TRUE,01720,수도권,127.077403153081,37.6515705090228,11_350
이가영산부인과의원,의원,02-952-0997,02-952-0997,서울특별시,노원구,서울특별시 노원구 한글비석로 270 스카이타워 (중계동),0,FALSE,FALSE,FALSE,FALSE,FALSE,01720,수도권,127.077403153081,37.6515705090228,11_350
위대한내과의원,내과의원,02-6964-8200,02-6964-8200,서울특별시,노원구,서울특별시 노원구 화랑로 325 우현빌딩 2층 (월계동),5,TRUE,TRUE,TRUE,TRUE,TRUE,01904,수도권,127.064043360012,37.6149530035255,11_350
더웰내과의원,내과의원,02-2135-8458,02-2135-8458,서울특별시,노원구,"서울특별시 노원구 한글비석로 383 삼창타워프라자 2층 12호, 1층 201호 (중계동)",5,TRUE,TRUE,TRUE,TRUE,TRUE,01699,수도권,127.073074956682,37.6591119674807,11_350
삼성편한내과의원,내과의원,02-934-7500,02-934-7500,서울특별시,노원구,서울특별시 노원구 동일로 1380 상계동 국민은행 4층 (상계동),5,TRUE,TRUE,TRUE,TRUE,TRUE,01751,수도권,127.061655342952,37.6517379130228,11_350
태릉정원내과의원,내과의원,02-979-0333,02-979-0333,서울특별시,노원구,"서울특별시 노원구 동일로 1005 대정빌딩 5,6층 (공릉동)",5,TRUE,TRUE,TRUE,TRUE,TRUE,01858,수도권,127.074514434411,37.6199276979518,11_350
노원센트럴의원,의원,02-2242-8602,02-2242-8602,서울특별시,노원구,"서울특별시 노원구 덕릉로126길 2 201,202호 (상계동)",5,TRUE,TRUE,TRUE,TRUE,TRUE,01644,수도권,127.08149381016,37.6701892350804,11_350
상계예일내과의원,내과의원,02-930-8131,02-930-8131,서울특별시,노원구,"서울특별시 노원구 한글비석로 384 313,314호 (중계동, 대호프라자)",5,TRUE,TRUE,TRUE,TRUE,TRUE,01662,수도권,127.073239970178,37.6598085040664,11_350
더조은내과의원,내과의원,02-948-1400,02-948-1400,서울특별시,노원구,서울특별시 노원구 동일로 1077 스테이션빌 빌딩 2층 (공릉동),5,TRUE,TRUE,TRUE,TRUE,TRUE,01852,수도권,127.072437435815,37.6260515591195,11_350
88플러스내과산부인과의원,내과의원,02-972-8800,02-972-8800,서울특별시,노원구,"서울특별시 노원구 동일로192길 74 201,202호 (공릉동, 우은빌딩) ",5,TRUE,TRUE,TRUE,TRUE,TRUE,01834,수도권,127.07710132272,37.6270616730914,11_350
윤내과의원,내과의원,02-934-7575,934-7575,서울특별시,노원구,"서울특별시 노원구 상계로3길 10 한일빌딩 2,3층 202,203,302,303호 (상계동) ",5,TRUE,TRUE,TRUE,TRUE,TRUE,01693,수도권,127.062549747122,37.6567065402567,11_350
속편해진내과의원,내과의원,02-971-7582,02-971-7582,서울특별시,노원구,"서울특별시 노원구 공릉로 176 2,3층 (공릉동) ",4,TRUE,TRUE,TRUE,TRUE,FALSE,01815,수도권,127.080065860657,37.6256445191399,11_350
마을의원,의원,02-937-5369,02-937-5369,서울특별시,노원구,서울특별시 노원구 상계로1길 14-11 하이웰빙상가 501층 (상계동) ,2,TRUE,FALSE,TRUE,FALSE,FALSE,01693,수도권,127.061816690873,37.6569098278246,11_350
연세더블유산부인과의원,의원,02-933-8828,02-933-8828,서울특별시,노원구,서울특별시 노원구 동일로 1405 KB금융 노원Plaza 5층 (상계동) ,0,FALSE,FALSE,FALSE,FALSE,FALSE,01762,수도권,127.06017787506,37.6538310278932,11_350
혜성민가족의원,의원,02-952-8866,02-952-8866,서울특별시,노원구,서울특별시 노원구 노원로 330 롯데마트 3층 (중계동) ,4,TRUE,TRUE,TRUE,TRUE,FALSE,01746,수도권,127.070940893709,37.6467905319279,11_350
마들성모내과의원,내과의원,02-933-6900,02-933-6900,서울특별시,노원구,서울특별시 노원구 동일로 1553 농협 2층 (상계동) ,5,TRUE,TRUE,TRUE,TRUE,TRUE,01620,수도권,127.056792030307,37.6670779448475,11_350
노원베스트내과의원,내과의원,02-935-7575,02-935-7575,서울특별시,노원구,서울특별시 노원구 동일로 1413 남성빌딩 4층 (상계동) ,5,TRUE,TRUE,TRUE,TRUE,TRUE,01689,수도권,127.060019298479,37.6547688511508,11_350
공릉든든내과의원,내과의원,02-974-2466,974-2466,서울특별시,노원구,"서울특별시 노원구 공릉로46길 3 302호 (공릉동, 평화타운) ",4,TRUE,TRUE,TRUE,TRUE,FALSE,01814,수도권,127.079141072247,37.6271656479512,11_350
언니마음산부인과의원,의원,02-6958-7543,02-6958-7543,서울특별시,노원구,서울특별시 노원구 석계로1길 14 7층 (월계동) ,0,FALSE,FALSE,FALSE,FALSE,FALSE,01902,수도권,127.063913961862,37.6155547536985,11_350
노원 뉴하트내과의원,내과의원,02-913-7575,02-913-7575,서울특별시,노원구,서울특별시 노원구 석계로 98-1 4층 401호 (월계동) ,1,TRUE,FALSE,FALSE,FALSE,FALSE,01886,수도권,127.061060877189,37.62350432752,11_350
노원세라산부인과의원,의원,02-2039-1963,02-2039-1963,서울특별시,노원구,서울특별시 노원구 노해로 490 길빌딩 5층 501호~503호 (상계동) ,0,FALSE,FALSE,FALSE,FALSE,FALSE,01751,수도권,127.062410925814,37.6544097398982,11_350
가톨릭대학교 은평성모병원,종합병원,02-1811-6600,02-1811-7755,서울특별시,은평구,서울특별시 은평구 통일로 1021 (진관동),5,TRUE,TRUE,TRUE,TRUE,TRUE,03312,수도권,126.916152525534,37.6336094022541,11_380
의료법인 청구성심병원,종합병원,02-350-3280,02-350-3300,서울특별시,은평구,서울특별시 은평구 통일로 873 (갈현동),5,TRUE,TRUE,TRUE,TRUE,TRUE,03330,수도권,126.919552747252,37.6207901019252,11_380
서울특별시서북병원,병원,02-3156-3067,02-3156-3000,서울특별시,은평구,서울특별시 은평구 갈현로7길 49 (역촌동),3,FALSE,TRUE,TRUE,FALSE,TRUE,03433,수도권,126.905664235484,37.6043567763756,11_380
인정병원,병원,02-309-0909,02-309-0909,서울특별시,은평구,서울특별시 은평구 응암로 164 (응암동),5,TRUE,TRUE,TRUE,TRUE,TRUE,03478,수도권,126.91659126549,37.5865882667176,11_380
서울병원,병원,02-357-0515,02-357-9964,서울특별시,은평구,서울특별시 은평구 진흥로 191 (대조동),5,TRUE,TRUE,TRUE,TRUE,TRUE,03397,수도권,126.930739739666,37.6088308110956,11_380
연세노블병원,병원,02-384-0009,02-384-0009,서울특별시,은평구,서울특별시 은평구 서오릉로 37 (녹번동),3,TRUE,TRUE,TRUE,FALSE,FALSE,03459,수도권,126.924452636345,37.6040399058057,11_380
은평연세병원,병원,02-388-8114,02-388-8114,서울특별시,은평구,서울특별시 은평구 연서로 177 (갈현동),5,TRUE,TRUE,TRUE,TRUE,TRUE,03334,수도권,126.917472218592,37.6146922208583,11_380
최원호병원,병원,02-1588-3797,02-1588-3797,서울특별시,은평구,서울특별시 은평구 서오릉로 45 최원호병원 (녹번동) ,5,TRUE,TRUE,TRUE,TRUE,TRUE,03459,수도권,126.923855760856,37.604769594378,11_380
의료법인 성누가의료재단 성누가병원,병원,02-1660-0075,02-1660-0075,서울특별시,은평구,서울특별시 은평구 통일로 726 불광메디컬타워 1~12층 (불광동) ,4,TRUE,TRUE,TRUE,TRUE,FALSE,03368,수도권,126.930328513931,37.610530375217,11_380
리드힐병원,병원,02-382-7700,02-382-7700,서울특별시,은평구,서울특별시 은평구 연서로 10 지하2~지상9층 (역촌동),4,TRUE,TRUE,TRUE,TRUE,FALSE,03409,수도권,126.91645570925,37.5999863665584,11_380
본서부병원,병원,02-3156-5000,02-3156-5000,서울특별시,은평구,서울특별시 은평구 은평로 133 (응암동) ,4,TRUE,TRUE,TRUE,TRUE,FALSE,03460,수도권,126.922591585689,37.6009323557961,11_380
서울특별시은평병원,병원,02-300-8053,02-300-8114,서울특별시,은평구,서울특별시 은평구 백련산로 90 (응암동) ,2,TRUE,FALSE,FALSE,FALSE,TRUE,03476,수도권,126.923210588363,37.5939702620381,11_380
한국영상의학과의원,의원,02-388-5445,02-388-7674,서울특별시,은평구,"서울특별시 은평구 통일로 599 B01,101,202,203호 (응암동)",5,TRUE,TRUE,TRUE,TRUE,TRUE,03473,수도권,126.935799232347,37.6001622739455,11_380
연세열린의원,의원,02-306-3007,02-306-3007,서울특별시,은평구,"서울특별시 은평구 증산로 297 201호 (증산동, 청록빌딩)",2,TRUE,TRUE,FALSE,FALSE,FALSE,03499,수도권,126.909228846761,37.583817507565,11_380
김영환내과의원,내과의원,02-358-4794,02-358-4794,서울특별시,은평구,서울특별시 은평구 은평로 219 2층 (녹번동),3,TRUE,TRUE,TRUE,FALSE,FALSE,03383,수도권,126.932074161855,37.6014150884913,11_380
김앤리내과정형외과의원,내과의원,02-303-0022,02-303-0022,서울특별시,은평구,서울특별시 은평구 응암로 213 (응암동) ,2,TRUE,FALSE,FALSE,TRUE,FALSE,03457,수도권,126.917124728829,37.591007649297,11_380
서울방사선가정의학과의원,의원,02-355-3505,02-355-3505,서울특별시,은평구,서울특별시 은평구 통일로 863 (갈현동),5,TRUE,TRUE,TRUE,TRUE,TRUE,03330,수도권,126.919995437081,37.6200299694648,11_380
김원중내과의원,내과의원,02-385-1800,02-387-0524,서울특별시,은평구,서울특별시 은평구 응암로 248 (응암동),3,TRUE,TRUE,TRUE,FALSE,FALSE,03466,수도권,126.918313189116,37.593986165368,11_380
박병섭내과의원,내과의원,02-389-6600,02-389-6600,서울특별시,은평구,서울특별시 은평구 통일로 901 2층 (갈현동),3,TRUE,TRUE,TRUE,FALSE,FALSE,03328,수도권,126.919571037774,37.6234739751002,11_380
정성채내과의원,내과의원,02-306-8285,02-306-8285,서울특별시,은평구,서울특별시 은평구 증산로 399 2층 (신사동) ,4,TRUE,TRUE,TRUE,TRUE,FALSE,03442,수도권,126.91352099232,37.5919366895832,11_380
365이화웃는세상의원,의원,02-1600-1527,02-1600-1527,서울특별시,은평구,"서울특별시 은평구 진관3로 11 3층 301호 (진관동, 은평뉴타운 힐데스하임) ",1,TRUE,FALSE,FALSE,FALSE,FALSE,03300,수도권,126.918268068589,37.6394630545503,11_380
증산의원,의원,02-303-0066,02-303-0066,서울특별시,은평구,서울특별시 은평구 증산서길 95 (증산동),0,FALSE,FALSE,FALSE,FALSE,FALSE,03498,수도권,126.907507722116,37.5847415813548,11_380
꿈나무가정의원,의원,02-358-5089,02-358-5089,서울특별시,은평구,서울특별시 은평구 갈현로 14 (신사동),0,FALSE,FALSE,FALSE,FALSE,FALSE,03423,수도권,126.91044639579,37.5991079088502,11_380
예일가정의학과의원,의원,02-382-6109,02-382-6109,서울특별시,은평구,서울특별시 은평구 연서로 137 4층 (구산동),5,TRUE,TRUE,TRUE,TRUE,TRUE,03412,수도권,126.916842896021,37.6111618859153,11_380
이태준김재민내과의원,내과의원,02-359-6397,02-359-6397,서울특별시,은평구,"서울특별시 은평구 연서로 277 지1,1,2층 (불광동)",4,TRUE,TRUE,TRUE,TRUE,FALSE,03342,수도권,126.925088640168,37.6210803502349,11_380
유계수내과의원,내과의원,02-355-4321,02-355-4321,서울특별시,은평구,서울특별시 은평구 서오릉로 168 (갈현동),4,TRUE,TRUE,TRUE,TRUE,FALSE,03336,수도권,126.914939734516,37.6128340259899,11_380
노내과의원,내과의원,02-389-5050,02-389-5050,서울특별시,은평구,서울특별시 은평구 통일로 839 (대조동),0,FALSE,FALSE,FALSE,FALSE,FALSE,03385,수도권,126.921640216343,37.6181170148908,11_380
푸른정형외과의원,의원,02-372-0041,02-372-0041,서울특별시,은평구,서울특별시 은평구 증산로 295 (증산동),1,TRUE,FALSE,FALSE,FALSE,FALSE,03499,수도권,126.909012284833,37.5837074196874,11_380
임현성내과의원,내과의원,02-386-8275,02-386-8275,서울특별시,은평구,"서울특별시 은평구 진흥로 97 2,3층 (역촌동)",3,TRUE,TRUE,TRUE,FALSE,FALSE,03404,수도권,126.922172508155,37.6055760535427,11_380
은혜산부인과의원,의원,02-353-4307,02-353-4307,서울특별시,은평구,"서울특별시 은평구 진흥로 133 D동 B2,B1,2~4층 (대조동)",1,FALSE,FALSE,FALSE,FALSE,TRUE,03395,수도권,126.92487837724,37.6081610341305,11_380
맘스미산부인과의원,의원,02-388-5855,02-388-5855,서울특별시,은평구,"서울특별시 은평구 서오릉로 134 메디칼 4,5층 (대조동)",0,FALSE,FALSE,FALSE,FALSE,FALSE,03394,수도권,126.918121172871,37.6110125848779,11_380
신사중앙의원,의원,02-3151-0911,02-3151-0911,서울특별시,은평구,서울특별시 은평구 가좌로 322 (신사동),5,TRUE,TRUE,TRUE,TRUE,TRUE,03450,수도권,126.909632474095,37.5963568335906,11_380
강창원내과의원,내과의원,02-389-2043,02-389-2043,서울특별시,은평구,서울특별시 은평구 통일로 721 (대조동),3,TRUE,TRUE,TRUE,FALSE,FALSE,03397,수도권,126.929955143523,37.6100077607291,11_380
세화산부인과의원,의원,02-388-5501,02-388-5501,서울특별시,은평구,서울특별시 은평구 통일로 839 3층 (대조동),0,FALSE,FALSE,FALSE,FALSE,FALSE,03385,수도권,126.921640216343,37.6181170148908,11_380
미즈의원,의원,02-358-3535,02-358-3535,서울특별시,은평구,"서울특별시 은평구 연서로 246 4층 (불광동, 타워크리닉)",0,FALSE,FALSE,FALSE,FALSE,FALSE,03350,수도권,126.922607355291,37.6190478329207,11_380
황이숙내과의원,내과의원,02-352-7929,02-352-7929,서울특별시,은평구,서울특별시 은평구 연서로 257 (불광동),3,TRUE,TRUE,TRUE,FALSE,FALSE,03345,수도권,126.923193966994,37.6201604854063,11_380
서울장문외과의원,의원,02-389-5005,02-389-5005,서울특별시,은평구,서울특별시 은평구 통일로 861 3층 (갈현동),4,TRUE,TRUE,FALSE,TRUE,TRUE,03330,수도권,126.920232187544,37.61980506305,11_380
백수진가정의학과의원,의원,02-373-3210,02-373-3210,서울특별시,은평구,"서울특별시 은평구 은평터널로 65 3층 (수색동, 대림아파트상가)",0,FALSE,FALSE,FALSE,FALSE,FALSE,03491,수도권,126.89916689751,37.586899476029,11_380
세브란스의원,의원,02-309-9111,02-309-9111,서울특별시,은평구,서울특별시 은평구 응암로 181 2층 (응암동),4,TRUE,TRUE,TRUE,TRUE,FALSE,03485,수도권,37.588192996650434,126.91655188482961,11_380
은평구보건소,보건기관,02-351-8299,02-351-8114,서울특별시,은평구,서울특별시 은평구 은평로 195 (녹번동) ,1,TRUE,FALSE,FALSE,FALSE,FALSE,03384,수도권,126.928822870137,37.6024574203071,11_380
박근태내과의원,내과의원,02-385-0066,02-385-0066,서울특별시,은평구,"서울특별시 은평구 은평로 29 2층,3층 (신사동)",5,TRUE,TRUE,TRUE,TRUE,TRUE,03423,수도권,126.911025939069,37.5982655604187,11_380
강북제일외과의원,의원,02-359-9363,02-359-9363,서울특별시,은평구,"서울특별시 은평구 역말로 101 토마스빌딩 2,3층 (역촌동)",3,TRUE,TRUE,FALSE,TRUE,FALSE,03398,수도권,126.920160287993,37.6084440907806,11_380
원가정의학과의원,의원,02-302-8577,02-302-8577,서울특별시,은평구,서울특별시 은평구 가좌로7길 7 (응암동),3,TRUE,TRUE,TRUE,FALSE,FALSE,03481,수도권,126.920250144457,37.5867568483953,11_380
김성우내과의원,내과의원,02-355-2021,02-355-2021,서울특별시,은평구,서울특별시 은평구 통일로82길 11 2층 (불광동) ,4,TRUE,TRUE,TRUE,TRUE,FALSE,03344,수도권,126.920381749396,37.6208256224926,11_380
로쉬여성의원,의원,02-303-9313,02-303-9313,서울특별시,은평구,서울특별시 은평구 가좌로 234 (응암동),0,FALSE,FALSE,FALSE,FALSE,FALSE,03457,수도권,126.916801611306,37.5906730638588,11_380
은혜내과의원,내과의원,02-355-1194,02-355-1194,서울특별시,은평구,서울특별시 은평구 진흥로 133 A동 1층 (대조동),4,TRUE,TRUE,TRUE,TRUE,FALSE,03395,수도권,126.92487837724,37.6081610341305,11_380
양전호내과의원,내과의원,02-385-2600,02-385-2600,서울특별시,은평구,서울특별시 은평구 통일로 863 2층 (갈현동),4,TRUE,TRUE,TRUE,TRUE,FALSE,03330,수도권,126.919995437081,37.6200299694648,11_380
한빛내과의원,내과의원,02-356-7585,02-356-7585,서울특별시,은평구,서울특별시 은평구 진흥로1길 23 2층 (역촌동),3,TRUE,TRUE,TRUE,FALSE,FALSE,03407,수도권,126.918417293128,37.6025538495286,11_380
은산부인과의원,의원,02-359-7175,02-359-7175,서울특별시,은평구,서울특별시 은평구 연서로 137 4층 (구산동),0,FALSE,FALSE,FALSE,FALSE,FALSE,03412,수도권,126.916842896021,37.6111618859153,11_380
최윤영산부인과의원,의원,02-382-0220,02-382-0220,서울특별시,은평구,서울특별시 은평구 통일로 731 (대조동),0,FALSE,FALSE,FALSE,FALSE,FALSE,03397,수도권,126.929466316371,37.6106226649216,11_380
연세학문외과의원,의원,02-387-6427,02-387-6427,서울특별시,은평구,서울특별시 은평구 통일로 741 3층 (대조동),4,TRUE,TRUE,TRUE,TRUE,FALSE,03396,수도권,126.928611590744,37.6114268242168,11_380
늘편한내과의원,내과의원,02-383-9138,02-383-9138,서울특별시,은평구,서울특별시 은평구 갈현로 8 3층 (신사동),4,TRUE,TRUE,TRUE,TRUE,FALSE,03423,수도권,126.910404378951,37.5985454785523,11_380
이브산부인과의원,의원,02-356-0160,02-356-0160,서울특별시,은평구,서울특별시 은평구 연서로 219 (갈현동),0,FALSE,FALSE,FALSE,FALSE,FALSE,03331,수도권,126.919722016034,37.6183299804437,11_380
수내과의원,내과의원,02-359-7557,02-359-7557,서울특별시,은평구,"서울특별시 은평구 은평로 123 201호 202호일부호 (응암동, 응암아네스트)",5,TRUE,TRUE,TRUE,TRUE,TRUE,03461,수도권,126.921519128693,37.6005519701322,11_380
연세예일의원,의원,02-357-6867,02-357-6867,서울특별시,은평구,서울특별시 은평구 서오릉로 138 2층 (대조동),0,FALSE,FALSE,FALSE,FALSE,FALSE,03394,수도권,126.917813378608,37.6111824776269,11_380
연세우리내과의원,내과의원,02-357-8279,02-357-8279,서울특별시,은평구,서울특별시 은평구 서오릉로 140 (대조동),4,TRUE,TRUE,TRUE,TRUE,FALSE,03394,수도권,126.917603128121,37.6113251377512,11_380
하나내과의원,내과의원,02-356-0022,02-356-0022,서울특별시,은평구,"서울특별시 은평구 진관2로 19 휴먼프라자 I 5층 501,502호 (진관동)",5,TRUE,TRUE,TRUE,TRUE,TRUE,03306,수도권,126.919584718281,37.6348535294175,11_380
이윤진산부인과의원,의원,02-356-3100,02-356-3100,서울특별시,은평구,서울특별시 은평구 통일로 856 메트로타워 9층 18호 (불광동) ,0,FALSE,FALSE,FALSE,FALSE,FALSE,03345,수도권,126.921522873651,37.6196226675938,11_380
우리사랑내과의원,내과의원,02-354-0588,02-354-0557,서울특별시,은평구,"서울특별시 은평구 통일로 750 2층 (불광동, 경일빌딩)",5,TRUE,TRUE,TRUE,TRUE,TRUE,03355,수도권,126.928663502355,37.6123341513595,11_380
강북삼성내과의원,내과의원,02-354-1700,02-354-1700,서울특별시,은평구,"서울특별시 은평구 은평로 200-1 가동 201호 (응암동, 삼영빌딩)",3,TRUE,TRUE,TRUE,FALSE,FALSE,03472,수도권,126.929999928224,37.6011336684453,11_380
건강그린내과의원,내과의원,02-358-3355,02-358-3355,서울특별시,은평구,서울특별시 은평구 연서로 216 (대조동),5,TRUE,TRUE,TRUE,TRUE,TRUE,03385,수도권,126.920120155706,37.6178000192821,11_380
서울성모내과의원,내과의원,02-358-0501,02-358-0501,서울특별시,은평구,서울특별시 은평구 연서로 146 (대조동),5,TRUE,TRUE,TRUE,TRUE,TRUE,03394,수도권,126.917712097114,37.6118256229728,11_380
강변내과의원,내과의원,02-375-9300,02-375-9300,서울특별시,은평구,"서울특별시 은평구 가좌로 271 3,4층 (신사동)",5,TRUE,TRUE,TRUE,TRUE,TRUE,03442,수도권,126.913416898807,37.5928477862044,11_380
살림의료복지사회적협동조합살림의원,의원,02-6014-9949,02-6014-9949,서울특별시,은평구,서울특별시 은평구 서오릉로 149 세웅그룹빌딩 2층 좌측호 (구산동) ,2,TRUE,FALSE,TRUE,FALSE,FALSE,03412,수도권,126.916212472705,37.6115932839556,11_380
연세큰숲내과의원,내과의원,02-2038-8270,02-2038-8270,서울특별시,은평구,"서울특별시 은평구 통일로 742 한화빌딩 4,5층 일부호 (불광동)",5,TRUE,TRUE,TRUE,TRUE,TRUE,03358,수도권,126.929364603214,37.6118291183667,11_380
구파발연세내과의원,내과의원,02-387-7700,02-387-7700,서울특별시,은평구,"서울특별시 은평구 진관2로 29-21 4층 401호,402호 (진관동, 드림스퀘어)",5,TRUE,TRUE,TRUE,TRUE,TRUE,03306,수도권,126.919341649662,37.635741734904,11_380
서울참좋은내과의원,내과의원,02-305-7575,02-305-7575,서울특별시,은평구,"서울특별시 은평구 응암로 215 3층 301호~303호 (응암동, 명남더블레스아파트2차) ",5,TRUE,TRUE,TRUE,TRUE,TRUE,03457,수도권,126.917055760123,37.5912237488191,11_380
연세속편안내과의원,내과의원,02-386-7588,02-386-7588,서울특별시,은평구,"서울특별시 은평구 은평로 170 302호 (응암동, 상현빌딩)",4,TRUE,TRUE,TRUE,TRUE,FALSE,03462,수도권,126.926662375326,37.6010893852841,11_380
건강드림의원,의원,02-382-5575,02-382-5575,서울특별시,은평구,"서울특별시 은평구 진관4로 77 702동 114호,113호 (진관동, 상림마을)",3,TRUE,TRUE,TRUE,FALSE,FALSE,03303,수도권,126.928443600221,37.646668707628,11_380
조은성모의원,의원,02-385-0413,02-385-0413,서울특별시,은평구,서울특별시 은평구 통일로87길 12-1 (갈현동),0,FALSE,FALSE,FALSE,FALSE,FALSE,03328,수도권,126.91830146268,37.6235532006641,11_380
서울탑의원,의원,02-351-9114,02-351-9114,서울특별시,은평구,서울특별시 은평구 서오릉로 157 201호 (구산동),0,FALSE,FALSE,FALSE,FALSE,FALSE,03412,수도권,126.915619220147,37.6119989368989,11_380
조이내과의원,내과의원,02-358-5288,02-358-5288,서울특별시,은평구,"서울특별시 은평구 진관2로 15-46 603호 (진관동, 메트로프라자)",5,TRUE,TRUE,TRUE,TRUE,TRUE,03306,수도권,126.919081540985,37.6386515578411,11_380
삼성레이디여성의원,의원,02-355-7119,355-7119,서울특별시,은평구,"서울특별시 은평구 진관2로 15-46 707호 (진관동, 메트로프라자)",0,FALSE,FALSE,FALSE,FALSE,FALSE,03306,수도권,37.63865236873182,126.91908154010457,11_380
백세내과의원,내과의원,02-354-1088,02-354-1088,서울특별시,은평구,"서울특별시 은평구 불광로 17 3,4층 (대조동, 대흥빌딩)",5,TRUE,TRUE,TRUE,TRUE,TRUE,03396,수도권,806.341557698858,4655275.590346175,11_380
연세윤내과의원,내과의원,02-351-9600,02-351-9600,서울특별시,은평구,"서울특별시 은평구 진관3로 20 4,5층 (진관동, sw메디컬빌딩)",3,TRUE,TRUE,TRUE,FALSE,FALSE,03306,수도권,126.918896464275,37.6389140677896,11_380
기분좋은연세365의원,의원,02-372-0365,02-372-0365,서울특별시,은평구,서울특별시 은평구 응암로 223 2층 3층 (응암동),5,TRUE,TRUE,TRUE,TRUE,TRUE,03457,수도권,126.917404688317,37.5919761415152,11_380
아이제일산부인과의원,의원,02-355-8113,02-355-8113,서울특별시,은평구,서울특별시 은평구 서오릉로 81 (역촌동),1,FALSE,FALSE,FALSE,FALSE,TRUE,03404,수도권,126.921517699234,37.6074102149677,11_380
삼성바른내과의원,내과의원,02-354-0046,02-354-0046,서울특별시,은평구,"서울특별시 은평구 은평로 136 은경빌딩 2,3층 (응암동)",5,TRUE,TRUE,TRUE,TRUE,TRUE,03462,수도권,126.923039015434,37.6002632124439,11_380
은평밝은내과의원,내과의원,02-356-5611,02-357-1215,서울특별시,은평구,"서울특별시 은평구 은평로 121 5,10층 (응암동)",5,TRUE,TRUE,TRUE,TRUE,TRUE,03461,수도권,126.921096166394,37.6004493355977,11_380
리엔유산부인과의원,의원,02-2039-7582,02-2039-7582,서울특별시,은평구,서울특별시 은평구 은평로 121 응암CO메디컬빌딩 8층 (응암동),0,FALSE,FALSE,FALSE,FALSE,FALSE,03461,수도권,126.921096166394,37.6004493355977,11_380
민현준내과의원,내과의원,02-6929-2726,02-6929-2726,서울특별시,은평구,서울특별시 은평구 통일로 626 유림빌딩 3층 (녹번동),4,TRUE,TRUE,TRUE,TRUE,FALSE,03372,수도권,126.935407233318,37.602472019451,11_380
연신내바른내과의원,내과의원,02-359-0012,02-359-0012,서울특별시,은평구,서울특별시 은평구 통일로 842 범서빌딩 2층 (불광동),5,TRUE,TRUE,TRUE,TRUE,TRUE,03350,수도권,126.922063807625,37.6186902335511,11_380
은평연세가정의학과의원,의원,02-357-6077,02-357-6077,서울특별시,은평구,서울특별시 은평구 서오릉로 217-5 2층 (구산동),0,FALSE,FALSE,FALSE,FALSE,FALSE,03426,수도권,126.909204413655,37.6142717847225,11_380
나은성모내과의원,내과의원,02-352-9952,02-352-9952,서울특별시,은평구,서울특별시 은평구 서오릉로 166 유풍빌딩 2층 (갈현동),5,TRUE,TRUE,TRUE,TRUE,TRUE,03336,수도권,126.915228694484,37.6128048616854,11_380
우리연합의원,의원,02-356-7768,02-356-7768,서울특별시,은평구,서울특별시 은평구 은평로 111 은평이마트 8층 (응암동),0,FALSE,FALSE,FALSE,FALSE,FALSE,03461,수도권,126.920513478627,37.6008254685415,11_380
더바른내과의원,내과의원,02-352-0788,02-352-0788,서울특별시,은평구,서울특별시 은평구 통일로 715 4층 일부호 (대조동),5,TRUE,TRUE,TRUE,TRUE,TRUE,03397,수도권,126.930308376671,37.609413947696,11_380
은평플러스내과의원,내과의원,02-6956-7507,02-6956-7507,서울특별시,은평구,서울특별시 은평구 연서로 74 보광빌딩 2층 (역촌동),4,TRUE,TRUE,TRUE,TRUE,FALSE,03402,수도권,126.915724946615,37.6057262353977,11_380
은평진내과의원,내과의원,02-383-7770,02-383-7770,서울특별시,은평구,서울특별시 은평구 통일로 714 2층 (불광동),4,TRUE,TRUE,TRUE,TRUE,FALSE,03368,수도권,126.930999868352,37.6097064547179,11_380
연세제일내과의원,내과의원,02-6010-1140,02-6010-1140,서울특별시,은평구,서울특별시 은평구 연서로32길 3 정원빌딩 5층 (불광동),5,TRUE,TRUE,TRUE,TRUE,TRUE,03349,수도권,126.924955472936,37.6203628994073,11_380
은평탑내과의원,내과의원,02-6951-5975,02-6951-5975,서울특별시,은평구,서울특별시 은평구 은평로 116 위산 일리온시티 2층 201호 (응암동),5,TRUE,TRUE,TRUE,TRUE,TRUE,03454,수도권,126.920675858475,37.599874221866,11_380
이선구장원철내과의원,내과의원,02-389-5533,02-389-0120,서울특별시,은평구,서울특별시 은평구 연서로 246 6층 (불광동),4,TRUE,TRUE,TRUE,TRUE,FALSE,03350,수도권,126.922607355291,37.6190478329207,11_380
안심내과의원,내과의원,02-356-1199,02-356-1199,서울특별시,은평구,서울특별시 은평구 은평로 240 B2층 207~210호 (응암동),5,TRUE,TRUE,TRUE,TRUE,TRUE,03473,수도권,126.934948113512,37.6004214734002,11_380
이로여성의원,의원,02-386-1515,02-386-1515,서울특별시,은평구,"서울특별시 은평구 은평로 240 상가동 B2층 B201~204호 (응암동, 힐스테이트녹번역) ",0,FALSE,FALSE,FALSE,FALSE,FALSE,03473,수도권,126.934948113512,37.6004214734002,11_380
봄그린외과의원,의원,02-6748-1004,02-6748-1004,서울특별시,은평구,서울특별시 은평구 은평로 210 AGM빌딩 3층 (응암동),5,TRUE,TRUE,TRUE,TRUE,TRUE,03472,수도권,126.931120000342,37.6010211630439,11_380
은평베스트성모내과의원,내과의원,02-352-1175,02-352-1175,서울특별시,은평구,"서울특별시 은평구 통일로 1034 2층 211, 212호 (진관동, 은평 스카이뷰 자이)",5,TRUE,TRUE,TRUE,TRUE,TRUE,03306,수도권,126.917656215121,37.6352810682306,11_380
속튼튼내과의원,내과의원,02-356-8055,02-356-8055,서울특별시,은평구,"서울특별시 은평구 통일로 855-8 연신내진원와이타운 2층 201, 202호 (갈현동) ",5,TRUE,TRUE,TRUE,TRUE,TRUE,03330,수도권,126.920201767929,37.619122183963,11_380
미래아산내과의원,내과의원,02-6337-0305,02-0000-0000,서울특별시,은평구,"서울특별시 은평구 은평로 227 4,5층 (녹번동) ",5,TRUE,TRUE,TRUE,TRUE,TRUE,03383,수도권,126.932852234594,37.6013107485409,11_380
은평성모내과의원,내과의원,02-6378-7500,02-6378-7500,서울특별시,은평구,서울특별시 은평구 증산로 371 은평신용협동조합 3층 (신사동) ,1,TRUE,FALSE,FALSE,FALSE,FALSE,03448,수도권,126.912885066283,37.5895376912069,11_380
서울비커밍여성의원,의원,02-6263-7575,02-6263-7575,서울특별시,은평구,"서울특별시 은평구 통일로 861 11,12층 (갈현동) ",0,FALSE,FALSE,FALSE,FALSE,FALSE,03330,수도권,126.920232187544,37.61980506305,11_380
연세대학교의과대학세브란스병원,종합병원,02-2228-6330,02-2228-0114,서울특별시,서대문구,서울특별시 서대문구 연세로 50-1 (신촌동),1,TRUE,FALSE,FALSE,FALSE,FALSE,03722,수도권,126.941917689273,37.563674036531,11_410
의료법인동신의료재단 동신병원,종합병원,02-396-9161,02-396-9161,서울특별시,서대문구,서울특별시 서대문구 연희로 272 동신병원 본관동 (홍은동),5,TRUE,TRUE,TRUE,TRUE,TRUE,03653,수도권,126.936583290985,37.5811060838344,11_410
서울호흡안심병원,병원,070-4119-3761,02-391-9101,서울특별시,서대문구,서울특별시 서대문구 세무서길 20 (홍제동) ,5,TRUE,TRUE,TRUE,TRUE,TRUE,03626,수도권,126.945785278564,37.5889268732343,11_410
미즈앤미여성의원,의원,02-372-3766,02-303-6399,서울특별시,서대문구,서울특별시 서대문구 응암로 55 (북가좌동),0,FALSE,FALSE,FALSE,FALSE,FALSE,03681,수도권,126.909815732032,37.5783968601335,11_410
채내과의원,내과의원,02-391-6703,02-391-6703,서울특별시,서대문구,"서울특별시 서대문구 세검정로 32 채내과의원 지1,1,2,4,5층 (홍제동) ",5,TRUE,TRUE,TRUE,TRUE,TRUE,03624,수도권,126.944996213528,37.5915517291907,11_410
최아란산부인과의원,의원,02-308-1781,02-308-1781,서울특별시,서대문구,서울특별시 서대문구 거북골로 120 206동 209-210호 (남가좌동),0,FALSE,FALSE,FALSE,FALSE,FALSE,03690,수도권,126.916097519773,37.5754832622486,11_410
항미소외과의원,의원,02-336-7175,02-336-7175,서울특별시,서대문구,서울특별시 서대문구 신촌로 67 거촌빌딩 7층 (창천동),2,TRUE,FALSE,FALSE,TRUE,FALSE,03787,수도권,126.934042205218,37.5565034611622,11_410
안희권내과의원,내과의원,02-738-5833,02-738-5833,서울특별시,서대문구,"서울특별시 서대문구 통일로 358 (홍제동, 안산빌딩)",2,TRUE,TRUE,FALSE,FALSE,FALSE,03635,수도권,126.950663254684,37.5823188782038,11_410
이명아산부인과의원,의원,02-364-8280,02-364-8280,서울특별시,서대문구,"서울특별시 서대문구 신촌역로 10 2층 (대현동, 혜우빌딩)",0,FALSE,FALSE,FALSE,FALSE,FALSE,03766,수도권,126.9431790319,37.5575632795384,11_410
손동현내과의원,내과의원,02-391-7504,02-391-7504,서울특별시,서대문구,"서울특별시 서대문구 연희로 407 1층 (홍은동, 백련빌딩)",4,TRUE,TRUE,TRUE,TRUE,FALSE,03647,수도권,126.940485307056,37.5912879829227,11_410
미즈미산부인과의원,의원,02-363-7677,02-363-7677,서울특별시,서대문구,"서울특별시 서대문구 통일로 131 8층 (충정로2가, 공화당빌딩)",0,FALSE,FALSE,FALSE,FALSE,FALSE,03735,수도권,126.965860900154,37.5661512162168,11_410
연세가정의학과의원,의원,02-323-9869,02-323-9869,서울특별시,서대문구,서울특별시 서대문구 연희로 42 재이손빌딩 201호 (연희동) ,1,TRUE,FALSE,FALSE,FALSE,FALSE,03781,수도권,126.927862179186,37.5623685801819,11_410
이용진창문외과의원,의원,02-3216-7020,02-3216-7020,서울특별시,서대문구,서울특별시 서대문구 통일로 451 (홍제동),2,TRUE,FALSE,FALSE,TRUE,FALSE,03636,수도권,126.943849906806,37.5886701766902,11_410
독립문연세내과의원,내과의원,02-737-1789,02-737-1789,서울특별시,서대문구,서울특별시 서대문구 통일로 189-1 2층 (영천동),3,TRUE,TRUE,TRUE,FALSE,FALSE,03734,수도권,126.961866338275,37.570349534206,11_410
박성규내과의원,내과의원,02-392-4027,02-392-4027,서울특별시,서대문구,서울특별시 서대문구 영천시장길 70 (옥천동),4,TRUE,TRUE,TRUE,TRUE,FALSE,03734,수도권,126.96260184128,37.569531845887,11_410
서대문구보건소,보건기관,02-330-1846,330-1801,서울특별시,서대문구,서울특별시 서대문구 연희로 242 242 (연희동) ,0,FALSE,FALSE,FALSE,FALSE,FALSE,03718,수도권,126.936274877593,37.5786098046138,11_410
서울가정의학과의원,의원,02-395-6323,02-395-6323,서울특별시,서대문구,"서울특별시 서대문구 세검정로1길 93 상가A동 207호 (홍은동, 벽산아파트)",0,FALSE,FALSE,FALSE,FALSE,FALSE,03612,수도권,126.945544019326,37.5944921897087,11_410
연세가정의원,의원,02-392-6122,02-392-6122,서울특별시,서대문구,서울특별시 서대문구 이화여대8길 62 (북아현동),0,FALSE,FALSE,FALSE,FALSE,FALSE,03769,수도권,126.950732370424,37.5597234797417,11_410
연세박내과의원,내과의원,02-3143-7581,02-3143-7581,서울특별시,서대문구,서울특별시 서대문구 연희로 115 2층 (연희동) ,4,TRUE,TRUE,TRUE,TRUE,FALSE,03708,수도권,126.931753202238,37.5682106988866,11_410
수내과의원,내과의원,02-303-7505,02-303-7505,서울특별시,서대문구,"서울특별시 서대문구 증가로 150 DMC2차아이파크상가 B206, B207호 (남가좌동)",5,TRUE,TRUE,TRUE,TRUE,TRUE,03670,수도권,126.92101916232,37.5780547612815,11_410
연세365의원,의원,02-733-1365,02-733-1365,서울특별시,서대문구,서울특별시 서대문구 통일로 397 305호 (홍제동),4,TRUE,TRUE,TRUE,TRUE,FALSE,03730,수도권,126.947398082336,37.5851683009936,11_410
연세송도외과의원,의원,02-3417-7175,02-3417-7175,서울특별시,서대문구,서울특별시 서대문구 통일로 433 9층 (홍제동) ,3,TRUE,TRUE,FALSE,TRUE,FALSE,03646,수도권,126.945087101126,37.5875917300777,11_410
연세고운가정의학과의원,의원,02-365-5875,02-365-5875,서울특별시,서대문구,"서울특별시 서대문구 독립문로14길 3 서대문센트레빌 단지내상가 2층 202, 205호 (냉천동) ",0,FALSE,FALSE,FALSE,FALSE,FALSE,03746,수도권,126.963975289329,37.5668276642327,11_410
서울연세의원,의원,02-303-3329,02-303-3329,서울특별시,서대문구,서울특별시 서대문구 수색로 48 3층 301호 (남가좌동),4,TRUE,TRUE,TRUE,TRUE,FALSE,03712,수도권,126.913601142508,37.5703970583853,11_410
서울성모내과의원,내과의원,02-3144-2278,02-3144-2278,서울특별시,서대문구,"서울특별시 서대문구 연희로 85 3층 (연희동, 인사이드빌딩)",5,TRUE,TRUE,TRUE,TRUE,TRUE,03708,수도권,126.929894728865,37.5659975754095,11_410
미래아이내과의원,내과의원,02-309-7582,02-309-7582,서울특별시,서대문구,"서울특별시 서대문구 수색로 100 상가동 1층 105,106호 (북가좌동, DMC래미안이편한세상)",4,TRUE,TRUE,TRUE,TRUE,FALSE,03709,수도권,126.907916083955,37.5747334832097,11_410
누리사랑의원,의원,02-304-9988,02-304-9988,서울특별시,서대문구,"서울특별시 서대문구 증가로 241 4층 (북가좌동, 백동빌딩)",4,TRUE,TRUE,TRUE,TRUE,FALSE,03678,수도권,126.912750633402,37.5825833699259,11_410
강한내과의원,내과의원,02-3143-5777,02-3143-5777,서울특별시,서대문구,서울특별시 서대문구 증가로 9 범우빌딩 402호 (연희동),4,TRUE,TRUE,TRUE,TRUE,FALSE,03703,수도권,126.931394373469,37.5692068116788,11_410
제이여성의원,의원,010-4233-0155,010-7346-0155,서울특별시,서대문구,서울특별시 서대문구 통일로 442 J여성병원TOWER 6층12층13층 (홍제동) ,3,TRUE,FALSE,FALSE,TRUE,TRUE,03629,수도권,126.944925532604,37.5885147216693,11_410
연세류내과의원,내과의원,02-303-6318,02-303-6318,서울특별시,서대문구,"서울특별시 서대문구 수색로2길 16-1 1,2층 (남가좌동)",4,TRUE,TRUE,TRUE,TRUE,FALSE,03712,수도권,126.916260002477,37.5695878083644,11_410
편한내과의원,내과의원,02-3417-0005,02-3417-0005,서울특별시,서대문구,서울특별시 서대문구 통일로 450 2층 (홍제동),4,TRUE,TRUE,TRUE,TRUE,FALSE,03629,수도권,126.9442923883,37.5889692455383,11_410
위대항의원,의원,02-364-2525,02-364-2525,서울특별시,서대문구,"서울특별시 서대문구 통일로 205-1 3층,4층 (영천동)",4,TRUE,TRUE,TRUE,TRUE,FALSE,03734,수도권,126.960804496332,37.5713364970215,11_410
봄산부인과의원,의원,02-394-7575,02-394-7575,서울특별시,서대문구,"서울특별시 서대문구 통일로39가길 30 2층 (홍제동, 해명빌딩)",0,FALSE,FALSE,FALSE,FALSE,FALSE,03636,수도권,126.942840822033,37.5893092167582,11_410
현대중앙의원,의원,02-372-6319,02-372-6319,서울특별시,서대문구,서울특별시 서대문구 증가로 128 2~3층 (남가좌동) ,5,TRUE,TRUE,TRUE,TRUE,TRUE,03665,수도권,126.923518831252,37.5775666268897,11_410
윤사라산부인과의원,의원,02-392-0030,02-392-0030,서울특별시,서대문구,"서울특별시 서대문구 신촌로35길 10 지하1층 416,412호 (북아현동, e편한세상신촌4단지) ",0,FALSE,FALSE,FALSE,FALSE,FALSE,03772,수도권,126.955860405605,37.558621696785,11_410
그대안에산부인과의원,의원,02-363-2400,02-363-2400,서울특별시,서대문구,서울특별시 서대문구 신촌로 107 5층 (창천동),0,FALSE,FALSE,FALSE,FALSE,FALSE,03779,수도권,126.937870146746,37.555654725645,11_410
애플산부인과의원,의원,02-393-3060,02-393-3060,서울특별시,서대문구,서울특별시 서대문구 신촌로 99 10층 (창천동),0,FALSE,FALSE,FALSE,FALSE,FALSE,03779,수도권,126.937158820225,37.5556905692992,11_410
김의원,의원,02-337-3119,02-337-3119,서울특별시,서대문구,서울특별시 서대문구 연희로 124 (연희동),1,TRUE,FALSE,FALSE,FALSE,FALSE,03724,수도권,126.932644698098,37.5685982785398,11_410
가재울정내과의원,내과의원,02-304-1789,02-304-1789,서울특별시,서대문구,"서울특별시 서대문구 가재울미래로 2 별동상가동 3층 304-1,2/305-1,2호 (남가좌동, DMC파크뷰자이)",4,TRUE,TRUE,TRUE,TRUE,FALSE,03711,수도권,126.917907814167,37.5744019902031,11_410
홍제속편한내과의원,내과의원,02-2088-7339,02-2088-7339,서울특별시,서대문구,서울특별시 서대문구 통일로 413 연세24시사우나 201호 (홍제동),5,TRUE,TRUE,TRUE,TRUE,TRUE,03646,수도권,126.946438736626,37.5861817569167,11_410
연세우리의원,의원,02-2135-8295,02-2135-8295,서울특별시,서대문구,서울특별시 서대문구 통일로 460 2층 (홍제동),4,TRUE,TRUE,TRUE,TRUE,FALSE,03629,수도권,126.943493558018,37.5896137961514,11_410
연세은혜내과의원,내과의원,02-2039-7563,02-2039-7563,서울특별시,서대문구,서울특별시 서대문구 증가로 145 3층 (남가좌동),5,TRUE,TRUE,TRUE,TRUE,TRUE,03692,수도권,126.921424961147,37.5774561413661,11_410
서울대항유외과의원,의원,02-364-7577,02-364-7577,서울특별시,서대문구,서울특별시 서대문구 신촌로 183 유인빌딩 4층 (대현동),4,TRUE,TRUE,FALSE,TRUE,TRUE,03767,수도권,126.94632173155,37.5570713640316,11_410
중앙내과의원,내과의원,02-394-5555,02-394-5555,서울특별시,서대문구,서울특별시 서대문구 통일로 468 (홍제동) ,5,TRUE,TRUE,TRUE,TRUE,TRUE,03628,수도권,126.942906325905,37.5902681745389,11_410
연세아름다운산부인과의원,의원,02-363-7379,02-363-7379,서울특별시,서대문구,서울특별시 서대문구 신촌로 183 유인빌딩 2층 (대현동) ,0,FALSE,FALSE,FALSE,FALSE,FALSE,03767,수도권,126.94632173155,37.5570713640316,11_410
연세혜원산부인과의원,의원,02-6952-7475,02-6952-7475,서울특별시,서대문구,서울특별시 서대문구 통일로 413 연세24시사우나 501호 (홍제동) ,0,FALSE,FALSE,FALSE,FALSE,FALSE,03646,수도권,126.946438736626,37.5861817569167,11_410
봄꽃산부인과의원,의원,02-308-3355,02-308-3355,서울특별시,서대문구,서울특별시 서대문구 수색로 56 성공타워1 3층 306호 (북가좌동) ,0,FALSE,FALSE,FALSE,FALSE,FALSE,03791,수도권,126.912242300278,37.5708154693004,11_410
신촌연세병원,병원,02-337-7582,02-337-7582,서울특별시,마포구,서울특별시 마포구 서강로 110 지2층~6층 (신수동),4,FALSE,TRUE,TRUE,TRUE,TRUE,04094,수도권,37.552375252794114,126.93352922837897,11_440
연세한강병원,병원,02-1644-3099,02-1644-3099,서울특별시,마포구,"서울특별시 마포구 마포대로 25 대농빌딩 2,3,5층 (마포동)",3,TRUE,FALSE,TRUE,TRUE,FALSE,04167,수도권,126.94483383803,37.539374073789,11_440
에스엠씨요양병원,병원,02-374-3111,02-374-3111,서울특별시,마포구,"서울특별시 마포구 월드컵북로 165 지하1층~5층 (성산동, SMC)",4,TRUE,TRUE,TRUE,TRUE,FALSE,03948,수도권,126.90984750519,37.5668779371243,11_440
이내과의원,내과의원,02-332-1708,02-332-1708,서울특별시,마포구,"서울특별시 마포구 양화로 64 3층 (서교동, 서교제일빌딩)",4,TRUE,TRUE,TRUE,TRUE,FALSE,04045,수도권,126.915802998181,37.5503095776344,11_440
박상수내과의원,내과의원,02-332-5460,02-332-5460,서울특별시,마포구,서울특별시 마포구 독막로 22 2층 (합정동),3,TRUE,TRUE,TRUE,FALSE,FALSE,04072,수도권,126.915793674144,37.5482366441113,11_440
이재일내과의원,내과의원,02-702-3436,02-702-3436,서울특별시,마포구,"서울특별시 마포구 만리재로 15 3층 (공덕동, 제일빌딩)",3,TRUE,TRUE,TRUE,FALSE,FALSE,04214,수도권,126.95276773044,37.5445849310546,11_440
안영옥산부인과의원,의원,02-718-3337,02-718-3337,서울특별시,마포구,"서울특별시 마포구 마포대로 52 207호 (도화동, 고려아카데미텔2)",0,FALSE,FALSE,FALSE,FALSE,FALSE,04168,수도권,126.947689016504,37.5403810692015,11_440
임선영산부인과의원,의원,02-323-5773,02-323-5775,서울특별시,마포구,"서울특별시 마포구 양화로 157 201-B호 (동교동, 파라다이스텔)",0,FALSE,FALSE,FALSE,FALSE,FALSE,03995,수도권,126.922949966052,37.5566882957272,11_440
우리성모내과의원,내과의원,02-701-7973,02-701-7973,서울특별시,마포구,서울특별시 마포구 백범로 90 (대흥동),3,TRUE,FALSE,TRUE,TRUE,FALSE,04110,수도권,37.547809638627704,126.94156324360597,11_440
서울본내과의원,내과의원,02-3143-2220,02-3143-2220,서울특별시,마포구,"서울특별시 마포구 양화로 133 서교타워 3,5,18층 (서교동)",5,TRUE,TRUE,TRUE,TRUE,TRUE,04032,수도권,126.920982708821,37.55523107395,11_440
이인화내과의원,내과의원,02-323-6660,02-323-6660,서울특별시,마포구,서울특별시 마포구 월드컵로 87 303호 (망원동),5,TRUE,TRUE,TRUE,TRUE,TRUE,04012,수도권,126.909240634072,37.5564742974241,11_440
양성우산부인과의원,의원,02-375-0121,02-375-0121,서울특별시,마포구,"서울특별시 마포구 월드컵북로 230 207호 (중동, 현대상가)",0,FALSE,FALSE,FALSE,FALSE,FALSE,03941,수도권,126.903831982249,37.5701416409399,11_440
신.홍산부인과의원,의원,02-712-1331,02-712-1331,서울특별시,마포구,서울특별시 마포구 만리재로 31 성은빌딩 2~3층 (신공덕동),0,FALSE,FALSE,FALSE,FALSE,FALSE,04209,수도권,126.9547180563,37.5448495977246,11_440
진오비산부인과의원,의원,02-3143-3595,02-3143-3595,서울특별시,마포구,"서울특별시 마포구 신촌로 12 동우빌딩 3,4층 (동교동)",0,FALSE,FALSE,FALSE,FALSE,FALSE,04056,수도권,126.927692125953,37.5580882011019,11_440
최호열내과의원,내과의원,02-3274-0301,02-3274-0301,서울특별시,마포구,서울특별시 마포구 백범로 127 2층 (염리동),4,TRUE,TRUE,TRUE,TRUE,FALSE,04138,수도권,126.94545635884,37.5465535265699,11_440
독일하트의원,의원,02-334-1008,02-334-1008,서울특별시,마포구,서울특별시 마포구 마포대로 92 효성해링턴 스퀘어 B동 3층 1호 (도화동),5,TRUE,TRUE,TRUE,TRUE,TRUE,04168,수도권,126.951422502066,37.542695620343,11_440
양대원내과의원,내과의원,02-703-8543,02-703-8543,서울특별시,마포구,"서울특별시 마포구 도화길 32 303호, 304호 (도화동, 삼성아파트상가동)",5,TRUE,TRUE,TRUE,TRUE,TRUE,04170,수도권,126.94959257016,37.540853210103,11_440
하나산부인과의원,의원,02-3274-1373,02-3274-1373,서울특별시,마포구,"서울특별시 마포구 대흥로 83 1층 (대흥동, 신동빌딩)",0,FALSE,FALSE,FALSE,FALSE,FALSE,04110,수도권,126.941372151118,37.547616910374,11_440
신촌연세퀸산부인과의원,의원,02-718-0055,02-718-0055,서울특별시,마포구,"서울특별시 마포구 서강로 106 5,6,7층 (신수동)",0,FALSE,FALSE,FALSE,FALSE,FALSE,04094,수도권,126.933505377894,37.5523436143303,11_440
대한의료영상의학과의원,의원,02-717-3305,02-717-3305,서울특별시,마포구,"서울특별시 마포구 신촌로 102-1 3, 4층 (노고산동)",3,TRUE,FALSE,TRUE,FALSE,TRUE,04101,수도권,126.937387418317,37.5546237294451,11_440
마포늘푸른의원,의원,02-717-7553,02-717-7553,서울특별시,마포구,서울특별시 마포구 대흥로24길 24 마포프레스티지자이 상가A동 2층 208~209호 (염리동),0,FALSE,FALSE,FALSE,FALSE,FALSE,04124,수도권,126.947610265434,37.5539607082089,11_440
강가정의학과의원,의원,02-337-8645,02-337-8645,서울특별시,마포구,서울특별시 마포구 방울내로 70 2층 (망원동),1,TRUE,FALSE,FALSE,FALSE,FALSE,03964,수도권,37.560038102124835,126.90333950651373,11_440
내안애내과의원,내과의원,02-712-4800,02-712-4800,서울특별시,마포구,"서울특별시 마포구 마포대로 68 604~607호 (도화동, 마포아크로타워)",5,TRUE,TRUE,TRUE,TRUE,TRUE,04168,수도권,126.948897374412,37.5413421541668,11_440
마포구보건소,보건기관,02-3153-9090,3153-9020,서울특별시,마포구,"서울특별시 마포구 월드컵로 212 (성산동, 마포구보건소)",0,FALSE,FALSE,FALSE,FALSE,FALSE,03937,수도권,126.901615668932,37.5663128370109,11_440
김유정산부인과의원,의원,02-3142-3382,02-3142-3382,서울특별시,마포구,서울특별시 마포구 월드컵로14길 5 5층 (서교동),0,FALSE,FALSE,FALSE,FALSE,FALSE,03996,수도권,126.910702168336,37.5560051813747,11_440
한사랑의원,의원,02-363-9114,02-363-9114,서울특별시,마포구,서울특별시 마포구 만리재로 133 3층 (아현동),5,TRUE,TRUE,TRUE,TRUE,TRUE,04203,수도권,126.962122449453,37.5516706026731,11_440
백신경외과의원,의원,02-334-8822,02-334-8822,서울특별시,마포구,서울특별시 마포구 월드컵로 128 (성산동),2,TRUE,FALSE,TRUE,FALSE,FALSE,03970,수도권,126.907159803861,37.5596645513407,11_440
연세우리내과의원,내과의원,02-334-7560,02-334-7560,서울특별시,마포구,"서울특별시 마포구 백범로 10 101,201호 (노고산동, 현대벤쳐빌)",5,TRUE,TRUE,TRUE,TRUE,TRUE,04100,수도권,126.936799599138,37.553555553783,11_440
서울안내과의원,내과의원,02-325-8708,02-325-8708,서울특별시,마포구,서울특별시 마포구 월드컵로 75 3층 (망원동),4,TRUE,TRUE,TRUE,TRUE,FALSE,04013,수도권,126.91015440036,37.5556322935424,11_440
박영준내과의원,내과의원,02-324-2495,02-324-2495,서울특별시,마포구,"서울특별시 마포구 월드컵로 155 2층 (망원동, 가은빌딩)",3,TRUE,TRUE,FALSE,TRUE,FALSE,03962,수도권,126.904931604469,37.561381158832,11_440
고려가정의학과의원,의원,02-333-3328,02-333-3328,서울특별시,마포구,서울특별시 마포구 독막로 10 3층 (합정동),0,FALSE,FALSE,FALSE,FALSE,FALSE,04071,수도권,126.914498578681,37.5484914168057,11_440
우리가정의학과의원,의원,02-325-1575,325-1575,서울특별시,마포구,서울특별시 마포구 월드컵로25길 58 (망원동),0,FALSE,FALSE,FALSE,FALSE,FALSE,03964,수도권,126.904280437588,37.5579535116605,11_440
상암고려가정의학과의원,의원,02-373-7515,02-373-7515,서울특별시,마포구,"서울특별시 마포구 월드컵북로 502 204,205호 (상암동, 월드컵파크프라자)",2,TRUE,FALSE,FALSE,TRUE,FALSE,03918,수도권,126.879869563728,37.5850443805494,11_440
기쁨내과의원,내과의원,02-3143-7575,02-3143-7575,서울특별시,마포구,서울특별시 마포구 연희로 5 1층 (동교동),4,TRUE,TRUE,TRUE,TRUE,FALSE,03985,수도권,126.926268135168,37.5592303251822,11_440
포근담산부인과의원,의원,02-324-9966,02-324-9966,서울특별시,마포구,서울특별시 마포구 월드컵로 88 서교월드빌딩 2층 (서교동),0,FALSE,FALSE,FALSE,FALSE,FALSE,03996,수도권,126.909934007021,37.5567035014566,11_440
신촌티오피산부인과의원,의원,02-335-2228,02-335-2228,서울특별시,마포구,서울특별시 마포구 신촌로 92 신촌카리스빌딩 8층 (노고산동),0,FALSE,FALSE,FALSE,FALSE,FALSE,04058,수도권,126.935680306816,37.5551779164582,11_440
염문선내과의원,내과의원,02-392-0077,02-392-0077,서울특별시,마포구,"서울특별시 마포구 마포대로24길 56 3층, 4층 (아현동, 보령빌딩)",5,TRUE,TRUE,TRUE,TRUE,TRUE,04202,수도권,126.961901271005,37.5515443016696,11_440
움튼산부인과의원,의원,02-322-2289,02-322-2289,서울특별시,마포구,"서울특별시 마포구 양화로 133 2층 202호 (서교동, 서교타워)",0,FALSE,FALSE,FALSE,FALSE,FALSE,04032,수도권,126.920982708821,37.55523107395,11_440
미소퀸산부인과의원,의원,02-704-9988,02-704-9988,서울특별시,마포구,"서울특별시 마포구 도화길 10 5층 (도화동, 에벤에셀)",0,FALSE,FALSE,FALSE,FALSE,FALSE,04173,수도권,126.947408013992,37.5398073678554,11_440
리즈산부인과의원,의원,02-322-5252,02-322-5252,서울특별시,마포구,서울특별시 마포구 양화로 152 7층 (동교동),0,FALSE,FALSE,FALSE,FALSE,FALSE,04050,수도권,126.922891779053,37.5558241112217,11_440
서울라헬여성의원,의원,02-3286-7500,02-3286-7500,서울특별시,마포구,"서울특별시 마포구 마포대로 109 2, 3층 (공덕동, 롯데캐슬프레지던트)",0,FALSE,FALSE,FALSE,FALSE,FALSE,04146,수도권,126.950847479316,37.5450686146253,11_440
재단법인 한국산업보건연구재단 서울디엠씨건강의원,의원,02-1522-7009,02-1522-7009,서울특별시,마포구,서울특별시 마포구 성암로 179 한샘상암 15층 (상암동) ,5,TRUE,TRUE,TRUE,TRUE,TRUE,03929,수도권,126.898763780833,37.5761509117108,11_440
시민내과의원,내과의원,02-716-2158,02-716-2158,서울특별시,마포구,서울특별시 마포구 대흥로 192-1 (대흥동),4,TRUE,TRUE,TRUE,TRUE,FALSE,04112,수도권,126.946136989807,37.5561819054026,11_440
공덕아산내과의원,내과의원,02-393-7582,02-393-7582,서울특별시,마포구,"서울특별시 마포구 마포대로 204 마포에스케이허브블루 203,204호 (아현동)",5,TRUE,TRUE,TRUE,TRUE,TRUE,04206,수도권,126.956533914305,37.5520216887535,11_440
누리꿈서울아산내과의원,내과의원,02-2132-8555,02-2132-8555,서울특별시,마포구,"서울특별시 마포구 월드컵북로 396 B1008,1009,1010호 (상암동, 누리꿈스퀘어)",5,TRUE,TRUE,TRUE,TRUE,TRUE,03925,수도권,126.889782954548,37.5794283422818,11_440
마포의료복지사회적협동조합 무지개의원,의원,02-326-0611,02-326-0611,서울특별시,마포구,"서울특별시 마포구 월드컵로 80 7층 (서교동, 아침뜨락빌딩)",3,TRUE,TRUE,FALSE,TRUE,FALSE,03996,수도권,126.91044570472,37.5562034768287,11_440
언니네영상의학과의원,의원,02-333-3881,02-333-3881,서울특별시,마포구,"서울특별시 마포구 월드컵로 80 7층 702호 (서교동, 아침뜨락빌딩)",1,FALSE,FALSE,FALSE,FALSE,TRUE,03996,수도권,126.91044570472,37.5562034768287,11_440
서울메디케어의원,의원,-1644-0336,1644-0336,서울특별시,마포구,"서울특별시 마포구 마포대로 156 지하1층 (공덕동, 공덕푸르지오시티)",5,TRUE,TRUE,TRUE,TRUE,TRUE,04211,수도권,126.954369685876,37.5479383583415,11_440
건강한내과의원,내과의원,02-2088-6119,02-2088-6119,서울특별시,마포구,"서울특별시 마포구 큰우물로 53 마포 네이버타운 2층 201(일부),202호 (염리동)",5,TRUE,TRUE,TRUE,TRUE,TRUE,04154,수도권,126.94462959649,37.5422914154608,11_440
우리동네내과의원,내과의원,02-703-3119,02-703-3119,서울특별시,마포구,"서울특별시 마포구 토정로 222 2층 (신수동, 한국출판협동조합)",3,TRUE,TRUE,TRUE,FALSE,FALSE,04091,수도권,126.935295585029,37.5444976321635,11_440
이화더블유산부인과의원,의원,02-363-7588,02-363-7588,서울특별시,마포구,"서울특별시 마포구 마포대로 208 203호 (아현동, 효성인텔리안)",0,FALSE,FALSE,FALSE,FALSE,FALSE,04206,수도권,126.956862957606,37.5525006898944,11_440
인앤인내과의원,내과의원,02-718-7512,02-718-7511,서울특별시,마포구,"서울특별시 마포구 도화길 43 4층 405~408호 (도화동, 나눔빌딩)",5,TRUE,TRUE,TRUE,TRUE,TRUE,04168,수도권,126.950254336175,37.5417888185389,11_440
제이랑여성의원,의원,02-336-0430,02-336-0430,서울특별시,마포구,"서울특별시 마포구 양화로 61 3층 (서교동, 두암빌딩)",0,FALSE,FALSE,FALSE,FALSE,FALSE,04037,수도권,126.915070906412,37.5508291995608,11_440
공덕365의원,의원,02-714-0365,02-714-0365,서울특별시,마포구,"서울특별시 마포구 백범로 199 메트로디오빌빌딩 2층 201B,202호 (신공덕동)",1,TRUE,FALSE,FALSE,FALSE,FALSE,04195,수도권,126.952770998694,37.5435297720718,11_440
애플산부인과의원,의원,02-334-3660,02-334-3660,서울특별시,마포구,"서울특별시 마포구 양화로18길 3 5층 (동교동, 삼양세븐스프링스)",0,FALSE,FALSE,FALSE,FALSE,FALSE,04051,수도권,126.924570289339,37.5570312704359,11_440
신촌바른내과의원,내과의원,02-3275-1003,02-3275-1003,서울특별시,마포구,"서울특별시 마포구 신촌로 174 3층 301,302호 (대흥동)",5,TRUE,TRUE,TRUE,TRUE,TRUE,04104,수도권,126.944997098851,37.5564869081135,11_440
아마존여성의원,의원,02-716-7600,02-716-7600,서울특별시,마포구,서울특별시 마포구 새창로 11 2층 (도화동),0,FALSE,FALSE,FALSE,FALSE,FALSE,04168,수도권,126.951330656363,37.5424670890441,11_440
연세사랑산부인과의원,의원,02-6227-7575,02-6227-7575,서울특별시,마포구,"서울특별시 마포구 마포대로 68 5층 502호 (도화동, 마포아크로타워)",0,FALSE,FALSE,FALSE,FALSE,FALSE,04168,수도권,126.948897374412,37.5413421541668,11_440
아산편한내과의원,내과의원,02-3147-1575,02-3147-1575,서울특별시,마포구,서울특별시 마포구 신촌로 266 3층 (아현동),5,TRUE,TRUE,TRUE,TRUE,TRUE,04116,수도권,126.955140384222,37.5570813508888,11_440
루나여성의원,의원,02-6393-5530,02-6393-5530,서울특별시,마포구,서울특별시 마포구 월드컵북로 402 케이지아이티센터 2층 204~206호 (상암동) ,0,FALSE,FALSE,FALSE,FALSE,FALSE,03925,수도권,126.888935582716,37.580189157859,11_440
김도형내과의원,내과의원,02-336-3453,02-336-3453,서울특별시,마포구,서울특별시 마포구 월드컵로 29 2층 (합정동),4,TRUE,TRUE,TRUE,TRUE,FALSE,04023,수도권,126.912132850482,37.5520126730141,11_440
마포리더스내과의원,내과의원,02-324-0077,02-324-0077,서울특별시,마포구,서울특별시 마포구 월드컵로 74 원천빌딩 5층 (서교동),5,TRUE,TRUE,TRUE,TRUE,TRUE,04004,수도권,126.910728577563,37.555782204515,11_440
허동식유외과의원,의원,02-701-7575,02-701-7575,서울특별시,마포구,"서울특별시 마포구 마포대로 68 304,305호 (도화동, 마포아크로타워) ",1,FALSE,FALSE,FALSE,FALSE,TRUE,04168,수도권,126.948897374412,37.5413421541668,11_440
온리유외과의원,의원,02-363-5255,02-363-5255,서울특별시,마포구,서울특별시 마포구 신촌로 262 가동 2층 201(일부)호 (아현동),1,FALSE,FALSE,FALSE,FALSE,TRUE,04116,수도권,126.954825997093,37.5570560030972,11_440
류수형쏙내과의원,내과의원,02-312-5553,02-312-5553,서울특별시,마포구,서울특별시 마포구 신촌로 262 아르띠타워 가동  4층 401호 (아현동),4,TRUE,TRUE,TRUE,TRUE,FALSE,04116,수도권,126.954825997093,37.5570560030972,11_440
도로시여성의원,의원,02-333-1945,02-333-1945,서울특별시,마포구,"서울특별시 마포구 월드컵로 29 3층 (합정동, JH빌딩) ",0,FALSE,FALSE,FALSE,FALSE,FALSE,04023,수도권,126.912132850482,37.5520126730141,11_440
성산위편한내과의원,내과의원,02-6351-1263,02-6351-1263,서울특별시,마포구,서울특별시 마포구 월드컵북로 236 2층 (중동) ,5,TRUE,TRUE,TRUE,TRUE,TRUE,03941,수도권,126.903428235454,37.5703001567881,11_440
율산부인과의원,의원,02-6325-2875,02-6325-2875,서울특별시,마포구,서울특별시 마포구 신촌로 88 태영빌딩 8층 (노고산동) ,0,FALSE,FALSE,FALSE,FALSE,FALSE,04058,수도권,126.935331733458,37.5553097221974,11_440
맘스유외과의원,의원,02-6958-7571,02-6958-7571,서울특별시,마포구,서울특별시 마포구 백범로37길 26 4층 (신공덕동) ,1,FALSE,FALSE,FALSE,FALSE,TRUE,04189,수도권,126.954924708995,37.544240240903,11_440
성산필내과의원,내과의원,02-2138-0806,02-2138-0806,서울특별시,마포구,서울특별시 마포구 월드컵로 140 3층 (성산동) ,4,TRUE,TRUE,TRUE,TRUE,FALSE,03970,수도권,126.906507607006,37.5605241280745,11_440
메디원영상의학과내과의원,내과의원,02-336-5631,02-336-5631,서울특별시,마포구,"서울특별시 마포구 양화로 66 B1,4,5층 (서교동) ",5,TRUE,TRUE,TRUE,TRUE,TRUE,04044,수도권,126.916076754399,37.5506045791194,11_440
연세다온산부인과의원,의원,02-332-1550,02-332-1550,서울특별시,마포구,서울특별시 마포구 양화로 66 메디원 메디컬센터 7층 (서교동) ,0,FALSE,FALSE,FALSE,FALSE,FALSE,04044,수도권,126.916076754399,37.5506045791194,11_440
서울비전내과의원,내과의원,02-332-8737,02-332-8737,서울특별시,마포구,서울특별시 마포구 월드컵북로 25 강원특별자치도민회관 2층 (서교동) ,4,FALSE,TRUE,TRUE,TRUE,TRUE,04001,수도권,126.919181730647,37.5566454118708,11_440
봄날에민내과의원,내과의원,02-6949-6565,010-2744-3021,서울특별시,마포구,서울특별시 마포구 월드컵로 88 서교월드빌딩 3층 (서교동) ,5,TRUE,TRUE,TRUE,TRUE,TRUE,03996,수도권,126.909934007021,37.5567035014566,11_440
연세보담내과의원,내과의원,02-304-7588,02-304-7588,서울특별시,마포구,"서울특별시 마포구 월드컵로 200 SJ라벨라상암 5층 501,502호 (성산동) ",5,TRUE,TRUE,TRUE,TRUE,TRUE,03938,수도권,126.902554646241,37.5649569864623,11_440
다웰내과의원,내과의원,02-322-5225,02-322-5225,서울특별시,마포구,서울특별시 마포구 큰우물로 76 고려빌딩 1층 103호 (도화동) ,5,TRUE,TRUE,TRUE,TRUE,TRUE,04167,수도권,126.945946191673,37.5408050156165,11_440
상암서울내과의원,내과의원,02-309-1000,02-309-1000,서울특별시,마포구,"서울특별시 마포구 월드컵북로 344 팜프렌즈빌딩 2,3층 (상암동) ",5,TRUE,TRUE,TRUE,TRUE,TRUE,03927,수도권,126.893896389324,37.5765017189898,11_440
이화여자대학교의과대학부속목동병원,종합병원,02-2650-5314,02-2650-5114,서울특별시,양천구,서울특별시 양천구 안양천로 1071 (목동) ,5,TRUE,TRUE,TRUE,TRUE,TRUE,07985,수도권,126.886743916495,37.5369818505985,11_470
홍익병원,종합병원,02-2600-0723,02-2693-5555,서울특별시,양천구,서울특별시 양천구 목동로 225 홍익병원본관 (신정동),5,TRUE,TRUE,TRUE,TRUE,TRUE,07937,수도권,126.863640511323,37.5284817220954,11_470
서울특별시서남병원,종합병원,02-1566-6688,1566-6688,서울특별시,양천구,서울특별시 양천구 신정이펜1로 20 (신정동),5,TRUE,TRUE,TRUE,TRUE,TRUE,08049,수도권,126.833131511699,37.5120203521684,11_470
포미즈여성병원,병원,02-2651-7500,02-2651-7500,서울특별시,양천구,"서울특별시 양천구 공항대로 610 (목동, 정종일산부인과)",5,TRUE,TRUE,TRUE,TRUE,TRUE,07968,수도권,126.87235841377,37.546789059764,11_470
메디힐병원,병원,02-2604-7551,02-2604-7551,서울특별시,양천구,"서울특별시 양천구 남부순환로 331 (신월동, 메디힐병원)",5,TRUE,TRUE,TRUE,TRUE,TRUE,07905,수도권,126.827841386792,37.5372613394638,11_470
목동제일여성병원,병원,02-6927-3646,02-6927-3646,서울특별시,양천구,서울특별시 양천구 중앙로 300 (신정동),0,FALSE,FALSE,FALSE,FALSE,FALSE,08019,수도권,126.851872560398,37.5230563143626,11_470
늘봄의원,의원,02-2603-0221,02-2603-0221,서울특별시,양천구,서울특별시 양천구 월정로 129 (신월동),0,FALSE,FALSE,FALSE,FALSE,FALSE,07923,수도권,126.837834953916,37.5305349243818,11_470
세란의원,의원,02-2642-5975,02-2642-5975,서울특별시,양천구,"서울특별시 양천구 목동서로 77 (목동, 현대월드타워)",0,FALSE,FALSE,FALSE,FALSE,FALSE,07983,수도권,126.877988123429,37.5359631978743,11_470
신내과의원,내과의원,02-2698-1414,02-2698-1414,서울특별시,양천구,서울특별시 양천구 오목로 66 (신월동),5,TRUE,TRUE,TRUE,TRUE,TRUE,08028,수도권,126.84490831251,37.5224982140608,11_470
정현수산부인과의원,의원,02-2605-2970,2605-2970,서울특별시,양천구,"서울특별시 양천구 신월로 164 401호 (신월동, 승일뷰티타워2) ",0,FALSE,FALSE,FALSE,FALSE,FALSE,08064,수도권,126.842018042503,37.517760427962,11_470
위앤장(We&Jang)공내과의원,내과의원,02-2654-7588,02-2653-7588,서울특별시,양천구,서울특별시 양천구 등촌로 214 (목동),5,TRUE,TRUE,TRUE,TRUE,TRUE,07950,수도권,126.863699365993,37.5486078678767,11_470
이기섭의원,의원,02-2607-7174,02-2607-7174,서울특별시,양천구,서울특별시 양천구 남부순환로40길 67 (신월동),1,TRUE,FALSE,FALSE,FALSE,FALSE,07912,수도권,126.826306406017,37.5327930164664,11_470
임가정의학과의원,의원,02-2607-7400,02-2607-7400,서울특별시,양천구,"서울특별시 양천구 지양로 22 (신월동, 승원빌딩)",2,TRUE,FALSE,TRUE,FALSE,FALSE,08041,수도권,126.837459487612,37.5186321794455,11_470
윤종일내과의원,내과의원,02-2651-4665,02-2651-4666,서울특별시,양천구,서울특별시 양천구 중앙로 274 (신정동),3,TRUE,TRUE,TRUE,FALSE,FALSE,08082,수도권,126.85311001121,37.5207564304426,11_470
권현민내과의원,내과의원,02-2646-5171,02-2646-5171,서울특별시,양천구,"서울특별시 양천구 목동남로4길 2 203호 (신정동, 세양청마루2차 주상복합상가)",3,TRUE,TRUE,TRUE,FALSE,FALSE,08104,수도권,126.864535471682,37.508287498257,11_470
강봉수가정의학과의원,의원,02-2698-6745,02-2698-6745,서울특별시,양천구,서울특별시 양천구 월정로 53 (신월동),0,FALSE,FALSE,FALSE,FALSE,FALSE,07930,수도권,126.841526115844,37.5244384462917,11_470
한강외과의원,의원,02-2065-7575,02-2065-7575,서울특별시,양천구,"서울특별시 양천구 신월로 164 304,305호 (신월동, 승일뷰티타워2)",4,TRUE,TRUE,TRUE,TRUE,FALSE,08064,수도권,126.842018042503,37.517760427962,11_470
해성산부인과의원,의원,02-2646-7115,02-2646-7115,서울특별시,양천구,서울특별시 양천구 중앙로 232 (신정동),0,FALSE,FALSE,FALSE,FALSE,FALSE,08091,수도권,126.854440172812,37.5173342679085,11_470
박내과의원,내과의원,02-2608-6800,02-2608-6800,서울특별시,양천구,서울특별시 양천구 신월로 165 2층 (신월동),3,TRUE,TRUE,TRUE,FALSE,FALSE,08031,수도권,126.841777782827,37.5182964731309,11_470
필내과의원,내과의원,02-2646-8257,02-2646-8257,서울특별시,양천구,"서울특별시 양천구 신월로 338 3층 (신정동, 원빌딩)",2,TRUE,FALSE,TRUE,FALSE,FALSE,08086,수도권,126.858531213565,37.5215359278897,11_470
푸른가정의학과의원,의원,02-2653-1264,02-2653-1264,서울특별시,양천구,서울특별시 양천구 목동중앙남로4길 4 1층 (목동),0,FALSE,FALSE,FALSE,FALSE,FALSE,07962,수도권,126.867717063755,37.5364617449366,11_470
힘찬병원,병원,02-3219-9316,02-1899-2221,서울특별시,양천구,"서울특별시 양천구 신목로 120 (목동, 힘찬병원) ",4,TRUE,TRUE,TRUE,TRUE,FALSE,07999,수도권,126.876846570165,37.5249809740677,11_470
우리내과의원,내과의원,02-2648-5566,02-2648-5566,서울특별시,양천구,"서울특별시 양천구 오목로 312 (목동, 제일빌딩)",5,TRUE,TRUE,TRUE,TRUE,TRUE,08005,수도권,126.872013025181,37.5246909382695,11_470
소화의원,의원,02-2066-6375,2066-6375,서울특별시,양천구,"서울특별시 양천구 신정로14길 6 (신정동, 학마을아파트)",0,FALSE,FALSE,FALSE,FALSE,FALSE,08109,수도권,126.844411617245,37.5085358903662,11_470
박내과의원,내과의원,02-2646-5377,02-2646-5377,서울특별시,양천구,서울특별시 양천구 목동중앙북로 24 (목동),0,FALSE,FALSE,FALSE,FALSE,FALSE,07950,수도권,126.865975002016,37.5481416834343,11_470
양천연세내과의원,내과의원,02-2065-6600,02-2065-6600,서울특별시,양천구,서울특별시 양천구 남부순환로40길 13 2층 (신월동),3,TRUE,TRUE,TRUE,FALSE,FALSE,07912,수도권,126.828000162092,37.5347843626348,11_470
마이빌내과의원,내과의원,02-2651-7533,02-2651-7533,서울특별시,양천구,"서울특별시 양천구 공항대로 552 (목동, 대우마이빌)",5,TRUE,TRUE,TRUE,TRUE,TRUE,07946,수도권,126.866949534355,37.549554018744,11_470
서울가정의원,의원,02-2697-1623,02-2697-1623,서울특별시,양천구,"서울특별시 양천구 월정로50길 10 (신월동, 신흥주택)",2,TRUE,FALSE,TRUE,FALSE,FALSE,07903,수도권,126.831053940358,37.5416715041993,11_470
소망내과의원,내과의원,02-2649-0098,02-2649-0098,서울특별시,양천구,"서울특별시 양천구 목동중앙본로28길 1 (목동, 성운빌딩)",0,FALSE,FALSE,FALSE,FALSE,FALSE,07973,수도권,126.870653610803,37.5438676988813,11_470
목동연세수산부인과의원,의원,02-2643-8272,02-2643-8272,서울특별시,양천구,"서울특별시 양천구 등촌로 32 301~302호 (목동, 태영프라자)",0,FALSE,FALSE,FALSE,FALSE,FALSE,07965,수도권,126.864166285292,37.5328851583631,11_470
여미애산부인과의원,의원,02-2649-3575,02-2649-3575,서울특별시,양천구,서울특별시 양천구 목동서로 49 광장종합상가3 6층 604호 (목동) ,0,FALSE,FALSE,FALSE,FALSE,FALSE,07984,수도권,126.880503914142,37.5370742706805,11_470
기쁜소식산부인과의원,의원,02-2643-3388,02-2643-3388,서울특별시,양천구,서울특별시 양천구 신월로 304 4층 (신정동),0,FALSE,FALSE,FALSE,FALSE,FALSE,08082,수도권,37.521047045054004,126.85467300387842,11_470
이진우내과의원,내과의원,02-2692-6375,02-2692-6375,서울특별시,양천구,"서울특별시 양천구 신정로 312 (신정동, 뉴프라자)",5,TRUE,TRUE,TRUE,TRUE,TRUE,08106,수도권,126.855504942568,37.5132800705293,11_470
우리산부인과의원,의원,02-2605-7813,02-2605-7813,서울특별시,양천구,서울특별시 양천구 중앙로 275 (신정동),0,FALSE,FALSE,FALSE,FALSE,FALSE,08058,수도권,126.852226262711,37.520781006605,11_470
아이리스산부인과의원,의원,02-2647-0020,02-2647-0020,서울특별시,양천구,"서울특별시 양천구 목동동로 73 5층 503~504호 (신정동, 양지빌딩ll)",0,FALSE,FALSE,FALSE,FALSE,FALSE,08093,수도권,126.862808387683,37.5157733856226,11_470
밝은미래산부인과의원,의원,02-2687-3555,02-2687-3555,서울특별시,양천구,"서울특별시 양천구 남부순환로 654 4,5,6,9층 (신정동, 에이치앤씨티타워)",0,FALSE,FALSE,FALSE,FALSE,FALSE,08054,수도권,126.841857798323,37.5107183340608,11_470
우성의원,의원,02-2603-8275,02-2603-8275,서울특별시,양천구,"서울특별시 양천구 월정로 50 (신월동, 청솔아파트)",4,TRUE,TRUE,TRUE,TRUE,FALSE,07936,수도권,126.842137823501,37.524261587996,11_470
마디랑내과의원,내과의원,02-2648-1633,02-2648-1633,서울특별시,양천구,서울특별시 양천구 신월로 304 (신정동),1,TRUE,FALSE,FALSE,FALSE,FALSE,08082,수도권,126.854754768596,37.5210000232129,11_470
조삼권내과의원,내과의원,02-2652-1133,02-2652-1133,서울특별시,양천구,"서울특별시 양천구 지양로 78 2층 (신월동, 우성상가)",4,TRUE,TRUE,TRUE,TRUE,FALSE,08034,수도권,126.833571060858,37.5226595591182,11_470
서울삼성내과의원,내과의원,02-2060-0300,2060-0300,서울특별시,양천구,서울특별시 양천구 등촌로 32 목동 태영프라자 2층 205~207호 (목동),5,TRUE,TRUE,TRUE,TRUE,TRUE,07965,수도권,126.864166285292,37.5328851583631,11_470
서영탁내과의원,내과의원,02-6346-6163,02-6346-6163,서울특별시,양천구,"서울특별시 양천구 등촌로 188 지하1층 제B01호, 제1층 제101호 (목동) ",5,TRUE,TRUE,TRUE,TRUE,TRUE,07951,수도권,126.863053728176,37.5464047208659,11_470
"봄,그림내과의원",내과의원,02-2695-1517,02-2695-1517,서울특별시,양천구,"서울특별시 양천구 곰달래로 47 3층 (신월동, 백석빌딩) ",5,TRUE,TRUE,TRUE,TRUE,TRUE,07923,수도권,126.837979822093,37.530248154543,11_470
연세윤내과의원,내과의원,02-2604-7373,02-2604-7373,서울특별시,양천구,"서울특별시 양천구 신정중앙로 103 6층 (신정동, 담우빌딩)",5,TRUE,TRUE,TRUE,TRUE,TRUE,07938,수도권,126.863371926417,37.5265013713269,11_470
목동연세365의원,의원,02-2643-0365,02-2643-0365,서울특별시,양천구,"서울특별시 양천구 오목로 344 3층 (목동, 청학빌딩)",5,TRUE,TRUE,TRUE,TRUE,TRUE,08006,수도권,126.875143110053,37.5237531022074,11_470
유헬스내과의원,내과의원,02-6925-3655,02-6925-3655,서울특별시,양천구,"서울특별시 양천구 목동동로 293 5층 508호 (목동, 현대41타워)",5,TRUE,TRUE,TRUE,TRUE,TRUE,07997,수도권,126.875771989415,37.5281783139269,11_470
라온여성의원,의원,02-2061-3575,02-2061-3575,서울특별시,양천구,"서울특별시 양천구 목동동로 293 현대41타워 4층 409,410,411호 (목동) ",0,FALSE,FALSE,FALSE,FALSE,FALSE,07997,수도권,126.875771989415,37.5281783139269,11_470
독일의원,의원,02-2645-8700,02-2645-8700,서울특별시,양천구,서울특별시 양천구 공항대로 624 (목동),4,TRUE,TRUE,TRUE,TRUE,FALSE,07968,수도권,126.874114547813,37.5466539031566,11_470
연세최내과의원,내과의원,02-2646-3303,02-2646-3303,서울특별시,양천구,서울특별시 양천구 신월로 314 2층 (신정동),4,TRUE,TRUE,TRUE,TRUE,FALSE,08082,수도권,126.855865482165,37.521247537677,11_470
마이내과의원,내과의원,02-2651-8800,02-6215-8800,서울특별시,양천구,"서울특별시 양천구 목동중앙로 71 2층 (목동, 하이파킹빌딩)",5,TRUE,TRUE,TRUE,TRUE,TRUE,07961,수도권,126.870194217249,37.5360244453731,11_470
연세더블유산부인과의원,의원,02-2654-3500,02-2654-3500,서울특별시,양천구,"서울특별시 양천구 오목로 344 3층 (목동, 청학빌딩)",0,FALSE,FALSE,FALSE,FALSE,FALSE,08006,수도권,126.875143110053,37.5237531022074,11_470
더본내과의원,내과의원,02-2138-0660,02-2138-0660,서울특별시,양천구,"서울특별시 양천구 목동동로 73 3층 303호 (신정동, 양지빌딩ll)",2,TRUE,FALSE,TRUE,FALSE,FALSE,08093,수도권,126.862808387683,37.5157733856226,11_470
연세위드유외과의원,의원,02-2642-6075,02-2642-6075,서울특별시,양천구,"서울특별시 양천구 오목로 300 현대하이페리온2 206동 3층 304호 일부, 305호, 306호, 307호, 308호 (목동, 현대하이페리온2) ",1,FALSE,FALSE,FALSE,FALSE,TRUE,08004,수도권,126.87002254331,37.5248304019543,11_470
우디여성의원,의원,02-2135-1508,02-2135-1508,서울특별시,양천구,서울특별시 양천구 공항대로 566 클래리티 타워 3층 (목동),0,FALSE,FALSE,FALSE,FALSE,FALSE,07947,수도권,126.868067060108,37.5489605239168,11_470
인터메드내과의원,내과의원,02-2643-2323,02-2643-2323,서울특별시,양천구,서울특별시 양천구 목동동로 150 목동 블루스퀘어 3층 301~303호 (신정동),4,TRUE,TRUE,TRUE,TRUE,FALSE,08014,수도권,126.870471203827,37.5189418545223,11_470
서울드림내과의원,내과의원,02-2601-8275,02-2601-8275,서울특별시,양천구,서울특별시 양천구 신월로 177 도이치빌딩 2층 (신월동),5,TRUE,TRUE,TRUE,TRUE,TRUE,08030,수도권,126.84279377753,37.5190624203995,11_470
삼성탑가정의학과의원,의원,02-753-8579,02-753-8579,서울특별시,양천구,서울특별시 양천구 목동동로8길 23 메리트윈 3층 301호 (신정동),4,TRUE,TRUE,TRUE,TRUE,FALSE,08017,수도권,126.871486510512,37.5168554302245,11_470
서울미라클의원,의원,02-6952-7503,02-6952-7503,서울특별시,양천구,"서울특별시 양천구 중앙로 232 2,3,4층 (신정동) ",0,FALSE,FALSE,FALSE,FALSE,FALSE,08091,수도권,126.854440172812,37.5173342679085,11_470
목동플러스내과의원,내과의원,02-2603-7577,02-2603-7577,서울특별시,양천구,서울특별시 양천구 중앙로 291 4층 (신월동),5,TRUE,TRUE,TRUE,TRUE,TRUE,08028,수도권,126.851641103963,37.5221443000442,11_470
목동더나은내과의원,내과의원,02-2062-7555,02-2062-7555,서울특별시,양천구,"서울특별시 양천구 목동서로 383 4층 401, 402호 (신정동) ",5,TRUE,TRUE,TRUE,TRUE,TRUE,08093,수도권,126.861530100802,37.5158920877714,11_470
목동서울청내과의원,내과의원,02-2607-2607,02-2607-2607,서울특별시,양천구,서울특별시 양천구 목동로 203 4층 401호 (신정동) ,5,TRUE,TRUE,TRUE,TRUE,TRUE,07938,수도권,126.86380676331,37.5267062206829,11_470
서울메디탑내과의원,내과의원,02-2603-7582,02-2603-7582,서울특별시,양천구,"서울특별시 양천구 오목로 147 3층 (신정동, 제이클래스목동주상복합) ",5,TRUE,TRUE,TRUE,TRUE,TRUE,07943,수도권,126.853714930254,37.5250701869996,11_470
목동삼성탑내과의원,내과의원,02-6958-5360,02-6958-5360,서울특별시,양천구,"서울특별시 양천구 목동로 210 타운빌딩 6층 601,602호 (목동) ",5,TRUE,TRUE,TRUE,TRUE,TRUE,07993,수도권,126.864447323512,37.5273834294204,11_470
양천에이스내과의원,내과의원,02-6958-7373,02-6958-7373,서울특별시,양천구,서울특별시 양천구 신월로 327 5층 (신정동) ,4,TRUE,TRUE,TRUE,TRUE,FALSE,08027,수도권,126.857430146443,37.5218596854711,11_470
목동깨비365의원,의원,02-2138-0031,02-2138-0031,서울특별시,양천구,서울특별시 양천구 목동중앙북로4길 6 1층 (목동) ,5,TRUE,TRUE,TRUE,TRUE,TRUE,07950,수도권,126.864284430668,37.5484138360947,11_470
프라임영상의학과의원,의원,02-2651-0382,02-2651-0382,서울특별시,양천구,"서울특별시 양천구 등촌로 12 2,3층 (목동) ",2,TRUE,FALSE,TRUE,FALSE,FALSE,07966,수도권,126.864159968625,37.5311279296827,11_470
목동제일내과의원,내과의원,02-2643-9888,2643-9888,서울특별시,양천구,서울특별시 양천구 신목로 86 7층 (신정동) ,5,TRUE,TRUE,TRUE,TRUE,TRUE,08009,수도권,126.874766090418,37.5223155146806,11_470
서울내몸케어내과의원,내과의원,02-2607-7582,02-2607-7582,서울특별시,양천구,서울특별시 양천구 남부순환로 352 2층 (신월동) ,5,TRUE,TRUE,TRUE,TRUE,TRUE,07910,수도권,126.827915323456,37.5355644146707,11_470
최은지산부인과의원,의원,02-2606-2434,02-2606-2434,서울특별시,양천구,서울특별시 양천구 오목로 226 3층 (신정동) ,1,FALSE,FALSE,FALSE,FALSE,TRUE,08022,수도권,126.862667345463,37.5257046995427,11_470
주내과의원,내과의원,02-6953-8311,02-6953-8311,서울특별시,양천구,서울특별시 양천구 신목로 88 3·4(일부)층 (신정동) ,1,TRUE,FALSE,FALSE,FALSE,FALSE,08009,수도권,126.875029234072,37.5223719258406,11_470
삼성나음여성의원,의원,02-2647-7582,02-2647-7582,서울특별시,양천구,서울특별시 양천구 오목로 350 썬택씨티빌딩 2층 (목동) ,0,FALSE,FALSE,FALSE,FALSE,FALSE,08007,수도권,126.87627211214,37.5241576688964,11_470
미즈메디병원,종합병원,-1588-2701,02-2007-1000,서울특별시,강서구,서울특별시 강서구 강서로 295 (내발산동),5,TRUE,TRUE,TRUE,TRUE,TRUE,07639,수도권,126.835857296727,37.5521827438563,11_500
부민병원,종합병원,-1577-7582,1577-7582,서울특별시,강서구,서울특별시 강서구 공항대로 389 부민병원 (등촌동),5,TRUE,TRUE,TRUE,TRUE,TRUE,07590,수도권,126.850904790759,37.5568628399174,11_500
이화여자대학교의과대학부속서울병원,종합병원,-1522-7000,1522-7000,서울특별시,강서구,서울특별시 강서구 공항대로 260 이화의대부속서울병원 (마곡동) ,4,FALSE,TRUE,TRUE,TRUE,TRUE,07804,수도권,126.836266829117,37.5572628621214,11_500
유광사여성병원,병원,02-2608-1011,02-2608-1011,서울특별시,강서구,서울특별시 강서구 강서로 194 (화곡동),2,TRUE,FALSE,FALSE,FALSE,TRUE,07698,수도권,126.838880973474,37.5435916590617,11_500
웰튼병원,병원,02-2690-2000,02-2690-2000,서울특별시,강서구,"서울특별시 강서구 마곡중앙5로 22 지하1,2층 4,11,12층호 (마곡동) ",5,TRUE,TRUE,TRUE,TRUE,TRUE,07788,수도권,126.825303015866,37.5672498211268,11_500
강서송도병원,병원,02-2660-3900,02-2659-0600,서울특별시,강서구,"서울특별시 강서구 공항대로 315 (등촌동, 서울시니어강서타워)",5,TRUE,TRUE,TRUE,TRUE,TRUE,07591,수도권,126.842791205411,37.5584986162827,11_500
서울스타병원,병원,02-2604-9300,02-2604-9300,서울특별시,강서구,"서울특별시 강서구 강서로 307 서울스타병원빌딩 3,4,5,6,7,층 8,9호 (내발산동)",4,TRUE,TRUE,TRUE,TRUE,FALSE,07632,수도권,126.836227554297,37.5532303968282,11_500
강서힘찬병원,병원,-1899-2228,02-1899-2228,서울특별시,강서구,서울특별시 강서구 강서로56길 38 강서힘찬병원 (등촌동) ,3,TRUE,TRUE,TRUE,FALSE,FALSE,07591,수도권,126.840668886961,37.5591929622171,11_500
서울고든병원,병원,-1670-0124,1670-0124,서울특별시,강서구,"서울특별시 강서구 양천로 600 파인블루빌딩 지하1,2,7,8,층 9,10호 (등촌동)",4,TRUE,TRUE,TRUE,TRUE,FALSE,07552,수도권,126.864673727749,37.5554767520191,11_500
서울원병원,병원,070-4394-3353,1544-5888,서울특별시,강서구,서울특별시 강서구 강서로 179 6~10층 (화곡동),5,TRUE,TRUE,TRUE,TRUE,TRUE,07714,수도권,126.839322200876,37.5423627575293,11_500
서울필병원,병원,02-1600-8205,02-1600-8205,서울특별시,강서구,서울특별시 강서구 강서로 357 (내발산동) ,4,TRUE,TRUE,TRUE,TRUE,FALSE,07632,수도권,126.837387751506,37.5576668863222,11_500
김양일내과의원,내과의원,02-2664-5767,02-2664-5767,서울특별시,강서구,서울특별시 강서구 방화동로 60 1층 (방화동),3,TRUE,TRUE,TRUE,FALSE,FALSE,07616,수도권,126.812573830849,37.5657818599474,11_500
한국건강관리협회건강증진의원,의원,02-2600-2000,02-2600-2000,서울특별시,강서구,서울특별시 강서구 화곡로 335 한국건강관리협회서울서부지부 (화곡동),5,TRUE,TRUE,TRUE,TRUE,TRUE,07649,수도권,126.850808526825,37.5538866355799,11_500
전용택내과의원,내과의원,02-2664-1110,02-2664-1110,서울특별시,강서구,서울특별시 강서구 금낭화로 91-2 대승프라자 501호 (방화동),3,TRUE,TRUE,TRUE,FALSE,FALSE,07516,수도권,126.811081371114,37.5736503862521,11_500
연세내과의원,내과의원,02-2692-7825,02-2692-7825,서울특별시,강서구,서울특별시 강서구 강서로 261 (내발산동),3,TRUE,TRUE,TRUE,FALSE,FALSE,07639,수도권,126.835954853373,37.5491854412348,11_500
정기수내과의원,내과의원,02-2602-7595,02-2602-7595,서울특별시,강서구,서울특별시 강서구 화곡로 173 (화곡동),3,TRUE,TRUE,TRUE,FALSE,FALSE,07702,수도권,126.840750757758,37.5420461896332,11_500
제이산부인과의원,의원,02-2665-8500,02-2665-8500,서울특별시,강서구,서울특별시 강서구 공항대로 36 2층 (공항동) ,0,FALSE,FALSE,FALSE,FALSE,FALSE,07623,수도권,126.811128792613,37.5610122114621,11_500
한순심산부인과의원,의원,02-2603-1100,02-2603-1100,서울특별시,강서구,"서울특별시 강서구 강서로 242 2층 205호 (화곡동, 강서힐스테이트)",0,FALSE,FALSE,FALSE,FALSE,FALSE,07694,수도권,126.836797010994,37.5471644988463,11_500
명진단영상의학과의원,의원,02-2694-4242,02-2694-4242,서울특별시,강서구,"서울특별시 강서구 공항대로 396 (주)귀뚜라미보일러사옥빌딩 4,5층 (화곡동)",5,TRUE,TRUE,TRUE,TRUE,TRUE,07649,수도권,126.851115006384,37.5558143450012,11_500
세연투섬내과의원,내과의원,02-3661-3714,02-3661-3714,서울특별시,강서구,"서울특별시 강서구 양천로 500 205~207호 (등촌동, 노블리움)",3,TRUE,TRUE,TRUE,FALSE,FALSE,07548,수도권,126.855531211014,37.5605371784027,11_500
이미영산부인과의원,의원,02-2664-7285,02-2664-7285,서울특별시,강서구,"서울특별시 강서구 등촌로 163 상가동 204, 206, 207호 (등촌동, 등촌동아이파크) ",0,FALSE,FALSE,FALSE,FALSE,FALSE,07671,수도권,126.861593331753,37.5447297738682,11_500
남장현산부인과의원,의원,02-2695-1001,02-2695-1001,서울특별시,강서구,"서울특별시 강서구 방화대로44길 55 202,302호 (방화동) ",0,FALSE,FALSE,FALSE,FALSE,FALSE,07592,수도권,126.818531073976,37.571006934014,11_500
최경희산부인과의원,의원,02-2664-3396,02-2664-3396,서울특별시,강서구,"서울특별시 강서구 마곡중앙로 59-21 에이스타워2 4층 404,405,406호 (마곡동)",0,FALSE,FALSE,FALSE,FALSE,FALSE,07807,수도권,126.824241089722,37.5588046568145,11_500
천내과의원,내과의원,02-2659-6546,02-2659-6546,서울특별시,강서구,"서울특별시 강서구 양천로57길 13 303호 (가양동, 씨드빌딩)",5,TRUE,TRUE,TRUE,TRUE,TRUE,07527,수도권,126.852023677534,37.5635982025081,11_500
서울산부인과의원,의원,02-2665-6782,02-2665-6782,서울특별시,강서구,서울특별시 강서구 금낭화로 91-2 (방화동),0,FALSE,FALSE,FALSE,FALSE,FALSE,07516,수도권,126.811081371114,37.5736503862521,11_500
강서성모내과의원,내과의원,02-3662-7585,02-3662-7585,서울특별시,강서구,"서울특별시 강서구 양천로 658 302호 (염창동, 양화진빌딩)",4,TRUE,TRUE,TRUE,TRUE,FALSE,07554,수도권,126.86991587864,37.5523079799238,11_500
햇살가득한가정의학과의원,의원,02-2062-1600,02-2062-1600,서울특별시,강서구,서울특별시 강서구 등촌로 59-1 2층 (화곡동),0,FALSE,FALSE,FALSE,FALSE,FALSE,07741,수도권,126.863179446271,37.5353838443451,11_500
현대항분하지외과의원,의원,02-2698-5021,02-2698-5021,서울특별시,강서구,"서울특별시 강서구 화곡로 166 화수빌딩 5,6층 (화곡동)",4,TRUE,TRUE,TRUE,TRUE,FALSE,07715,수도권,126.840078179014,37.5413033081483,11_500
김정백내과의원,내과의원,02-2663-4001,02-2663-4001,서울특별시,강서구,"서울특별시 강서구 금낭화로 135 금강프라자빌딩 401~3, 502호 (방화동) ",5,TRUE,TRUE,TRUE,TRUE,TRUE,07510,수도권,126.812438073591,37.5774450106613,11_500
신민호내과의원,내과의원,02-3663-7533,02-3663-7533,서울특별시,강서구,"서울특별시 강서구 양천로 684 3층 (염창동, 부성빌딩)",3,TRUE,TRUE,TRUE,FALSE,FALSE,07555,수도권,126.871949201268,37.5506405637499,11_500
연세의원,의원,02-2601-3433,02-2601-3433,서울특별시,강서구,"서울특별시 강서구 화곡로 197 1,2층 (화곡동)",0,FALSE,FALSE,FALSE,FALSE,FALSE,07700,수도권,126.842690208306,37.5433885742887,11_500
연세하나내과소아청소년과의원,내과의원,02-2661-6480,02-2661-6480,서울특별시,강서구,서울특별시 강서구 방화동로 37 (방화동),5,TRUE,TRUE,TRUE,TRUE,TRUE,07620,수도권,126.810682079138,37.5641822785808,11_500
준가정의학과의원,의원,02-2655-0075,02-2655-0075,서울특별시,강서구,서울특별시 강서구 등촌로 147 (등촌동),0,FALSE,FALSE,FALSE,FALSE,FALSE,07671,수도권,126.862405130693,37.5428771879604,11_500
서울하내과의원,내과의원,02-2690-1119,02-2690-1119,서울특별시,강서구,"서울특별시 강서구 강서로 254 303호 (화곡동, 우장산e-편한세상상가)",5,TRUE,TRUE,TRUE,TRUE,TRUE,07691,수도권,126.836714122498,37.5484347011443,11_500
우충아의원,의원,02-3663-7708,02-3663-7708,서울특별시,강서구,"서울특별시 강서구 양천로57길 37 201, 203호 (가양동, 가양4단지아파트) ",4,TRUE,TRUE,TRUE,TRUE,FALSE,07527,수도권,126.852069204251,37.5659318377534,11_500
유진의원,의원,02-3665-0024,02-3665-0024,서울특별시,강서구,서울특별시 강서구 양천로 677 (염창동),3,TRUE,FALSE,TRUE,FALSE,TRUE,07542,수도권,126.871952248872,37.5513728079184,11_500
현내과의원,내과의원,02-2697-8558,02-2697-8558,서울특별시,강서구,서울특별시 강서구 가로공원로76길 102 1층 (화곡동),3,TRUE,TRUE,TRUE,FALSE,FALSE,07766,수도권,126.838930182148,37.5326567473518,11_500
미래아이산부인과의원,의원,02-3665-2002,02-3665-2002,서울특별시,강서구,"서울특별시 강서구 양천로 556 1-7층 (등촌동, 강서메디칼센터)",5,TRUE,TRUE,TRUE,TRUE,TRUE,07550,수도권,126.860728364155,37.5578028626502,11_500
미산부인과의원,의원,02-2659-7777,02-2659-7777,서울특별시,강서구,서울특별시 강서구 양천로 460 (등촌동),0,FALSE,FALSE,FALSE,FALSE,FALSE,07575,수도권,126.851699824488,37.5625850769996,11_500
수내과의원,내과의원,02-2645-8191,02-2645-8191,서울특별시,강서구,서울특별시 강서구 등촌로5길 5 2층 (화곡동),2,TRUE,FALSE,TRUE,FALSE,FALSE,07741,수도권,126.863270906722,37.5332543461781,11_500
권내과의원,내과의원,02-2695-2988,02-2695-2988,서울특별시,강서구,서울특별시 강서구 강서로 56 4층 (화곡동),4,TRUE,TRUE,TRUE,TRUE,FALSE,07756,수도권,126.846398118766,37.5327749968198,11_500
예나산부인과의원,의원,02-3663-4774,02-3663-4774,서울특별시,강서구,서울특별시 강서구 양천로57길 16 영보빌딩 6층 603호 (가양동) ,0,FALSE,FALSE,FALSE,FALSE,FALSE,07526,수도권,126.852504476699,37.5633752671263,11_500
예일내과의원,내과의원,02-2604-1007,02-2604-1007,서울특별시,강서구,서울특별시 강서구 가로공원로76길 73 2층 (화곡동),4,TRUE,TRUE,TRUE,TRUE,FALSE,07767,수도권,126.83855303361,37.5339952987106,11_500
속시원한내과의원,내과의원,02-2608-2772,02-2608-2772,서울특별시,강서구,"서울특별시 강서구 강서로 43-17 501호 (화곡동, 오거닉스타워)",4,TRUE,TRUE,TRUE,TRUE,FALSE,07774,수도권,126.846691735763,37.5311063652026,11_500
서울내과의원,내과의원,02-2664-5555,02-2664-5555,서울특별시,강서구,서울특별시 강서구 양천로 73 2층 201호 (방화동),3,TRUE,TRUE,TRUE,FALSE,FALSE,07517,수도권,126.811826043779,37.5737251867757,11_500
서울삼성내과의원,내과의원,02-3663-1177,02-3663-1177,서울특별시,강서구,"서울특별시 강서구 양천로 713 2층 (염창동, 대영빌딩)",3,TRUE,TRUE,TRUE,FALSE,FALSE,07540,수도권,126.875250908344,37.5498405882542,11_500
새본내과의원,내과의원,02-2649-0875,02-2649-0875,서울특별시,강서구,"서울특별시 강서구 등촌로 183 2층 (등촌동, 세스빌딩)",4,TRUE,TRUE,TRUE,TRUE,FALSE,07668,수도권,126.862263586062,37.5462537856239,11_500
더베스트내과의원,내과의원,02-2658-0988,02-2658-0988,서울특별시,강서구,서울특별시 강서구 강서로 460 평안빌딩 301~302호 (등촌동) ,5,TRUE,TRUE,TRUE,TRUE,TRUE,07582,수도권,126.841106001932,37.5663257425795,11_500
중앙내과의원,내과의원,02-2666-7576,02-2666-7576,서울특별시,강서구,서울특별시 강서구 방화동로 102 102호 (방화동),0,FALSE,FALSE,FALSE,FALSE,FALSE,07606,수도권,126.812998823052,37.5694621054707,11_500
서울진내과의원,내과의원,02-2607-8875,02-2607-8875,서울특별시,강서구,"서울특별시 강서구 강서로 242 강서힐스테이트 단지내상가 302,303호 (화곡동)",4,TRUE,TRUE,TRUE,TRUE,FALSE,07694,수도권,126.836797010994,37.5471644988463,11_500
(의)열린의료재단 예인의원,의원,02-3661-7582,02-3661-7582,서울특별시,강서구,"서울특별시 강서구 양천로 366 5,6층 (가양동, 미라클빌딩)",3,TRUE,TRUE,TRUE,FALSE,FALSE,07573,수도권,126.842911175186,37.5672306850318,11_500
우리가정의원,의원,02-2662-7078,02-2662-7078,서울특별시,강서구,서울특별시 강서구 남부순환로11가길 104 2층 (공항동),0,FALSE,FALSE,FALSE,FALSE,FALSE,07625,수도권,126.813516560468,37.5582066121367,11_500
서울가정의학과의원,의원,02-2694-7500,02-2694-7500,서울특별시,강서구,서울특별시 강서구 가로공원로76길 56 2층 (화곡동),2,TRUE,FALSE,TRUE,FALSE,FALSE,07761,수도권,126.837818487511,37.5345343516043,11_500
연세태산내과의원,내과의원,02-2667-8275,02-2667-8275,서울특별시,강서구,"서울특별시 강서구 수명로 68-11 3층 301~303호 (내발산동, 발산타워)",3,TRUE,TRUE,TRUE,FALSE,FALSE,07635,수도권,126.826550185758,37.5522964793753,11_500
연세메디의원,의원,02-6116-5850,02-6116-5850,서울특별시,강서구,"서울특별시 강서구 하늘길 38 김포공항, 롯데몰, 스카이시티 GF층 (방화동)",0,FALSE,FALSE,FALSE,FALSE,FALSE,07505,수도권,126.802960133589,37.5713695798026,11_500
강상용내과의원,내과의원,02-2602-5575,02-2602-5575,서울특별시,강서구,서울특별시 강서구 강서로 52 화곡판타지아 2층 201~203호 (화곡동) ,5,TRUE,TRUE,TRUE,TRUE,TRUE,07757,수도권,126.846690598628,37.5324910211764,11_500
행복숲가정의학과의원,의원,02-2659-6117,02-2659-6117,서울특별시,강서구,"서울특별시 강서구 마곡중앙로 161-17 보타닉파크타워Ⅰ 310,311호 (마곡동) ",3,TRUE,FALSE,TRUE,TRUE,FALSE,07788,수도권,126.825960812712,37.5680581740122,11_500
박기호내과의원,내과의원,02-2662-4778,02-2662-4778,서울특별시,강서구,"서울특별시 강서구 강서로 267 3층 G030호 (내발산동, 송화쇼핑센터)",4,TRUE,TRUE,TRUE,TRUE,FALSE,07639,수도권,126.835941270275,37.5496000614643,11_500
김현영산부인과의원,의원,02-2699-5225,02-2699-5225,서울특별시,강서구,"서울특별시 강서구 강서로 43 402,403호 (화곡동, 도양라비앙타워)",0,FALSE,FALSE,FALSE,FALSE,FALSE,07774,수도권,126.846531702129,37.5315215185769,11_500
연세가족의원,의원,02-3665-1977,02-3665-1977,서울특별시,강서구,"서울특별시 강서구 양천로59길 46 106호 (가양동, 대일빌딩)",0,FALSE,FALSE,FALSE,FALSE,FALSE,07532,수도권,126.860025023147,37.561041563254,11_500
안강현내과의원,내과의원,02-3662-7578,02-3662-7578,서울특별시,강서구,"서울특별시 강서구 공항대로41길 75 3층 301호 (등촌동, 경원프라자)",3,TRUE,TRUE,TRUE,FALSE,FALSE,07586,수도권,126.846360147398,37.5611486390411,11_500
애플산부인과의원,의원,02-3664-7760,02-3664-7760,서울특별시,강서구,서울특별시 강서구 마곡중앙6로 69 6층 (마곡동),0,FALSE,FALSE,FALSE,FALSE,FALSE,07803,수도권,126.835089020911,37.5603375842313,11_500
강서연세내과의원,내과의원,02-2662-7582,02-2662-7582,서울특별시,강서구,"서울특별시 강서구 양천로 72 403호, 404호 (방화동, 해성빌딩)",5,TRUE,TRUE,TRUE,TRUE,TRUE,07604,수도권,126.811777075121,37.5732116324409,11_500
송정가정의학과의원,의원,02-2664-7580,02-2664-7580,서울특별시,강서구,서울특별시 강서구 공항대로 34 2층 (공항동),1,TRUE,FALSE,FALSE,FALSE,FALSE,07623,수도권,126.810958242039,37.5610066226343,11_500
제일가정의학과의원,의원,02-2645-1212,02-2645-1212,서울특별시,강서구,서울특별시 강서구 가로공원로76길 94 2층 (화곡동),4,TRUE,TRUE,TRUE,TRUE,FALSE,07766,수도권,126.838700603144,37.5330339530834,11_500
메디휴제일내과의원,내과의원,02-2065-1566,02-2065-1566,서울특별시,강서구,서울특별시 강서구 화곡로 206 2층 (화곡동),5,TRUE,TRUE,TRUE,TRUE,TRUE,07721,수도권,126.843620476759,37.5437035376111,11_500
삼성서울의원,의원,02-2666-1888,02-2666-1888,서울특별시,강서구,"서울특별시 강서구 강서로45길 174 3층 (내발산동, SM타워)",3,TRUE,TRUE,TRUE,FALSE,FALSE,07638,수도권,126.830611291758,37.552871895432,11_500
마음속내과의원,내과의원,02-2662-1222,02-2662-1222,서울특별시,강서구,"서울특별시 강서구 마곡중앙5로 81 에스비타운 4층 404,405,407호 (마곡동)",5,TRUE,TRUE,TRUE,TRUE,TRUE,07599,수도권,126.818597219555,37.5671170824829,11_500
고운여성산부인과의원,의원,02-2661-3009,02-2661-3009,서울특별시,강서구,"서울특별시 강서구 마곡중앙5로 81 502.503호 (마곡동, 에스비타운)",0,FALSE,FALSE,FALSE,FALSE,FALSE,07599,수도권,126.818597219555,37.5671170824829,11_500
까치산내과의원,내과의원,02-2065-9988,02-2065-9988,서울특별시,강서구,서울특별시 강서구 강서로13길 3 5층 (화곡동),5,TRUE,TRUE,TRUE,TRUE,TRUE,07774,수도권,126.846047920456,37.5322957492562,11_500
다나가정의원,의원,02-2601-1953,02-2601-1953,서울특별시,강서구,"서울특별시 강서구 화곡로 196 (화곡동, 평화약국)",0,FALSE,FALSE,FALSE,FALSE,FALSE,07721,수도권,126.843002615908,37.5430172380173,11_500
삼성참내과의원,내과의원,02-2665-3377,02-2665-3377,서울특별시,강서구,서울특별시 강서구 공항대로 38 3층 (공항동),5,TRUE,TRUE,TRUE,TRUE,TRUE,07623,수도권,126.811572673743,37.5609740878002,11_500
마곡휴연합의원,의원,02-862-2566,02-862-2566,서울특별시,강서구,"서울특별시 강서구 마곡동로 61 에이스프라자 4층 401,402호 (마곡동)",4,TRUE,TRUE,TRUE,TRUE,FALSE,07802,수도권,126.833159684952,37.5606177863587,11_500
류마내과의원,내과의원,02-2605-0279,02-2605-0279,서울특별시,강서구,"서울특별시 강서구 화곡로 142 2층 201호 (화곡동, 메가박스)",1,TRUE,FALSE,FALSE,FALSE,FALSE,07715,수도권,126.837581836675,37.5405665780291,11_500
박종오내과의원,내과의원,02-3662-5797,02-3662-5797,서울특별시,강서구,"서울특별시 강서구 양천로57길 16 2층 (가양동, 영보빌딩)",4,TRUE,TRUE,TRUE,TRUE,FALSE,07526,수도권,126.852504476699,37.5633752671263,11_500
발산연세내과의원,내과의원,02-2668-7575,02-2668-7575,서울특별시,강서구,"서울특별시 강서구 강서로 385 5층 508, 509, 513호(마곡동, 우성에스비타워) (마곡동)",5,TRUE,TRUE,TRUE,TRUE,TRUE,07803,수도권,126.838304106686,37.5600926354663,11_500
서울안심내과의원,내과의원,02-2604-3330,02-2604-3330,서울특별시,강서구,서울특별시 강서구 강서로 193 2층 (화곡동),4,TRUE,TRUE,TRUE,TRUE,FALSE,07707,수도권,126.838305757944,37.543351477505,11_500
연세메디플러스의원,의원,02-3662-3040,02-3662-3040,서울특별시,강서구,서울특별시 강서구 양천로 431 홈플러스가양점 지하2층 (가양동),0,FALSE,FALSE,FALSE,FALSE,FALSE,07527,수도권,126.849960213917,37.5642640468035,11_500
삼성바른내과의원,내과의원,02-2606-8275,02-2606-8275,서울특별시,강서구,"서울특별시 강서구 강서로 231 2층 209호 (화곡동, 우장산역 해링턴 타워)",5,TRUE,TRUE,TRUE,TRUE,TRUE,07705,수도권,126.836117683731,37.546244810291,11_500
에이치아이여성의원,의원,02-3662-0401,02-3662-0401,서울특별시,강서구,서울특별시 강서구 강서로 463 새싹타워 2층 (마곡동),0,FALSE,FALSE,FALSE,FALSE,FALSE,07791,수도권,126.840446253714,37.5669463591713,11_500
성모탑가정의학과의원,의원,02-2607-7979,02-2607-7979,서울특별시,강서구,"서울특별시 강서구 곰달래로49길 29 2층 (화곡동, 산호빌딩)",0,FALSE,FALSE,FALSE,FALSE,FALSE,07748,수도권,126.85758089585,37.5329503813347,11_500
아이비산부인과의원,의원,02-2668-8998,02-2668-8998,서울특별시,강서구,서울특별시 강서구 강서로 385 우성에스비타워 7층 707호 (마곡동),0,FALSE,FALSE,FALSE,FALSE,FALSE,07803,수도권,126.838304106686,37.5600926354663,11_500
메디엘라산부인과의원,의원,02-3663-7942,02-3663-7942,서울특별시,강서구,서울특별시 강서구 공항대로 269-15 힐스테이트에코마곡 3층 311호 (마곡동),0,FALSE,FALSE,FALSE,FALSE,FALSE,07803,수도권,126.837242277605,37.5596113961056,11_500
아산바른내과의원,내과의원,02-2088-5050,02-2088-5050,서울특별시,강서구,서울특별시 강서구 등촌로5길 2 4층 (화곡동),5,TRUE,TRUE,TRUE,TRUE,TRUE,07741,수도권,126.863297865971,37.5334847631785,11_500
이현주산부인과의원,의원,02-2663-9663,02-2663-9663,서울특별시,강서구,"서울특별시 강서구 공항대로 168 5층 501,502호 (마곡동)",0,FALSE,FALSE,FALSE,FALSE,FALSE,07807,수도권,126.826136981493,37.5592736391913,11_500
마곡중앙내과의원,내과의원,02-6952-8030,02-6952-8030,서울특별시,강서구,"서울특별시 강서구 공항대로 168 5층 511,512,513호 (마곡동)",5,TRUE,TRUE,TRUE,TRUE,TRUE,07807,수도권,126.826136981493,37.5592736391913,11_500
마곡성모내과신경과의원,내과의원,02-6217-8800,02-6217-8800,서울특별시,강서구,"서울특별시 강서구 공항대로 164 류마타워 2층 201,202,203호 (마곡동)",5,TRUE,TRUE,TRUE,TRUE,TRUE,07807,수도권,126.825514827621,37.5593259702511,11_500
연세든든내과의원,내과의원,02-6347-8880,02-6347-8880,서울특별시,강서구,"서울특별시 강서구 화곡로 152 CUBE152 2,4층 (화곡동)",5,TRUE,TRUE,TRUE,TRUE,TRUE,07715,수도권,126.838673936917,37.5408959485731,11_500
강서아산내과의원,내과의원,02-6325-7575,02-6325-7575,서울특별시,강서구,서울특별시 강서구 가로공원로76길 51 2~5층 (화곡동),4,TRUE,TRUE,TRUE,TRUE,FALSE,07765,수도권,126.837978157379,37.5348879429263,11_500
연세정성내과의원,내과의원,02-2692-2990,02-2692-2990,서울특별시,강서구,서울특별시 강서구 화곡로 301 원풍빌딩 4층 (화곡동),1,TRUE,FALSE,FALSE,FALSE,FALSE,07686,수도권,126.848779415926,37.5512887316459,11_500
오율의원(마곡본점),의원,02-6956-7585,02-6956-7585,서울특별시,강서구,서울특별시 강서구 마곡서로 157 스프링파크타워 2층 (마곡동),1,TRUE,FALSE,FALSE,FALSE,FALSE,07595,수도권,126.824614680602,37.5681757438857,11_500
서울에코내과의원,내과의원,02-6101-3333,02-6101-3333,서울특별시,강서구,"서울특별시 강서구 공항대로 531 3층 301,302호 (염창동, 한울밸리움)",5,TRUE,TRUE,TRUE,TRUE,TRUE,07562,수도권,126.865471141449,37.5511356670438,11_500
에비뉴여성의원,의원,02-3663-0401,02-3663-0401,서울특별시,강서구,서울특별시 강서구 강서로 380 세민빌딩 6층 (등촌동),0,FALSE,FALSE,FALSE,FALSE,FALSE,07591,수도권,126.83887821316,37.5594884014712,11_500
삼성편한내과의원,내과의원,02-6956-1513,02-6956-1513,서울특별시,강서구,서울특별시 강서구 강서로 173 터보빌딩 3층 (화곡동),5,TRUE,TRUE,TRUE,TRUE,TRUE,07714,수도권,126.83962220933,37.5419221264693,11_500
강서베스트내과의원,내과의원,02-2662-7577,02-2662-7577,서울특별시,강서구,"서울특별시 강서구 방화동로 92 에스메디컬 4,5일부층 (방화동)",4,TRUE,TRUE,TRUE,TRUE,FALSE,07606,수도권,126.813015105953,37.5686086193393,11_500
바른메디내과의원,내과의원,02-2662-7007,02-2662-7007,서울특별시,강서구,서울특별시 강서구 공항대로 236 5층 (마곡동),5,TRUE,TRUE,TRUE,TRUE,TRUE,07805,수도권,126.833754085705,37.5585410180689,11_500
서울힘내과의원,내과의원,02-2659-5575,02-2659-5575,서울특별시,강서구,서울특별시 강서구 양천로 461 주영빌딩 2층 201호 (가양동),5,TRUE,TRUE,TRUE,TRUE,TRUE,07526,수도권,126.852223862157,37.5630457825024,11_500
삼성힐링내과의원,내과의원,02-2638-5486,02-2638-5486,서울특별시,강서구,서울특별시 강서구 양천로 401 강서한강자이타워 204호 (가양동),4,TRUE,TRUE,TRUE,TRUE,FALSE,07528,수도권,126.847638315393,37.5657034766638,11_500
맑은미소내과의원,내과의원,02-2608-7575,02-2608-8275,서울특별시,강서구,"서울특별시 강서구 강서로 27 화곡 심포니 타워 402, 602~4호 (화곡동) ",4,TRUE,TRUE,TRUE,TRUE,FALSE,07778,수도권,126.847206208517,37.5303651480517,11_500
가양성모내과의원,내과의원,02-2668-5050,02-2668-5050,서울특별시,강서구,"서울특별시 강서구 화곡로68길 3 401호, 404~407호 (등촌동) ",5,TRUE,TRUE,TRUE,TRUE,TRUE,07548,수도권,126.854737852729,37.5595836717982,11_500
건강하지항외과의원,의원,02-2699-9700,02-2699-9700,서울특별시,강서구,서울특별시 강서구 강서로 179 301호 (화곡동),4,TRUE,TRUE,TRUE,TRUE,FALSE,07714,수도권,126.839322200876,37.5423627575293,11_500
연세현대내과의원,내과의원,02-3665-8222,02-3665-8222,서울특별시,강서구,서울특별시 강서구 양천로 660 왈도강서캠퍼스 4층 401호 (염창동),5,TRUE,TRUE,TRUE,TRUE,TRUE,07554,수도권,126.870104939409,37.552137629227,11_500
88플러스내과의원,내과의원,02-2661-8800,02-2661-8800,서울특별시,강서구,서울특별시 강서구 방화동로 40 2층 (공항동),5,TRUE,TRUE,TRUE,TRUE,TRUE,07619,수도권,126.811268489685,37.5640509513824,11_500
정앤정메디컬의원,의원,02-2666-7075,02-2666-7075,서울특별시,강서구,서울특별시 강서구 공항대로 36-1 1층 (공항동) ,1,TRUE,FALSE,FALSE,FALSE,FALSE,07623,수도권,126.811337995699,37.5609949765277,11_500
연세위드내과의원,내과의원,02-2698-0111,02-2698-0111,서울특별시,강서구,"서울특별시 강서구 강서로 59 4,5층 (화곡동)",5,TRUE,TRUE,TRUE,TRUE,TRUE,07770,수도권,126.845724927769,37.5328367388375,11_500
연세우리건강내과의원,내과의원,02-2658-8275,02-2658-8275,서울특별시,강서구,"서울특별시 강서구 공항대로 625 지하1, 지상2층 (염창동) ",5,TRUE,TRUE,TRUE,TRUE,TRUE,07558,수도권,126.8742403248,37.5472940163263,11_500
아산서울내과의원,내과의원,02-2658-7570,02-2658-7570,서울특별시,강서구,서울특별시 강서구 공항대로41길 56 진아빌딩 2층 (등촌동) ,5,TRUE,TRUE,TRUE,TRUE,TRUE,07587,수도권,126.846328848733,37.5601861543743,11_500
마곡스카이내과의원,내과의원,02-2663-6675,02-2663-6675,서울특별시,강서구,서울특별시 강서구 양천로30길 123-28 3층 301호 (마곡동) ,4,TRUE,TRUE,TRUE,TRUE,FALSE,07595,수도권,126.823834713895,37.5672925088315,11_500
서울강민신경과의원,의원,02-2665-6798,02-2663-7536,서울특별시,강서구,서울특별시 강서구 강서로 323 2층 (내발산동) ,1,TRUE,FALSE,FALSE,FALSE,FALSE,07632,수도권,126.836553620481,37.5546704615225,11_500
강서바른내과의원,내과의원,02-3661-2580,02-3661-2580,서울특별시,강서구,서울특별시 강서구 양천로 683 3층 (염창동) ,5,TRUE,TRUE,TRUE,TRUE,TRUE,07540,수도권,126.872349034555,37.5509619320852,11_500
서울센트럴메디케어의원,의원,02-6384-7585,02-6384-7585,서울특별시,강서구,서울특별시 강서구 마곡중앙8로5길 11 마곡파인스퀘어Ⅲ 3층 301~315호 (마곡동) ,5,TRUE,TRUE,TRUE,TRUE,TRUE,07794,수도권,126.837098401629,37.5619100886907,11_500
세란내과의원,내과의원,02-2698-6933,02-2698-6933,서울특별시,강서구,서울특별시 강서구 화곡로 346 3층 (화곡동) ,5,TRUE,TRUE,TRUE,TRUE,TRUE,07653,수도권,126.8520185641,37.5545091254843,11_500
아산온유외과의원,의원,02-6958-7508,02-6958-7508,서울특별시,강서구,서울특별시 강서구 양천로 490 8층 801호 (등촌동) ,1,FALSE,FALSE,FALSE,FALSE,TRUE,07575,수도권,126.854472954474,37.5610683674353,11_500
영화로운여성의원,의원,02-6954-2575,02-6954-2575,서울특별시,강서구,서울특별시 강서구 공항대로 165 2층 201호 (마곡동) ,0,FALSE,FALSE,FALSE,FALSE,FALSE,07800,수도권,126.824695969186,37.5608751008131,11_500
부민 프레스티지 라이프케어센터 마곡의원,의원,-1644-6725,1644-6725,서울특별시,강서구,서울특별시 강서구 공항대로 165 D동 4층 (마곡동) ,5,TRUE,TRUE,TRUE,TRUE,TRUE,07800,수도권,126.824695969186,37.5608751008131,11_500
바로내과의원,내과의원,02-3012-8585,02-3012-8585,서울특별시,강서구,서울특별시 강서구 양천로 476 금부빌딩 4층 401호 (등촌동) ,5,TRUE,TRUE,TRUE,TRUE,TRUE,07575,수도권,126.853271958466,37.5616001805127,11_500
편안한여성의원,의원,02-6341-0091,02-6341-0091,서울특별시,강서구,서울특별시 강서구 등촌로5길 2 2층 (화곡동) ,0,FALSE,FALSE,FALSE,FALSE,FALSE,07741,수도권,126.863297865971,37.5334847631785,11_500
의) 롯데의료재단 보바스의원,의원,02-6735-6800,02-6735-6800,서울특별시,강서구,서울특별시 강서구 마곡중앙3로 16 VL 르웨스트 1층 (마곡동) ,1,TRUE,FALSE,FALSE,FALSE,FALSE,07800,수도권,126.824552633783,37.5629708738715,11_500
고려대학교의과대학부속구로병원,종합병원,02-1577-9966,02-2626-1114,서울특별시,구로구,서울특별시 구로구 구로동로 148 고려대부속구로병원 (구로동),1,TRUE,FALSE,FALSE,FALSE,FALSE,08308,수도권,126.884511034177,37.4911503253664,11_530
구로성심병원,종합병원,02-2067-1500,02-2067-1500,서울특별시,구로구,서울특별시 구로구 경인로 427 구로성심병원 (고척동),4,FALSE,TRUE,TRUE,TRUE,TRUE,08223,수도권,126.866358244952,37.4996468654605,11_530
삼성미래여성병원,병원,02-2682-2100,02-2682-2100,서울특별시,구로구,서울특별시 구로구 서해안로 2296 삼성미래여성병원 (오류동),1,FALSE,FALSE,FALSE,FALSE,TRUE,08342,수도권,126.84044403086,37.4912413885939,11_530
아름제일병원,병원,02-855-9911,,서울특별시,구로구,"서울특별시 구로구 새말로 94 2~6층, 9층 / 새말로 110 지하1층동 3~6층 (구로동)",5,TRUE,TRUE,TRUE,TRUE,TRUE,08289,수도권,126.890498431184,37.5054702180553,11_530
연세사랑모아여성병원,병원,02-2636-1122,02-2636-1122,서울특별시,구로구,서울특별시 구로구 중앙로 100 (고척동),1,FALSE,FALSE,FALSE,FALSE,TRUE,08218,수도권,126.860612503872,37.5063537038109,11_530
참튼튼병원,병원,02-856-6222,070-4268-7246,서울특별시,구로구,"서울특별시 구로구 시흥대로 547, 금강빌딩 지하1,2~10층(구로동), 디지털로32가길 547 금강빌딩 지하1,2~10층(구로동), 디지털로32가길 25, 티타운빌딩 B102,103,205,206,302 (구로동) ",4,FALSE,TRUE,TRUE,TRUE,TRUE,08392,수도권,126.900393590898,37.4821357843577,11_530
디에이치(DH)대항외과의원,의원,02-3439-8114,02-3439-8114,서울특별시,구로구,서울특별시 구로구 경인로 661 신도림1차푸르지오 259호 (신도림동),4,TRUE,TRUE,TRUE,TRUE,FALSE,08208,수도권,126.887986372819,37.5096619486431,11_530
박산부인과의원,의원,02-862-0865,02-862-0865,서울특별시,구로구,서울특별시 구로구 구로동로 35 (가리봉동),0,FALSE,FALSE,FALSE,FALSE,FALSE,08322,수도권,126.885897028905,37.4849672468365,11_530
정내과의원,내과의원,02-866-0356,02-866-0356,서울특별시,구로구,서울특별시 구로구 구로중앙로 10 정내과 (구로동),5,TRUE,TRUE,TRUE,TRUE,TRUE,08305,수도권,126.892566778378,37.4913305584906,11_530
강내과의원,내과의원,02-2686-3324,02-2686-1835,서울특별시,구로구,서울특별시 구로구 중앙로8길 30 (고척동),4,TRUE,TRUE,TRUE,TRUE,FALSE,08222,수도권,126.864286574719,37.5027670275518,11_530
동진가정의학과의원,의원,02-2617-4527,02-2617-4527,서울특별시,구로구,서울특별시 구로구 오리로 1297 청파빌딩 2층 (궁동),0,FALSE,FALSE,FALSE,FALSE,FALSE,08257,수도권,126.829102863014,37.4972265875958,11_530
남광우내과의원,내과의원,02-2617-1025,02-2617-1025,서울특별시,구로구,서울특별시 구로구 경인로 219 (오류동),3,TRUE,TRUE,TRUE,FALSE,FALSE,08267,수도권,126.845070793391,37.4968157648088,11_530
강서내과의원,내과의원,02-2615-7212,02-2615-7212,서울특별시,구로구,서울특별시 구로구 개봉로 57 3층 (개봉동),3,TRUE,TRUE,TRUE,FALSE,FALSE,08347,수도권,126.855765423363,37.4907685069168,11_530
김관수산부인과의원,의원,02-2618-9817,02-2618-9817,서울특별시,구로구,서울특별시 구로구 개봉로 23 고려크리닉센터 6층 (개봉동),0,FALSE,FALSE,FALSE,FALSE,FALSE,08352,수도권,126.85604415167,37.4877650696629,11_530
애경내과의원,내과의원,02-851-2111,02-851-2111,서울특별시,구로구,서울특별시 구로구 새말로 89 4층 (구로동),2,TRUE,FALSE,TRUE,FALSE,FALSE,08288,수도권,126.889834342021,37.5056097068416,11_530
성재의원,의원,02-2625-7533,02-2625-7533,서울특별시,구로구,서울특별시 구로구 오리로 1268 유림빌딩 1~2층 (궁동),0,FALSE,FALSE,FALSE,FALSE,FALSE,08256,수도권,126.830811943619,37.4949108500598,11_530
한사랑가정의원,의원,02-2686-4884,02-2686-4884,서울특별시,구로구,서울특별시 구로구 오류로8길 57 대성빌딩 (오류동),4,TRUE,TRUE,TRUE,TRUE,FALSE,08341,수도권,126.843387355249,37.492403480765,11_530
오형태내과의원,내과의원,02-2683-6363,02-2683-6363,서울특별시,구로구,서울특별시 구로구 고척로21나길 17 현대빌딩 2층 (개봉동),4,TRUE,TRUE,TRUE,TRUE,FALSE,08251,수도권,126.844760322443,37.502686578065,11_530
한양정형외과내과의원,내과의원,02-2687-1321,02-2687-1321,서울특별시,구로구,서울특별시 구로구 경인로 164 대일빌딩 (오류동),4,TRUE,TRUE,TRUE,TRUE,FALSE,08273,수도권,126.839968378442,37.4940224220979,11_530
정가정의학과의원,의원,02-2689-9823,02-2689-9823,서울특별시,구로구,"서울특별시 구로구 경인로 382 (개봉동, 한마을아파트)",0,FALSE,FALSE,FALSE,FALSE,FALSE,08275,수도권,126.863082153299,37.4963730035523,11_530
연세내과의원,내과의원,02-857-8275,02-857-8275,서울특별시,구로구,"서울특별시 구로구 구로동로26길 119 정엽빌딩 4,5층 (구로동)",4,TRUE,TRUE,TRUE,TRUE,FALSE,08312,수도권,126.890620654436,37.4900653805612,11_530
송영훈산부인과의원,의원,02-864-8985,02-864-8985,서울특별시,구로구,"서울특별시 구로구 구로중앙로 68 309호 (구로동, 신안타워)",0,FALSE,FALSE,FALSE,FALSE,FALSE,08301,수도권,126.888807280468,37.495860314768,11_530
연희산부인과의원,의원,02-2625-5002,02-2625-5002,서울특별시,구로구,서울특별시 구로구 경인로 193 상임빌딩 (오류동),0,FALSE,FALSE,FALSE,FALSE,FALSE,08269,수도권,126.842584579433,37.49576046373,11_530
최태진내과의원,내과의원,02-2681-7582,02-2681-7582,서울특별시,구로구,서울특별시 구로구 천왕로 32 천왕에이스프라자 302호 (천왕동),4,TRUE,TRUE,TRUE,TRUE,FALSE,08365,수도권,126.839785287842,37.4805805889512,11_530
이영우내과의원,내과의원,02-2636-7582,02-2636-7582,서울특별시,구로구,서울특별시 구로구 신도림로 7 205호 (신도림동),5,TRUE,TRUE,TRUE,TRUE,TRUE,08206,수도권,126.877164760067,37.5061633129074,11_530
박철수내과의원,내과의원,02-2681-7575,02-2681-7575,서울특별시,구로구,"서울특별시 구로구 개봉로 30 3층 (개봉동, 로얄타워)",4,TRUE,TRUE,TRUE,TRUE,FALSE,08333,수도권,126.856538739778,37.4882301404849,11_530
송미영가정의학과의원,의원,02-2683-5752,02-2683-5752,서울특별시,구로구,서울특별시 구로구 경인로47길 54 2층 (고척동),0,FALSE,FALSE,FALSE,FALSE,FALSE,08222,수도권,126.865301478683,37.5015074126632,11_530
고려MS영상의학과의원,의원,02-830-2564,02-830-2564,서울특별시,구로구,"서울특별시 구로구 구로중앙로 68 4층 (구로동, 신안타워)",1,FALSE,FALSE,FALSE,FALSE,TRUE,08301,수도권,126.888807280468,37.495860314768,11_530
아름샘의원,의원,02-591-9119,02-591-9119,서울특별시,구로구,서울특별시 구로구 도림로 92 2층 (구로동),1,TRUE,FALSE,FALSE,FALSE,FALSE,08369,수도권,126.89357695928,37.4904852469087,11_530
고려가정의학과의원,의원,02-2616-7272,02-2616-7272,서울특별시,구로구,서울특별시 구로구 개봉로 23 고려크리닉센터 3층 (개봉동),4,TRUE,TRUE,TRUE,TRUE,FALSE,08352,수도권,126.85604415167,37.4877650696629,11_530
굿모닝의원,의원,02-2066-7588,02-2066-7588,서울특별시,구로구,서울특별시 구로구 개봉로3길 76 (개봉동),0,FALSE,FALSE,FALSE,FALSE,FALSE,08351,수도권,126.8520886071,37.4862633403119,11_530
건강세상의원,의원,02-3281-8285,02-3281-8285,서울특별시,구로구,"서울특별시 구로구 구로동로 77 동해빌딩 1,2,3층 (구로동)",5,TRUE,TRUE,TRUE,TRUE,TRUE,08318,수도권,126.88557910404,37.4855477290698,11_530
덕산속조은내과의원,내과의원,02-2685-9500,02-2685-9500,서울특별시,구로구,"서울특별시 구로구 경인로 176 4층 401호 (오류동, 시티월드)",5,TRUE,TRUE,TRUE,TRUE,TRUE,08271,수도권,126.841050520575,37.4943605889981,11_530
세진내과의원,내과의원,02-851-4587,02-851-4587,서울특별시,구로구,"서울특별시 구로구 구로중앙로 68 4층 (구로동, 신안타워)",4,TRUE,TRUE,TRUE,TRUE,FALSE,08301,수도권,126.888807280468,37.495860314768,11_530
윤의원,의원,02-857-9900,02-857-9900,서울특별시,구로구,서울특별시 구로구 구로동로42길 58 2층 (구로동) ,0,FALSE,FALSE,FALSE,FALSE,FALSE,08280,수도권,126.884256013612,37.49820657818,11_530
건강드림내과의원,내과의원,02-2684-7575,02-2684-7575,서울특별시,구로구,서울특별시 구로구 천왕로 106 골드프라자 (오류동),5,TRUE,TRUE,TRUE,TRUE,TRUE,08365,수도권,126.838559499205,37.4860407392631,11_530
서울내과의원,내과의원,02-830-8328,02-830-8388,서울특별시,구로구,서울특별시 구로구 가마산로 268 대림역와이즈플레이스 2층 (구로동),5,TRUE,TRUE,TRUE,TRUE,TRUE,08302,수도권,126.890318882617,37.4956164739157,11_530
지앤산부인과의원,의원,02-852-2828,02-852-2828,서울특별시,구로구,"서울특별시 구로구 시흥대로 559 부원빌딩 3,4층 (구로동)",0,FALSE,FALSE,FALSE,FALSE,FALSE,08391,수도권,126.901190374978,37.4831420688953,11_530
정재면내과의원,내과의원,02-2675-0876,02-2675-0876,서울특별시,구로구,"서울특별시 구로구 경인로 565 삼영빌딩 4,5층 (구로동)",5,TRUE,TRUE,TRUE,TRUE,TRUE,08212,수도권,126.879713872189,37.503639878923,11_530
서울가정의학과의원,의원,02-863-6100,02-863-6100,서울특별시,구로구,"서울특별시 구로구 디지털로31길 90 가동 209호 (구로동, 삼성래미안아파트)",0,FALSE,FALSE,FALSE,FALSE,FALSE,08371,수도권,126.892053534527,37.4887303243884,11_530
연세연합의원,의원,02-2685-0075,02-2685-0075,서울특별시,구로구,"서울특별시 구로구 서해안로 2338 2,3층 (오류동)",0,FALSE,FALSE,FALSE,FALSE,FALSE,08341,수도권,126.844151443881,37.4934821848779,11_530
본내과의원,내과의원,02-2682-3303,02-2682-3303,서울특별시,구로구,서울특별시 구로구 고척로 144 두발로빌딩 4층 (고척동),3,TRUE,TRUE,FALSE,TRUE,FALSE,08235,수도권,126.849970000444,37.5026751992737,11_530
365더튼튼의원,의원,02-2060-9111,02-2060-9111,서울특별시,구로구,"서울특별시 구로구 경인로 191 2,3층 (오류동) ",1,TRUE,FALSE,FALSE,FALSE,FALSE,08269,수도권,126.842328273392,37.4956274938619,11_530
연세의원,의원,02-838-6421,02-838-6421,서울특별시,구로구,"서울특별시 구로구 도림로 29 101,201호 (구로동)",0,FALSE,FALSE,FALSE,FALSE,FALSE,08320,수도권,126.887832281348,37.4870852069078,11_530
연세나우가정의원,의원,02-2625-2320,02-2625-2320,서울특별시,구로구,서울특별시 구로구 개봉로3길 61 2층 (개봉동),0,FALSE,FALSE,FALSE,FALSE,FALSE,08353,수도권,126.852829774734,37.4860319861459,11_530
이아소내과의원,내과의원,02-2066-8866,02-2066-8866,서울특별시,구로구,서울특별시 구로구 중앙로 60 강산메디칼프라자 5층 (고척동),5,TRUE,TRUE,TRUE,TRUE,TRUE,08223,수도권,126.862560988844,37.5031383188753,11_530
예산부인과의원,의원,02-2633-8782,02-2633-8782,서울특별시,구로구,"서울특별시 구로구 경인로67길 23 208호 (신도림동, 신도림2차푸르지오)",0,FALSE,FALSE,FALSE,FALSE,FALSE,08208,수도권,126.889481191271,37.5104826397728,11_530
서울삼성내과의원,내과의원,02-854-3181,02-854-3181,서울특별시,구로구,"서울특별시 구로구 구로동로 112-2 서울삼성내과의원 2,3,4층 (구로동)",5,TRUE,TRUE,TRUE,TRUE,TRUE,08315,수도권,126.884805331325,37.4886730231123,11_530
김은주산부인과의원,의원,02-2689-7500,02-2689-7500,서울특별시,구로구,서울특별시 구로구 경인로 661 신도림1차푸르지오 208호 (신도림동) ,0,FALSE,FALSE,FALSE,FALSE,FALSE,08208,수도권,126.887986372819,37.5096619486431,11_530
삼성편한내과의원,내과의원,02-853-8275,02-853-8275,서울특별시,구로구,서울특별시 구로구 디지털로32길 79 조영빌딩 4층 (구로동),4,TRUE,TRUE,TRUE,TRUE,FALSE,08391,수도권,126.899752015371,37.4835332463617,11_530
참좋은내과의원,내과의원,02-839-0075,02-839-0075,서울특별시,구로구,서울특별시 구로구 구로동로 147 MEDI FLOWER 147 3층 (구로동),4,TRUE,TRUE,TRUE,TRUE,FALSE,08309,수도권,126.883400470712,37.4916865049695,11_530
서울아가온여성의원,의원,02-864-7500,02-864-7500,서울특별시,구로구,"서울특별시 구로구 디지털로32길 79 조영빌딩 6,8층 (구로동)",0,FALSE,FALSE,FALSE,FALSE,FALSE,08391,수도권,126.899752015371,37.4835332463617,11_530
연세정인내과의원,내과의원,02-2612-8700,02-2612-8700,서울특별시,구로구,서울특별시 구로구 남부순환로97길 3 KS프리미어빌딩 501호 (개봉동),5,TRUE,TRUE,TRUE,TRUE,TRUE,08328,수도권,126.858255129585,37.49399577225,11_530
장윤주산부인과의원,의원,02-2689-1366,02-2689-1366,서울특별시,구로구,서울특별시 구로구 남부순환로97길 3 KS프리미어빌딩 701호 (개봉동),0,FALSE,FALSE,FALSE,FALSE,FALSE,08328,수도권,126.858255129585,37.49399577225,11_530
제일성모내과의원,내과의원,02-857-0005,02-857-0005,서울특별시,구로구,서울특별시 구로구 시흥대로 561 동해빌딩 3층 (구로동),1,TRUE,FALSE,FALSE,FALSE,FALSE,08391,수도권,126.901242115542,37.4832605046509,11_530
구일굿모닝내과의원,내과의원,02-866-9175,02-866-9175,서울특별시,구로구,서울특별시 구로구 구일로 110 해원리버파크 3층 (구로동),4,TRUE,TRUE,TRUE,TRUE,FALSE,08324,수도권,126.87200783297,37.4950748401596,11_530
삼성신내과의원,내과의원,02-2060-9696,02-2060-9696,서울특별시,구로구,"서울특별시 구로구 남부순환로 775 (개봉동, 개봉푸르지오)",4,TRUE,TRUE,TRUE,TRUE,FALSE,08236,수도권,126.847162335199,37.5015678689641,11_530
베스트내과의원,내과의원,02-562-8656,02-562-8656,서울특별시,구로구,"서울특별시 구로구 구로중앙로 134 4층 (구로동, 신구로자이나인스에비뉴)",5,TRUE,TRUE,TRUE,TRUE,TRUE,08293,수도권,126.884098218095,37.4999880723052,11_530
큐브산부인과의원,의원,02-3439-7862,02-3439-7862,서울특별시,구로구,"서울특별시 구로구 경인로 661 신도림1차푸르지오 238,239호 (신도림동) ",0,FALSE,FALSE,FALSE,FALSE,FALSE,08208,수도권,126.887986372819,37.5096619486431,11_530
고려튼튼외과의원,의원,02-857-8511,02-857-8511,서울특별시,구로구,서울특별시 구로구 구로동로 153 3층 (구로동) ,1,TRUE,FALSE,FALSE,FALSE,FALSE,08309,수도권,126.883433466627,37.4923558955247,11_530
서울WE좋은내과의원,내과의원,02-3281-8787,02-3281-8787,서울특별시,구로구,서울특별시 구로구 시흥대로 551 광희빌딩 3층 (구로동),5,TRUE,TRUE,TRUE,TRUE,TRUE,08392,수도권,126.900246298277,37.4825399425928,11_530
성신가정의학과의원,의원,02-2688-6411,02-2688-6411,서울특별시,구로구,서울특별시 구로구 개봉로3길 35 성은빌딩 2층 (개봉동),0,FALSE,FALSE,FALSE,FALSE,FALSE,08353,수도권,126.854321430679,37.4861774553968,11_530
민전산부인과의원,의원,02-2685-3388,02-2685-3388,서울특별시,구로구,"서울특별시 구로구 경인로 322 1,2,4,5층 (개봉동)",0,FALSE,FALSE,FALSE,FALSE,FALSE,08274,수도권,126.855923298983,37.4970557413924,11_530
이연합의원,의원,02-2689-8026,02-2689-8026,서울특별시,구로구,서울특별시 구로구 경인로40길 47 개봉역사 3층 (개봉동),0,FALSE,FALSE,FALSE,FALSE,FALSE,08276,수도권,126.859102583368,37.4945222528654,11_530
마음속내과의원,내과의원,02-859-5999,02-859-5999,서울특별시,구로구,서울특별시 구로구 구로동로 115 청보빌딩 501호 (구로동),5,TRUE,TRUE,TRUE,TRUE,TRUE,08316,수도권,126.884261981664,37.4887698909785,11_530
서울오케이내과의원,내과의원,02-6956-7588,02-6956-7588,서울특별시,구로구,서울특별시 구로구 개봉로 66 3층 (개봉동),5,TRUE,TRUE,TRUE,TRUE,TRUE,08332,수도권,126.856236802961,37.4915525068167,11_530
서울구로디지털의원,의원,070-7549-3640,02-839-5544,서울특별시,구로구,서울특별시 구로구 디지털로27가길 17 오닉스 지식산업센터 201~208호 (구로동) ,2,TRUE,FALSE,TRUE,FALSE,FALSE,08375,수도권,126.892334533434,37.4843875431716,11_530
서울푸른숲내과의원,내과의원,02-6451-7000,02-6451-7000,서울특별시,구로구,"서울특별시 구로구 항동로3길 6 가온 프라자 5,6,7층 (항동)",5,TRUE,TRUE,TRUE,TRUE,TRUE,08368,수도권,126.824294637379,37.4808405838883,11_530
더케이내과의원,내과의원,02-6734-0511,02-6734-0511,서울특별시,구로구,"서울특별시 구로구 가마산로 232 1층 (구로동, 스페스큐브)",1,TRUE,FALSE,FALSE,FALSE,FALSE,08307,수도권,126.886762356034,37.4937888506208,11_530
지타워의원,의원,02-6077-3927,02-6077-3927,서울특별시,구로구,서울특별시 구로구 디지털로26길 38 G-Tower B134호 (구로동) ,1,TRUE,FALSE,FALSE,FALSE,FALSE,08393,수도권,126.895318461208,37.4798477003537,11_530
자애내과의원,내과의원,02-2688-8112,02-2688-8112,서울특별시,구로구,서울특별시 구로구 경서로 6 (고척동),4,TRUE,TRUE,TRUE,TRUE,FALSE,08226,수도권,126.856926652502,37.4980305876387,11_530
정앤장내과의원,내과의원,02-6737-6000,02-6737-6000,서울특별시,구로구,"서울특별시 구로구 오리로 1149 랑데르 106,107호 (천왕동)",5,TRUE,TRUE,TRUE,TRUE,TRUE,08363,수도권,126.83824746314,37.4866023608152,11_530
성모나은내과의원,내과의원,02-6952-0122,02-6952-0122,서울특별시,구로구,서울특별시 구로구 경인로 204 301호 (오류동),5,TRUE,TRUE,TRUE,TRUE,TRUE,08271,수도권,126.843855441547,37.4956897995191,11_530
아산바른내과의원,내과의원,02-838-5566,02-838-5566,서울특별시,구로구,서울특별시 구로구 구로동로26길 8 기산빅프라자 4층 401호 (구로동) ,5,TRUE,TRUE,TRUE,TRUE,TRUE,08311,수도권,126.884745689064,37.4902530613756,11_530
서울로움산부인과의원,의원,02-6346-7000,02-6346-7000,서울특별시,구로구,서울특별시 구로구 경인로 204 401호 (오류동) ,0,FALSE,FALSE,FALSE,FALSE,FALSE,08271,수도권,126.843855441547,37.4956897995191,11_530
삼성바른내과의원,내과의원,02-839-8575,02-839-8575,서울특별시,구로구,서울특별시 구로구 가마산로 246 대신빌딩 3층 (구로동) ,5,TRUE,TRUE,TRUE,TRUE,TRUE,08306,수도권,126.888315077346,37.4946886322524,11_530
고척으뜸내과의원,내과의원,02-2687-7585,02-2687-7585,서울특별시,구로구,"서울특별시 구로구 경인로43길 49 B동 201호 (고척동, 고척아이파크) ",5,TRUE,TRUE,TRUE,TRUE,TRUE,08226,수도권,126.857590075507,37.4991318775075,11_530
구로항유외과의원,의원,02-2060-6001,02-2060-6001,서울특별시,구로구,서울특별시 구로구 남부순환로97길 3 KS프리미어빌딩 201호 (개봉동) ,4,TRUE,TRUE,TRUE,TRUE,FALSE,08328,수도권,126.858255129585,37.49399577225,11_530
서울늘봄메디칼내과의원,내과의원,02-2675-3247,02-2675-3247,서울특별시,구로구,서울특별시 구로구 구로중앙로 217 이안과빌딩 3층 (구로동) ,1,TRUE,FALSE,FALSE,FALSE,FALSE,08216,수도권,126.876608559959,37.504982957633,11_530
에스퀸산부인과의원,의원,02-6672-8275,02-6672-8275,서울특별시,구로구,서울특별시 구로구 디지털로 300 지밸리비즈플라자 205호 (구로동) ,0,FALSE,FALSE,FALSE,FALSE,FALSE,08379,수도권,126.896538036905,37.4849270383011,11_530
한내과의원,내과의원,02-3666-8588,02-3666-8588,서울특별시,구로구,서울특별시 구로구 경인로40길 12 2층 (개봉동) ,1,TRUE,FALSE,FALSE,FALSE,FALSE,08277,수도권,126.859131313522,37.4962642022543,11_530
서울정상내과의원,내과의원,02-6956-8757,02-6956-8757,서울특별시,구로구,서울특별시 구로구 경인로 387 7층 (고척동) ,5,TRUE,TRUE,TRUE,TRUE,TRUE,08227,수도권,126.863142594513,37.4970868505034,11_530
구로쏙내과의원,내과의원,02-851-7575,02-851-7575,서울특별시,구로구,서울특별시 구로구 구로동로 153 4층 (구로동) ,4,TRUE,TRUE,TRUE,TRUE,FALSE,08309,수도권,126.883433466627,37.4923558955247,11_530
테크노이내과의원,내과의원,02-6295-8255,010-3318-6638,서울특별시,구로구,"서울특별시 구로구 새말로 97 신도림테크노마트 1층 22-27,227-231,248-252,268-272호 (구로동) ",5,TRUE,TRUE,TRUE,TRUE,TRUE,08288,수도권,126.890227293528,37.5070438414784,11_530
희명병원,종합병원,02-804-0002,02-804-0002,서울특별시,금천구,서울특별시 금천구 시흥대로 244 (시흥동),4,FALSE,TRUE,TRUE,TRUE,TRUE,08626,수도권,126.900562517447,37.4556715356456,11_545
뉴연세의원,의원,02-802-0303,02-802-0303,서울특별시,금천구,서울특별시 금천구 시흥대로 239 (시흥동),0,FALSE,FALSE,FALSE,FALSE,FALSE,08614,수도권,126.899947154118,37.455212941484,11_545
조윤희산부인과의원,의원,02-802-2525,02-802-8892,서울특별시,금천구,서울특별시 금천구 시흥대로 212 2층 (시흥동),0,FALSE,FALSE,FALSE,FALSE,FALSE,08628,수도권,126.901649410258,37.452773076149,11_545
사단법인대한산업보건협회부설서울의원,의원,02-866-9507,02-866-9507,서울특별시,금천구,"서울특별시 금천구 디지털로9길 56 (가산동, 코오롱테크노밸리)",0,FALSE,FALSE,FALSE,FALSE,FALSE,08512,수도권,126.88687232926,37.4804025953884,11_545
김재은의원,의원,02-803-0461,02-803-0461,서울특별시,금천구,서울특별시 금천구 시흥대로 92 (시흥동),0,FALSE,FALSE,FALSE,FALSE,FALSE,08652,수도권,126.904064118769,37.4422755469622,11_545
명내과의원,내과의원,02-891-4280,02-891-4280,서울특별시,금천구,서울특별시 금천구 독산로 136 3층 (시흥동),3,TRUE,TRUE,TRUE,FALSE,FALSE,08568,수도권,126.905231291478,37.4595006193821,11_545
시흥의원,의원,02-892-0642,02-892-0642,서울특별시,금천구,서울특별시 금천구 시흥대로 240 (시흥동),5,TRUE,TRUE,TRUE,TRUE,TRUE,08626,수도권,37.455289625532394,126.90070430084871,11_545
성내과의원,내과의원,02-830-6848,02-830-6848,서울특별시,금천구,서울특별시 금천구 시흥대로 473 (독산동),3,TRUE,TRUE,TRUE,FALSE,FALSE,08531,수도권,126.898090103796,37.4759374011815,11_545
(재)이랜드재단 이랜드의원,의원,02-2635-8668,2635-8668,서울특별시,금천구,서울특별시 금천구 가산디지털1로 186 제이플라츠 401~402호 (가산동),5,TRUE,TRUE,TRUE,TRUE,TRUE,08502,수도권,126.881581110867,37.4819130872905,11_545
연세가정의원,의원,02-893-2001,02-893-2001,서울특별시,금천구,서울특별시 금천구 시흥대로 153 (시흥동),0,FALSE,FALSE,FALSE,FALSE,FALSE,08638,수도권,126.902858897664,37.4476444270001,11_545
빈센트의원,의원,02-898-9121,898-9121,서울특별시,금천구,"서울특별시 금천구 한내로 62 3층 3030호 (독산동, 한신코아상가)",3,TRUE,TRUE,TRUE,FALSE,FALSE,08599,수도권,126.888877618767,37.4553912730949,11_545
삼성정형외과의원,의원,02-858-3307,02-858-3307,서울특별시,금천구,서울특별시 금천구 독산로 290 (독산동),1,TRUE,FALSE,FALSE,FALSE,FALSE,08554,수도권,126.903395780982,37.4726211867774,11_545
엠제이산부인과의원,의원,02-2109-3000,2109-3000,서울특별시,금천구,"서울특별시 금천구 두산로 81 지하1층,2~8층 (독산동)",1,FALSE,FALSE,FALSE,FALSE,TRUE,08523,수도권,126.897032488842,37.4699225136104,11_545
한빛내과의원,내과의원,02-856-8275,02-856-8275,서울특별시,금천구,서울특별시 금천구 가산로 111 2층 (가산동),3,TRUE,TRUE,TRUE,FALSE,FALSE,08520,수도권,126.892926734418,37.4756196441839,11_545
김홍열내과의원,내과의원,02-805-6124,805-6124,서울특별시,금천구,"서울특별시 금천구 금하로 651 2,3층 (시흥동)",2,TRUE,TRUE,FALSE,FALSE,FALSE,08627,수도권,126.903370345928,37.4540878121604,11_545
연세닥터스내과의원,내과의원,02-862-2607,02-862-8300,서울특별시,금천구,"서울특별시 금천구 독산로93길 41 2,3층 (독산동)",5,TRUE,TRUE,TRUE,TRUE,TRUE,08543,수도권,126.900879351408,37.4738856522298,11_545
남문내과의원,내과의원,02-855-8688,02-855-8688,서울특별시,금천구,서울특별시 금천구 독산로85길 13 (독산동),3,TRUE,TRUE,TRUE,FALSE,FALSE,08546,수도권,37.472351607950515,126.90230397207764,11_545
이성림산부인과의원,의원,02-807-3390,02-807-3390,서울특별시,금천구,서울특별시 금천구 금하로 720 (시흥동),0,FALSE,FALSE,FALSE,FALSE,FALSE,08644,수도권,126.909481684032,37.4504425566682,11_545
서울특별시금천구보건소,보건기관,02-2627-2854,02-890-2422,서울특별시,금천구,"서울특별시 금천구 시흥대로73길 70 (시흥동, 금천구보건소)",0,FALSE,FALSE,FALSE,FALSE,FALSE,08611,수도권,126.896036850324,37.4570656519531,11_545
미래산부인과의원,의원,02-891-2500,02-891-2500,서울특별시,금천구,서울특별시 금천구 시흥대로 224 금천리메인시티 2층 206~207호 (시흥동),0,FALSE,FALSE,FALSE,FALSE,FALSE,08628,수도권,126.901396188424,37.4539384154465,11_545
연세조내과의원,내과의원,02-803-2134,02-803-2134,서울특별시,금천구,"서울특별시 금천구 시흥대로 224 4층 406,407호 (시흥동)",3,TRUE,TRUE,TRUE,FALSE,FALSE,08628,수도권,126.901396188424,37.4539384154465,11_545
제이미즈 산부인과의원,의원,02-803-2603,02-803-2603,서울특별시,금천구,서울특별시 금천구 시흥대로 399 시티렉스 408호 (독산동),0,FALSE,FALSE,FALSE,FALSE,FALSE,08584,수도권,126.897001948519,37.4693591753013,11_545
이장교내과의원,내과의원,02-802-2622,02-802-2624,서울특별시,금천구,"서울특별시 금천구 독산로 133 2,3층 (시흥동)",5,TRUE,TRUE,TRUE,TRUE,TRUE,08622,수도권,126.904873735784,37.4591802926417,11_545
독산내과의원,내과의원,02-855-3482,02-855-3482,서울특별시,금천구,서울특별시 금천구 남부순환로 1372 (독산동),3,TRUE,TRUE,TRUE,FALSE,FALSE,08537,수도권,126.903472790688,37.4794589203551,11_545
뉴연세여성의원,의원,02-891-1801,02-891-1801,서울특별시,금천구,"서울특별시 금천구 시흥대로 239 금화빌딩 1,2,5층 (시흥동)",1,FALSE,FALSE,FALSE,FALSE,TRUE,08614,수도권,126.899947154118,37.455212941484,11_545
이루탄메디케어의원,의원,02-1533-2575,1533-2575,서울특별시,금천구,"서울특별시 금천구 디지털로10길 37 아스크타워 A동 2층 201~229호, K동 2층 242호 (가산동) ",4,FALSE,TRUE,TRUE,TRUE,TRUE,08514,수도권,126.889578522942,37.4766451549316,11_545
김재연내과의원,내과의원,02-802-7503,802-7503,서울특별시,금천구,"서울특별시 금천구 금하로 763 201호 (시흥동, 벽산2차 중심상가)",4,TRUE,TRUE,TRUE,TRUE,FALSE,08656,수도권,126.914588261631,37.4503452637179,11_545
(재)한국산업의학연구소 래피젠헬스케어의원,의원,02-1544-5189,1544-5189,서울특별시,금천구,서울특별시 금천구 가산디지털2로 135 가산 어반워크I 2층 201~216호 (가산동) ,5,TRUE,TRUE,TRUE,TRUE,TRUE,08504,수도권,126.878015828177,37.4800207661549,11_545
금천하나의원,의원,02-851-0075,851-0075,서울특별시,금천구,"서울특별시 금천구 시흥대로 403 5,6층 (독산동, 셈프레팜)",5,TRUE,TRUE,TRUE,TRUE,TRUE,08523,수도권,126.897489343069,37.4698086627095,11_545
밝은내일내과의원,내과의원,02-6933-0003,02-6933-0003,서울특별시,금천구,"서울특별시 금천구 시흥대로 230 3층 303호 (시흥동, 서평빌딩)",5,TRUE,TRUE,TRUE,TRUE,TRUE,08628,수도권,685.4483973570523,4655276.676930353,11_545
우리성심의원,의원,02-852-8575,02-852-8575,서울특별시,금천구,"서울특별시 금천구 시흥대로 436 3,4층 (독산동) ",5,TRUE,TRUE,TRUE,TRUE,TRUE,08545,수도권,126.898669033211,37.4726001987827,11_545
엘림의원,의원,02-892-8275,02-892-8275,서울특별시,금천구,서울특별시 금천구 독산로50길 84 2층 (시흥동),0,FALSE,FALSE,FALSE,FALSE,FALSE,08565,수도권,126.908833956509,37.4623929082521,11_545
소중한메디케어의원,의원,02-6371-8000,02-6371-8000,서울특별시,금천구,"서울특별시 금천구 디지털로9길 68 3층, 지하1층 124호 (가산동, 대륭포스트타워 5차)",4,TRUE,TRUE,FALSE,TRUE,TRUE,08512,수도권,126.886418278694,37.4810758439164,11_545
내일내과의원,내과의원,02-802-7553,802-7555,서울특별시,금천구,"서울특별시 금천구 금하로 720 에벤에셀프라자 304,305,307,308호 (시흥동) ",5,TRUE,TRUE,TRUE,TRUE,TRUE,08644,수도권,126.909481684032,37.4504425566682,11_545
금천연세내과의원,내과의원,02-805-3330,02-805-3330,서울특별시,금천구,서울특별시 금천구 독산로 210 3층 (독산동),5,TRUE,TRUE,TRUE,TRUE,TRUE,08559,수도권,126.902326071711,37.4657060429409,11_545
웨일산부인과의원,의원,02-426-9004,02-426-9004,서울특별시,금천구,"서울특별시 금천구 가산디지털1로 186 207호 (가산동, 제이플라츠)",0,FALSE,FALSE,FALSE,FALSE,FALSE,08502,수도권,126.881581110867,37.4819130872905,11_545
강남위튼내과의원,내과의원,02-804-7575,02-804-7575,서울특별시,금천구,"서울특별시 금천구 시흥대로 291 273,274,275호 (독산동, 금천롯데캐슬골드파크3차) ",5,TRUE,TRUE,TRUE,TRUE,TRUE,08608,수도권,126.896699156299,37.4599560487863,11_545
가산디지털내과의원,내과의원,02-6269-8501,02-6269-8501,서울특별시,금천구,서울특별시 금천구 가산디지털1로 171 가산 에스케이 브이원 센터 118호 (가산동),2,TRUE,FALSE,TRUE,FALSE,FALSE,08503,수도권,126.880662051163,37.4808318534376,11_545
연세가산산부인과의원,의원,02-6267-2670,02-6267-2670,서울특별시,금천구,서울특별시 금천구 가산디지털1로 171 가산 에스케이 브이원 센터 2층 205호 (가산동),0,FALSE,FALSE,FALSE,FALSE,FALSE,08503,수도권,126.880662051163,37.4808318534376,11_545
베스트연내과의원,내과의원,02-6230-5575,0507-1376-5581,서울특별시,금천구,"서울특별시 금천구 디지털로10길 78 가산테라타워 228,229,230호 (가산동) ",5,TRUE,TRUE,TRUE,TRUE,TRUE,08517,수도권,126.889614189767,37.4745325914718,11_545
연세탑내과의원,내과의원,02-6956-2975,02-6956-2975,서울특별시,금천구,서울특별시 금천구 시흥대로 225 제이타워 4층 (시흥동) ,5,TRUE,TRUE,TRUE,TRUE,TRUE,08632,수도권,126.900461934958,37.4537894156684,11_545
독산참연세의원,의원,02-2169-2040,02-2169-2040,서울특별시,금천구,"서울특별시 금천구 두산로 70 현대지식산업센터 1층 T-109,112,115호 (독산동) ",4,TRUE,TRUE,TRUE,TRUE,FALSE,08584,수도권,126.895620657193,37.4689627800606,11_545
참편한내과의원,내과의원,02-805-8575,02-805-8575,서울특별시,금천구,서울특별시 금천구 시흥대로 193 아람아이씨티타워 301-305호 (시흥동) ,4,TRUE,TRUE,TRUE,TRUE,FALSE,08635,수도권,126.901277884409,37.4509932654577,11_545
서울메디피아의원,의원,02-856-2119,02-856-2119,서울특별시,금천구,"서울특별시 금천구 가산디지털1로 149 201,202호 (가산동, 이노플렉스2차) ",5,TRUE,TRUE,TRUE,TRUE,TRUE,08506,수도권,126.881862654269,37.4787416385486,11_545
이든여성의원,의원,02-6325-7000,02-6325-7000,서울특별시,금천구,서울특별시 금천구 디지털로10길 37 아스크타워 K동 2층 238~241호 (가산동) ,0,FALSE,FALSE,FALSE,FALSE,FALSE,08514,수도권,126.889578522942,37.4766451549316,11_545
더편한내과의원,내과의원,02-808-7050,02-808-7050,서울특별시,금천구,서울특별시 금천구 금하로 705 (주)남성프라자 3층 3호 (시흥동) ,5,TRUE,TRUE,TRUE,TRUE,TRUE,08573,수도권,126.908361346757,37.4515708431855,11_545
가톨릭대학교 여의도성모병원,종합병원,02-3779-1422,1661-7575,서울특별시,영등포구,서울특별시 영등포구 63로 10 여의도성모병원 (여의도동),5,TRUE,TRUE,TRUE,TRUE,TRUE,07345,수도권,126.936729826762,37.5182708055078,11_560
한림대학교 한강성심병원,종합병원,02-2639-5520,02-2639-5114,서울특별시,영등포구,"서울특별시 영등포구 버드나루로7길 12 (영등포동7가, 한강성심병원)",1,TRUE,FALSE,FALSE,FALSE,FALSE,07247,수도권,126.909691853641,37.5231765760718,11_560
한림대학교 강남성심병원,종합병원,02-6960-1100,02-829-5114,서울특별시,영등포구,"서울특별시 영등포구 신길로 1 (대림동, 강남성심병원) ",5,TRUE,TRUE,TRUE,TRUE,TRUE,07441,수도권,126.90877588456,37.4932489151953,11_560
성애의료재단 성애병원,종합병원,02-840-7323,02-840-7114,서울특별시,영등포구,"서울특별시 영등포구 여의대방로53길 22 (신길동, 성애병원)",5,TRUE,TRUE,TRUE,TRUE,TRUE,07354,수도권,126.922369145801,37.5120505408562,11_560
대림성모병원,종합병원,02-829-9348,02-829-9000,서울특별시,영등포구,"서울특별시 영등포구 시흥대로 657 (대림동, 대림성모병원)",5,TRUE,TRUE,TRUE,TRUE,TRUE,07442,수도권,126.90716733115,37.4906897932713,11_560
명지성모병원,종합병원,02-829-7685,02-1899-1475,서울특별시,영등포구,서울특별시 영등포구 도림로 156 명지성모병원 (대림동),5,TRUE,TRUE,TRUE,TRUE,TRUE,07417,수도권,126.899253678513,37.4938500790525,11_560
씨엠병원,종합병원,-1600-8082,02-2678-0001,서울특별시,영등포구,"서울특별시 영등포구 영등포로36길 13 (영등포동4가, 충무병원)",5,TRUE,TRUE,TRUE,TRUE,TRUE,07301,수도권,126.903875945195,37.5188159086795,11_560
의료법인 인봉의료재단 영등포병원,병원,02-2636-3182,02-2635-2809,서울특별시,영등포구,서울특별시 영등포구 당산로31길 10 (당산동3가),1,FALSE,FALSE,TRUE,FALSE,FALSE,07256,수도권,126.89561402986,37.526858089517,11_560
건양의료재단 김안과병원,병원,-1577-2639,1577-2639,서울특별시,영등포구,서울특별시 영등포구 영신로 136 (영등포동4가),1,TRUE,FALSE,FALSE,FALSE,FALSE,07301,수도권,37.51973484364432,126.90147301621306,11_560
의료법인 춘혜의료재단 명지춘혜재활병원,병원,02-3284-7741,02-3284-7777,서울특별시,영등포구,"서울특별시 영등포구 대림로 223 (대림동, 명지춘혜병원)",2,TRUE,FALSE,TRUE,FALSE,FALSE,07378,수도권,126.897027181092,37.5006467013969,11_560
새길병원,병원,-1522-0075,02-1522-0075,서울특별시,영등포구,서울특별시 영등포구 영중로 59 (영등포동6가),5,TRUE,TRUE,TRUE,TRUE,TRUE,07251,수도권,126.904688334686,37.5216804041338,11_560
한강수병원,병원,02-2063-8385,02-1800-7119,서울특별시,영등포구,서울특별시 영등포구 영등포로 83 한강수병원 (양평동1가),2,FALSE,TRUE,TRUE,FALSE,FALSE,07262,수도권,126.890913736375,37.5224047841717,11_560
신세계서울병원,병원,-1544-1180,1544-1180,서울특별시,영등포구,"서울특별시 영등포구 경인로 841 서울영등포동4가우체국 2,6,7,9~11층 (영등포동4가) ",5,TRUE,TRUE,TRUE,TRUE,TRUE,07305,수도권,126.90604309721,37.5165301858178,11_560
재단법인한국산업보건환경연구소부설 해상병원,병원,02-844-6119,02-844-6119,서울특별시,영등포구,서울특별시 영등포구 신길로 173 (신길동),1,TRUE,FALSE,FALSE,FALSE,FALSE,07386,수도권,126.910726825676,37.5076073919529,11_560
김정묵내과의원,내과의원,02-2678-0866,02-2678-0866,서울특별시,영등포구,서울특별시 영등포구 영등포로36길 6 (영등포동4가) ,4,TRUE,TRUE,TRUE,TRUE,FALSE,07301,수도권,126.903455993761,37.5195629480315,11_560
백내과의원,내과의원,02-2677-5677,02-2677-5677,서울특별시,영등포구,서울특별시 영등포구 영중로 60 유니온빌딩 (영등포동5가),4,TRUE,TRUE,TRUE,TRUE,FALSE,07250,수도권,126.905329238282,37.5214492718467,11_560
원일한상룡내과의원,내과의원,02-2678-0105,02-2678-0105,서울특별시,영등포구,서울특별시 영등포구 영중로8길 6 (영등포동3가),3,TRUE,TRUE,TRUE,FALSE,FALSE,07302,수도권,126.906179481554,37.5183625742201,11_560
이상태산부인과의원,의원,02-842-0199,02-842-0199,서울특별시,영등포구,서울특별시 영등포구 여의대방로 169 3층 (신길동),0,FALSE,FALSE,FALSE,FALSE,FALSE,07391,수도권,126.920860758444,37.5021769598348,11_560
김열회산부인과의원,의원,02-780-3881,02-780-3881,서울특별시,영등포구,서울특별시 영등포구 여의대방로 386 (여의도동),0,FALSE,FALSE,FALSE,FALSE,FALSE,07343,수도권,126.931943269754,37.5188979456571,11_560
연세이충호산부인과의원,의원,02-844-6106,02-844-6106,서울특별시,영등포구,"서울특별시 영등포구 대림로 153 1층 (대림동, 이충호산부인과)",0,FALSE,FALSE,FALSE,FALSE,FALSE,07417,수도권,126.899818873472,37.494428014854,11_560
세인산부인과의원,의원,02-846-7878,02-846-7878,서울특별시,영등포구,서울특별시 영등포구 영중로 51-1 9층 (영등포동6가),0,FALSE,FALSE,FALSE,FALSE,FALSE,07251,수도권,126.904622073126,37.5209473850764,11_560
한국의학연구소 케이엠아이여의도의원,의원,02-368-8114,02-368-8114,서울특별시,영등포구,"서울특별시 영등포구 국제금융로2길 24 BNK금융타워 13~15,1718층 (여의도동) ",5,TRUE,TRUE,TRUE,TRUE,TRUE,07325,수도권,126.924840024112,37.5243047905812,11_560
이중연내과의원,내과의원,02-831-8877,02-831-8877,서울특별시,영등포구,서울특별시 영등포구 신길로 36 4층 (신길동),2,TRUE,TRUE,FALSE,FALSE,FALSE,07436,수도권,126.908729270224,37.4957789059089,11_560
의료법인 창덕의료재단 필립의원,의원,02-2628-7000,02-2632-0341,서울특별시,영등포구,서울특별시 영등포구 영등포로 124 (당산동2가),5,TRUE,TRUE,TRUE,TRUE,TRUE,07291,수도권,126.895181460459,37.5211693199882,11_560
신풍내과의원,내과의원,02-831-1585,02-831-1585,서울특별시,영등포구,"서울특별시 영등포구 신풍로 28 지하1층 B110~112호 (신길동, 비스타동원) ",4,TRUE,TRUE,TRUE,TRUE,FALSE,07430,수도권,126.90960294998,37.4998139228913,11_560
서울우리내과의원,내과의원,02-843-1675,02-843-1675,서울특별시,영등포구,"서울특별시 영등포구 신풍로 113 5,6,7층 (신길동, 시월빌딩)",5,TRUE,TRUE,TRUE,TRUE,TRUE,07392,수도권,126.918867891098,37.5001399657337,11_560
백근욱내과의원,내과의원,02-843-7582,02-843-7582,서울특별시,영등포구,서울특별시 영등포구 도림로 157 대림빌딩 6층 (대림동),5,TRUE,TRUE,TRUE,TRUE,TRUE,07413,수도권,126.899021008362,37.4945695144155,11_560
라메르산부인과의원,의원,02-847-1001,02-847-1001,서울특별시,영등포구,서울특별시 영등포구 도신로 215-1 3-4층 (신길동) ,2,TRUE,FALSE,FALSE,FALSE,TRUE,07316,수도권,126.915193832376,37.5119352341478,11_560
한빛내과의원,내과의원,02-845-0075,02-845-0075,서울특별시,영등포구,"서울특별시 영등포구 여의대방로 89 2층 (신길동, 익녕빌딩) ",3,TRUE,TRUE,TRUE,FALSE,FALSE,07433,수도권,126.916569895364,37.4973037099433,11_560
연세행복한가정의학과의원,의원,02-835-5411,02-835-5411,서울특별시,영등포구,서울특별시 영등포구 대림로 245 대림동근생빌딩 1층 (대림동),1,TRUE,FALSE,FALSE,FALSE,FALSE,07377,수도권,126.896379809669,37.5023131757276,11_560
마리아내과의원,내과의원,02-2636-5775,02-2636-5775,서울특별시,영등포구,"서울특별시 영등포구 영중로 51-1 2층 (영등포동6가, 베스트크리닉빌딩)",4,TRUE,TRUE,TRUE,TRUE,FALSE,07251,수도권,126.904611218436,37.520943501999,11_560
열린마음의원,의원,02-836-7582,02-836-7582,서울특별시,영등포구,"서울특별시 영등포구 영신로19길 23 2층 202호 (영등포동, 반석빌딩)",0,FALSE,FALSE,FALSE,FALSE,FALSE,07366,수도권,126.905423478547,37.5135543074277,11_560
로뎀나무내과의원,내과의원,02-2678-7482,02-2678-7482,서울특별시,영등포구,서울특별시 영등포구 영신로 259 1층 (당산동5가),5,TRUE,TRUE,TRUE,TRUE,TRUE,07214,수도권,126.904360817521,37.5305639270671,11_560
조은내과의원,내과의원,02-836-0606,02-836-0606,서울특별시,영등포구,"서울특별시 영등포구 도신로60길 2 3층 (신길동, 미주 메디컬 빌딩)",4,TRUE,TRUE,TRUE,TRUE,FALSE,07349,수도권,126.916830327223,37.511784488477,11_560
신풍산부인과의원,의원,02-833-7378,02-833-7378,서울특별시,영등포구,서울특별시 영등포구 신풍로 33 2층 (신길동),0,FALSE,FALSE,FALSE,FALSE,FALSE,07393,수도권,126.910078473325,37.500394083057,11_560
꽃세산부인과의원,의원,02-836-5275,02-836-5275,서울특별시,영등포구,서울특별시 영등포구 도림로 178 2층 (대림동),0,FALSE,FALSE,FALSE,FALSE,FALSE,07422,수도권,126.901126710351,37.4953312945207,11_560
연세바른내과의원,내과의원,02-2637-7571,02-2637-7571,서울특별시,영등포구,서울특별시 영등포구 경인로 775 에이스하이테크시티 2동 103호 (문래동3가),4,TRUE,TRUE,TRUE,TRUE,FALSE,07299,수도권,126.897536835727,37.5147464245043,11_560
연세내과의원,내과의원,02-2068-6994,02-2068-6994,서울특별시,영등포구,"서울특별시 영등포구 양평로 24 2층 (당산동6가, 수정빌딩)",5,TRUE,TRUE,TRUE,TRUE,TRUE,07223,수도권,126.903741102981,37.5332595787209,11_560
신남영상의학과의원,의원,02-833-2036,02-833-2036,서울특별시,영등포구,"서울특별시 영등포구 도신로 109 2층 (도림동, 명진빌딩)",5,TRUE,TRUE,TRUE,TRUE,TRUE,07369,수도권,126.9041881508,37.5081097151299,11_560
로앤산부인과의원,의원,02-782-3000,02-782-3000,서울특별시,영등포구,"서울특별시 영등포구 의사당대로 108 3층 (여의도동, 아일렉스)",0,FALSE,FALSE,FALSE,FALSE,FALSE,07322,수도권,126.923991634451,37.5210144173791,11_560
이화퀸산부인과의원,의원,02-2675-7775,02-2675-7775,서울특별시,영등포구,"서울특별시 영등포구 당산로 222 205-3호 (당산동5가, 당산디오빌)",0,FALSE,FALSE,FALSE,FALSE,FALSE,07214,수도권,126.902291122854,37.5332447828491,11_560
도림편한내과의원,내과의원,02-846-0075,846-0075,서울특별시,영등포구,서울특별시 영등포구 도신로15길 40 3층 (도림동) ,4,TRUE,TRUE,TRUE,TRUE,FALSE,07374,수도권,126.896572544617,37.5086080352152,11_560
속편한내과의원,내과의원,02-841-1088,02-841-1088,서울특별시,영등포구,"서울특별시 영등포구 가마산로48길 16 302-307호 (대림동, 신풍프라자)",5,TRUE,TRUE,TRUE,TRUE,TRUE,07403,수도권,126.901219019552,37.5014868646611,11_560
지앤유산부인과의원,의원,02-2068-5288,02-2068-5288,서울특별시,영등포구,"서울특별시 영등포구 영중로2길 1 5층 (영등포동3가, 대선빌딩)",0,FALSE,FALSE,FALSE,FALSE,FALSE,07304,수도권,126.906811269539,37.5168847084598,11_560
유앤유외과의원,의원,02-2068-6075,02-2068-6075,서울특별시,영등포구,"서울특별시 영등포구 경인로 841 5층 (영등포동4가, 영등포우체국)",1,FALSE,FALSE,FALSE,FALSE,TRUE,07305,수도권,126.90604309721,37.5165301858178,11_560
아란태산부인과의원,의원,02-2630-6600,02-2630-6600,서울특별시,영등포구,"서울특별시 영등포구 선유로 64 2-5,7층 (문래동3가)",1,FALSE,FALSE,FALSE,FALSE,TRUE,07295,수도권,126.889679122256,37.5196290903877,11_560
대명앰알씨티의원,의원,02-6909-9828,02-2633-0007,서울특별시,영등포구,"서울특별시 영등포구 양평로 99 지하1,2-5층 (양평동4가) ",5,TRUE,TRUE,TRUE,TRUE,TRUE,07208,수도권,126.89607164408,37.5364773083686,11_560
신길연세365의원,의원,02-834-8275,02-834-8275,서울특별시,영등포구,서울특별시 영등포구 도신로 120 신영빌딩 2~3층 (신길동),5,TRUE,TRUE,TRUE,TRUE,TRUE,07383,수도권,126.905419023732,37.5082105383995,11_560
다미산부인과의원,의원,02-761-3072,761-3072,서울특별시,영등포구,서울특별시 영등포구 여의대방로 375 5층 (여의도동) ,0,FALSE,FALSE,FALSE,FALSE,FALSE,07333,수도권,126.930776116511,37.5188985287759,11_560
류운석내과의원,내과의원,02-2635-8500,02-2635-8500,서울특별시,영등포구,"서울특별시 영등포구 선유로 63 301-2호 (문래동6가, 동신타워)",4,TRUE,TRUE,TRUE,TRUE,FALSE,07281,수도권,126.889049579249,37.5196525574619,11_560
림스내과의원,내과의원,02-836-8882,02-836-8882,서울특별시,영등포구,서울특별시 영등포구 여의대방로 83 2~3층 (신길동),4,TRUE,TRUE,TRUE,TRUE,FALSE,07434,수도권,126.915853024241,37.4971217388291,11_560
한국의료재단 아이에프씨의원,의원,1544-2992,1544-2992,서울특별시,영등포구,"서울특별시 영등포구 국제금융로 10 4.5층 (여의도동, 투아이에프씨빌딩)",5,TRUE,TRUE,TRUE,TRUE,TRUE,07326,수도권,126.924876706923,37.5251775245928,11_560
우리편한내과의원,내과의원,02-2038-8991,02-2038-8991,서울특별시,영등포구,서울특별시 영등포구 국제금융로2길 7 한주빌딩 5층 (여의도동) ,5,TRUE,TRUE,TRUE,TRUE,TRUE,07327,수도권,126.926838629184,37.5246490570692,11_560
서울내과의원,내과의원,02-780-0151,02-780-0151,서울특별시,영등포구,"서울특별시 영등포구 의사당대로 26 208, 209호 (여의도동)",4,TRUE,TRUE,TRUE,TRUE,FALSE,07236,수도권,126.918106683928,37.526537141271,11_560
박석준성모내과의원,내과의원,02-832-7582,02-832-7582,서울특별시,영등포구,"서울특별시 영등포구 시흥대로 675 2층 (대림동, 삼성YJ그랜드빌딩)",5,TRUE,TRUE,TRUE,TRUE,TRUE,07442,수도권,126.908451130592,37.4920362690323,11_560
정의원,의원,02-2637-8270,02-2637-8275,서울특별시,영등포구,"서울특별시 영등포구 양평로 64 6층 (당산동6가, 경진빌딩)",1,TRUE,FALSE,FALSE,FALSE,FALSE,07222,수도권,126.899965832636,37.5351397125293,11_560
국민건강내과의원,내과의원,-1522-8609,02-1522-8609,서울특별시,영등포구,"서울특별시 영등포구 양평로 16 3,5층 (당산동6가, 당산동 대정프라자)",4,FALSE,TRUE,TRUE,TRUE,TRUE,07223,수도권,126.90450018213,37.5328855588883,11_560
김환열내과의원,내과의원,02-831-5505,02-831-5505,서울특별시,영등포구,서울특별시 영등포구 도신로 87 5층 (도림동),4,TRUE,TRUE,TRUE,TRUE,FALSE,07370,수도권,126.90187391355,37.5072059097364,11_560
자연산부인과의원,의원,02-2671-9900,02-2671-9900,서울특별시,영등포구,"서울특별시 영등포구 영중로 6 9층 (영등포동3가, 키스톤타워)",0,FALSE,FALSE,FALSE,FALSE,FALSE,07304,수도권,2619.7807085401086,4655336.493106503,11_560
어니스트여성의원,의원,02-782-7005,02-782-7005,서울특별시,영등포구,"서울특별시 영등포구 국제금융로 70 미원빌딩 4층 401,402호 (여의도동)",0,FALSE,FALSE,FALSE,FALSE,FALSE,07333,수도권,126.930677790628,37.5214946207638,11_560
이덕기내과의원,내과의원,02-834-8875,02-834-8875,서울특별시,영등포구,"서울특별시 영등포구 디지털로 343 3,4층 (대림동)",5,TRUE,TRUE,TRUE,TRUE,TRUE,07420,수도권,126.898911464968,37.4887560332513,11_560
연세부영가정의학과의원,의원,02-846-0308,02-846-0308,서울특별시,영등포구,서울특별시 영등포구 가마산로 439-1 2층 (신길동),0,FALSE,FALSE,FALSE,FALSE,FALSE,07382,수도권,126.90537931665,37.5053496362599,11_560
베스트산부인과의원,의원,02-836-2233,02-836-2233,서울특별시,영등포구,"서울특별시 영등포구 시흥대로 675 3층 303호 (대림동, 삼성YJ그랜드빌딩)",0,FALSE,FALSE,FALSE,FALSE,FALSE,07442,수도권,126.908451130592,37.4920362690323,11_560
연세준내과의원,내과의원,02-843-0011,02-843-0011,서울특별시,영등포구,"서울특별시 영등포구 도림로48길 4 4층 401호 (대림동, 대림스타빌딩)",4,TRUE,TRUE,TRUE,TRUE,FALSE,07422,수도권,126.900631509092,37.4949995789391,11_560
여의도서울의원,의원,02-782-0051,02-782-0051,서울특별시,영등포구,"서울특별시 영등포구 여의대로 24 지하115호 (여의도동, 전경련회관타워동)",1,TRUE,FALSE,FALSE,FALSE,FALSE,07320,수도권,126.919916550827,37.5221803249647,11_560
삼육오속편한내과의원,내과의원,02-6953-4365,02-6953-4365,서울특별시,영등포구,서울특별시 영등포구 도신로 235 4층 401호 (신길동),5,TRUE,TRUE,TRUE,TRUE,TRUE,07316,수도권,126.916945928789,37.512493750083,11_560
여의도바른내과의원,내과의원,02-761-8275,02-761-8275,서울특별시,영등포구,서울특별시 영등포구 여의나루로 50 한국교직원공제회관 지하1층 (여의도동),2,TRUE,FALSE,TRUE,FALSE,FALSE,07328,수도권,126.925651244211,37.5218052926703,11_560
행복드림내과의원,내과의원,02-832-3300,02-832-3300,서울특별시,영등포구,서울특별시 영등포구 신풍로 93 메트하임 3층 (신길동),5,TRUE,TRUE,TRUE,TRUE,TRUE,07392,수도권,126.916644177905,37.5002672614192,11_560
연세아폴로여성의원,의원,02-6227-7780,010-3667-1179,서울특별시,영등포구,서울특별시 영등포구 국회대로70길 12 대산빌딩 4층 401~404호 (여의도동) ,0,FALSE,FALSE,FALSE,FALSE,FALSE,07237,수도권,126.9198725529,37.5293662362147,11_560
세인트여성의원,의원,02-2633-8881,02-2633-8881,서울특별시,영등포구,"서울특별시 영등포구 당산로 223 5층 (당산동5가, 태영스타밸류빌딩)",0,FALSE,FALSE,FALSE,FALSE,FALSE,07213,수도권,126.901161001392,37.5337352481764,11_560
박준형내과의원,내과의원,02-2633-1747,02-2633-1747,서울특별시,영등포구,"서울특별시 영등포구 영등포로 33 목동비즈타워 301, 302호 (양평동2가)",5,TRUE,TRUE,TRUE,TRUE,TRUE,07275,수도권,126.885222271529,37.5232920131718,11_560
행복준내과의원,내과의원,02-2068-7575,02-2068-7575,서울특별시,영등포구,서울특별시 영등포구 영중로 6 영등포키스톤타워 4층 (영등포동3가),4,TRUE,TRUE,TRUE,TRUE,FALSE,07304,수도권,126.906654619916,37.5169636928472,11_560
삼성바른내과의원,내과의원,02-848-2479,02-848-2479,서울특별시,영등포구,"서울특별시 영등포구 여의대방로 65 한국천주교살레시오회,돈보스코청소년센터 2층 6호 (신길동)",4,TRUE,TRUE,TRUE,TRUE,FALSE,07434,수도권,126.913152385065,37.4973605331995,11_560
여의도내과의원,내과의원,02-780-9346,02-780-9346,서울특별시,영등포구,서울특별시 영등포구 여의대방로65길 20 301호 (여의도동) ,5,TRUE,TRUE,TRUE,TRUE,TRUE,07333,수도권,126.929509648217,37.5202190104628,11_560
연세더블유산부인과의원,의원,02-6084-3575,02-6084-3575,서울특별시,영등포구,서울특별시 영등포구 여의나루로 42 여의도종합상가 5층 505호 (여의도동),0,FALSE,FALSE,FALSE,FALSE,FALSE,07328,수도권,126.924971147893,37.521470230225,11_560
좋은숨김동규내과재활의학과의원,내과의원,02-833-0011,02-833-0011,서울특별시,영등포구,서울특별시 영등포구 시흥대로 635 대림메디컬빌딩 2층 (대림동),4,TRUE,TRUE,TRUE,TRUE,FALSE,07444,수도권,126.905925607681,37.4889191424723,11_560
서울삼성내과의원,내과의원,02-841-7100,02-841-7100,서울특별시,영등포구,서울특별시 영등포구 도림로 135 7층 701호 (대림동),5,TRUE,TRUE,TRUE,TRUE,TRUE,07415,수도권,126.896859600774,37.4932319948827,11_560
연세영등포내과의원,내과의원,02-6956-3700,02-6956-3700,서울특별시,영등포구,서울특별시 영등포구 영신로19길 18 금영빌딩 4층 (영등포동),4,TRUE,TRUE,TRUE,TRUE,FALSE,07366,수도권,126.905776763166,37.5139707633835,11_560
여의도아라외과의원,의원,02-332-0750,02-332-0750,서울특별시,영등포구,서울특별시 영등포구 국제금융로 70 미원빌딩 4층 406호 (여의도동),1,FALSE,FALSE,FALSE,FALSE,TRUE,07333,수도권,126.930677790628,37.5214946207638,11_560
에스케이내과의원,내과의원,02-833-3008,02-833-3008,서울특별시,영등포구,"서울특별시 영등포구 신길로 150-1 1층,2층 (신길동)",5,TRUE,TRUE,TRUE,TRUE,TRUE,07388,수도권,126.911097565566,37.5055137363132,11_560
에이스여성의원,의원,02-3775-0001,02-3775-0001,서울특별시,영등포구,"서울특별시 영등포구 국제금융로2길 32 여의도파이낸스타워 4층 403, 404호 (여의도동)",0,FALSE,FALSE,FALSE,FALSE,FALSE,07325,수도권,126.924142368161,37.5238640247561,11_560
성모속튼튼내과의원,내과의원,02-2671-5656,02-2671-5656,서울특별시,영등포구,"서울특별시 영등포구 선유로 59 문래 아카데미 4층 403, 405호 (문래동6가)",5,TRUE,TRUE,TRUE,TRUE,TRUE,07281,수도권,126.88902705298,37.5192811429829,11_560
문래한마음내과의원,내과의원,02-2677-7171,02-2677-7171,서울특별시,영등포구,"서울특별시 영등포구 선유로 49 201~202호 (문래동6가, 미주프라자아파트)",5,TRUE,TRUE,TRUE,TRUE,TRUE,07281,수도권,126.888746175591,37.5182931994677,11_560
성모가정의원,의원,02-832-3833,02-832-3833,서울특별시,영등포구,서울특별시 영등포구 도림로 190 2층 (대림동),1,TRUE,FALSE,FALSE,FALSE,FALSE,07423,수도권,126.902246446936,37.4960305063509,11_560
서울사랑내과의원,내과의원,02-845-5665,02-845-5665,서울특별시,영등포구,"서울특별시 영등포구 영등포로 367 3층 (신길동, 더로드캐슬) ",5,TRUE,TRUE,TRUE,TRUE,TRUE,07318,수도권,126.91924615589,37.5144383598297,11_560
조은탑내과의원,내과의원,02-6953-2800,02-6953-2800,서울특별시,영등포구,서울특별시 영등포구 당산로 118 5층 502호 (당산동3가) ,5,TRUE,TRUE,TRUE,TRUE,TRUE,07259,수도권,126.897018326502,37.5251206592394,11_560
오케이내과심장혈관흉부외과의원,내과의원,02-2634-9980,02-2634-9980,서울특별시,영등포구,"서울특별시 영등포구 당산로 83 201,202호 (당산동2가, 한화포레나당산) ",5,TRUE,TRUE,TRUE,TRUE,TRUE,07264,수도권,126.89528677963,37.522057531502,11_560
서울드림의원,의원,02-834-5578,02-834-5578,서울특별시,영등포구,서울특별시 영등포구 신길로 42 2층 (신길동) ,5,TRUE,TRUE,TRUE,TRUE,TRUE,07436,수도권,126.908618171148,37.4964707028524,11_560
삼성햇살내과의원,내과의원,02-2038-7888,02-2038-7888,서울특별시,영등포구,서울특별시 영등포구 신풍로 23 2층 (신길동) ,5,TRUE,TRUE,TRUE,TRUE,TRUE,07398,수도권,126.908363715093,37.5003710511097,11_560
이화앤유영상의학과의원,의원,02-2633-2632,02-2633-2632,서울특별시,영등포구,서울특별시 영등포구 양평로 68 7층 (당산동6가) ,1,FALSE,FALSE,FALSE,FALSE,TRUE,07222,수도권,126.899505032826,37.5353702476966,11_560
삼성다온내과의원,내과의원,02-6268-5000,02-6268-5000,서울특별시,영등포구,"서울특별시 영등포구 당산로44길 3 삼성타운 6층 601, 602-A호 (당산동5가) ",5,TRUE,TRUE,TRUE,TRUE,TRUE,07214,수도권,126.901077532801,37.5319143458605,11_560
애플산부인과의원,의원,02-6331-1800,02-6331-1800,서울특별시,영등포구,서울특별시 영등포구 영중로 12 에쉐르아이 시네마 쇼핑몰 11001~11004호 (영등포동3가) ,0,FALSE,FALSE,FALSE,FALSE,FALSE,07304,수도권,126.906506980596,37.5176176142762,11_560
당산헤스티아여성의원,의원,02-6013-0123,02-6013-0123,서울특별시,영등포구,서울특별시 영등포구 양평로 68 디엔빌딩 8층 (당산동6가) ,0,FALSE,FALSE,FALSE,FALSE,FALSE,07222,수도권,126.899505032826,37.5353702476966,11_560
새로운내과의원,내과의원,02-2634-0772,02-2634-0771,서울특별시,영등포구,서울특별시 영등포구 영중로 61 극동방송 3층 (영등포동6가) ,1,TRUE,FALSE,FALSE,FALSE,FALSE,07251,수도권,126.904619054197,37.5218971293994,11_560
여의도라이프케어내과의원,내과의원,02-785-1000,02-785-1000,서울특별시,영등포구,서울특별시 영등포구 의사당대로 97 교보증권빌딩 10층 (여의도동) ,5,TRUE,TRUE,TRUE,TRUE,TRUE,07327,수도권,126.924586046016,37.522516139033,11_560
르샘여성의원,의원,02-780-8875,02-780-8875,서울특별시,영등포구,서울특별시 영등포구 국제금융로2길 37 S-TRENUE 206-1호 (여의도동) ,0,FALSE,FALSE,FALSE,FALSE,FALSE,07327,수도권,126.924285608734,37.5229451843816,11_560
당산센트럴내과의원,내과의원,02-2633-1004,02-2633-1004,서울특별시,영등포구,서울특별시 영등포구 선유동2로 74 디모어타워 3층 (당산동5가) ,5,TRUE,TRUE,TRUE,TRUE,TRUE,07213,수도권,126.898837229642,37.5348924176204,11_560
신길내과의원,내과의원,010-7207-8728,02-833-8728,서울특별시,영등포구,"서울특별시 영등포구 가마산로 483, 에이동 3층 306,307,308호 (신길동, 신길 483 에이동 3층 306,307,308호 (신길동, 신길 AK 푸르지오) ",5,TRUE,TRUE,TRUE,TRUE,TRUE,07387,수도권,126.909807751431,37.5064917904964,11_560
중앙대학교병원,종합병원,-1800-1114,1800-1114,서울특별시,동작구,서울특별시 동작구 흑석로 102 (흑석동) ,5,TRUE,TRUE,TRUE,TRUE,TRUE,06973,수도권,126.960421779226,37.506038005044,11_590
서울특별시보라매병원,종합병원,-1577-0075,02-870-2114,서울특별시,동작구,서울특별시 동작구 보라매로5길 20 (신대방동),5,TRUE,TRUE,TRUE,TRUE,TRUE,07061,수도권,126.924332456243,37.493013748157,11_590
청화병원,병원,02-815-3788,02-815-3788,서울특별시,동작구,서울특별시 동작구 장승배기로 108 (노량진동),2,TRUE,FALSE,FALSE,FALSE,TRUE,06925,수도권,126.940241260736,37.5071417203086,11_590
정동병원,병원,02-810-7991,02-810-7900,서울특별시,동작구,서울특별시 동작구 양녕로 283 (상도1동),5,TRUE,TRUE,TRUE,TRUE,TRUE,06919,수도권,126.949438704753,37.5049498152225,11_590
경성의원,의원,02-815-4709,02-815-4709,서울특별시,동작구,서울특별시 동작구 노량진로8길 3 (노량진동),5,TRUE,TRUE,TRUE,TRUE,TRUE,06928,수도권,126.93649160368,37.5129296184414,11_590
이용국내과의원,내과의원,02-813-6611,02-813-6611,서울특별시,동작구,서울특별시 동작구 장승배기로20길 4 (노량진동),5,TRUE,TRUE,TRUE,TRUE,TRUE,06925,수도권,126.940484101536,37.5084058625589,11_590
강미자산부인과의원,의원,02-817-7002,02-817-7002,서울특별시,동작구,서울특별시 동작구 상도로 81 대방동크리닉센타 6층 (대방동),0,FALSE,FALSE,FALSE,FALSE,FALSE,06953,수도권,126.929559239366,37.4999513063416,11_590
이경림산부인과의원,의원,02-581-2336,02-581-2336,서울특별시,동작구,서울특별시 동작구 남부순환로 2053 (사당동),0,FALSE,FALSE,FALSE,FALSE,FALSE,07024,수도권,126.976787360852,37.4769032344145,11_590
세명내과의원,내과의원,02-825-1065,02-825-1065,서울특별시,동작구,"서울특별시 동작구 서달로 163 3층 (흑석동, 세명빌딩)",3,TRUE,TRUE,TRUE,FALSE,FALSE,06972,수도권,126.962381983646,37.5078862464216,11_590
조내과의원,내과의원,02-817-6131,02-817-6131,서울특별시,동작구,"서울특별시 동작구 장승배기로10길 49 1,2층 (상도동)",3,TRUE,TRUE,TRUE,FALSE,FALSE,06964,수도권,126.941619320261,37.5043250564914,11_590
예성의원,의원,02-816-6561,02-816-6561,서울특별시,동작구,서울특별시 동작구 성대로2길 12 2층 (상도동),5,TRUE,TRUE,TRUE,TRUE,TRUE,07041,수도권,126.931230488992,37.499444303876,11_590
티엘여성의원,의원,02-824-7572,02-1800-9631,서울특별시,동작구,서울특별시 동작구 상도로 174 8층 (상도동),0,FALSE,FALSE,FALSE,FALSE,FALSE,06956,수도권,126.938418532982,37.5042527924312,11_590
신수재산부인과의원,의원,02-585-5222,02-585-5222,서울특별시,동작구,서울특별시 동작구 동작대로 89 골든시네마타워 3층 301-2호 (사당동) ,0,FALSE,FALSE,FALSE,FALSE,FALSE,07013,수도권,126.981665713772,37.4846140265703,11_590
강호경내과의원,내과의원,02-825-6657,02-825-6657,서울특별시,동작구,서울특별시 동작구 상도로 348 2층 (상도동),3,TRUE,TRUE,TRUE,FALSE,FALSE,07040,수도권,126.952404486642,37.497229967647,11_590
배선우내과의원,내과의원,02-848-1188,02-848-1188,서울특별시,동작구,서울특별시 동작구 시흥대로 644 (신대방동),3,TRUE,TRUE,TRUE,FALSE,FALSE,07069,수도권,126.907041108146,37.4891633875617,11_590
신대방가정의학과의원,의원,02-844-3655,02-844-3655,서울특별시,동작구,서울특별시 동작구 신대방2길 3 2층 (신대방동),0,FALSE,FALSE,FALSE,FALSE,FALSE,07067,수도권,126.912651328736,37.487919502778,11_590
삼육오보람의원,의원,02-821-2119,02-821-2119,서울특별시,동작구,서울특별시 동작구 여의대방로22나길 1 1층 (신대방동),0,FALSE,FALSE,FALSE,FALSE,FALSE,07058,수도권,126.920806652541,37.4975103435893,11_590
혜윤산부인과의원,의원,02-815-2778,02-815-2778,서울특별시,동작구,서울특별시 동작구 현충로 75 원불교100년기념관 및 역사문화기념관 4층 1호 (흑석동),0,FALSE,FALSE,FALSE,FALSE,FALSE,06904,수도권,126.963859317475,37.5097590855867,11_590
현대영상의학과의원,의원,02-3289-1515,02-3289-1515,서울특별시,동작구,"서울특별시 동작구 신대방1가길 38 105동 301,312,313호 (신대방동)",3,TRUE,FALSE,TRUE,FALSE,TRUE,07072,수도권,126.906939551385,37.487900996008,11_590
김석호내과의원,내과의원,02-826-2779,02-826-2777,서울특별시,동작구,서울특별시 동작구 상도로 91 (상도동),5,TRUE,TRUE,TRUE,TRUE,TRUE,06952,수도권,126.930699216481,37.5000361345481,11_590
새사당의원,의원,02-599-5212,02-599-5212,서울특별시,동작구,서울특별시 동작구 사당로 301 2층 (사당동),4,TRUE,TRUE,TRUE,FALSE,TRUE,07008,수도권,126.980796622285,37.4853017183316,11_590
유내과의원,내과의원,02-825-2303,02-825-2303,서울특별시,동작구,서울특별시 동작구 상도로37길 74 (상도동),1,TRUE,FALSE,FALSE,FALSE,FALSE,06971,수도권,126.952825628307,37.4979307591584,11_590
서울가정의원,의원,02-825-6331,02-825-6331,서울특별시,동작구,"서울특별시 동작구 만양로 26 206호 (상도동, 건영아파트상가)",0,FALSE,FALSE,FALSE,FALSE,FALSE,06918,수도권,126.949547851693,37.5076264776599,11_590
연세재활의학과의원,의원,02-823-6782,02-823-6782,서울특별시,동작구,서울특별시 동작구 상도로 103 (상도동),1,TRUE,FALSE,FALSE,FALSE,FALSE,06952,수도권,126.931782120252,37.5007046805293,11_590
이영록내과의원,내과의원,02-825-7525,02-825-7525,서울특별시,동작구,"서울특별시 동작구 등용로 127 103동 205,206호 (대방동, 대방동현대아파트)",3,TRUE,TRUE,TRUE,FALSE,FALSE,06940,수도권,126.930988395318,37.5125587415186,11_590
새하늘내과의원,내과의원,02-598-5551,02-598-5551,서울특별시,동작구,"서울특별시 동작구 사당로 300 225호 (사당동, 이수자이상가)",0,FALSE,FALSE,FALSE,FALSE,FALSE,07013,수도권,126.980281616349,37.4843790909712,11_590
신윤내과의원,내과의원,02-817-5411,02-817-5411,서울특별시,동작구,서울특별시 동작구 상도로 181 2층 (상도동),3,TRUE,TRUE,TRUE,FALSE,FALSE,06937,수도권,126.938830531935,37.5049579530291,11_590
전로원내과의원,내과의원,02-847-6123,02-847-6123,서울특별시,동작구,"서울특별시 동작구 시흥대로 664 5,6층 (신대방동)",3,TRUE,TRUE,TRUE,FALSE,FALSE,07068,수도권,126.908428005132,37.4906941108669,11_590
사랑을나누는의원,의원,02-6275-1004,02-6275-1004,서울특별시,동작구,"서울특별시 동작구 만양로 19 308,309,310호 (노량진동, 신동아리버파크상가)",3,TRUE,TRUE,TRUE,FALSE,FALSE,06920,수도권,126.945718197277,37.5070717430905,11_590
노현주산부인과의원,의원,02-6278-7575,02-6278-7575,서울특별시,동작구,"서울특별시 동작구 보라매로5가길 16 514호 (신대방동, 보라매아카데미타워) ",0,FALSE,FALSE,FALSE,FALSE,FALSE,07071,수도권,126.924094714271,37.4912751024086,11_590
임해성내과의원,내과의원,02-581-7775,02-581-7775,서울특별시,동작구,서울특별시 동작구 사당로16길 68 (사당동),5,TRUE,TRUE,TRUE,TRUE,TRUE,07020,수도권,126.971732585264,37.4807578225041,11_590
송가정의학과의원,의원,02-817-1655,02-817-1655,서울특별시,동작구,"서울특별시 동작구 여의대방로44길 47 210층 (대방동, 주공아파트상가)",0,FALSE,FALSE,FALSE,FALSE,FALSE,06942,수도권,126.930418625519,37.5099235104732,11_590
삼성의원,의원,02-816-3352,816-3352,서울특별시,동작구,"서울특별시 동작구 상도로 356 3,4층 (상도동)",0,FALSE,FALSE,FALSE,FALSE,FALSE,07040,수도권,126.952823875773,37.4967617926881,11_590
유영조내과의원,내과의원,02-826-8575,02-826-8575,서울특별시,동작구,"서울특별시 동작구 등용로 2 2층 (상도동, 덕신빌딩)",3,TRUE,TRUE,TRUE,FALSE,FALSE,06937,수도권,126.937875816673,37.504624263051,11_590
연희산부인과의원,의원,02-599-6600,02-599-6600,서울특별시,동작구,서울특별시 동작구 사당로 215 3층 (사당동),0,FALSE,FALSE,FALSE,FALSE,FALSE,07004,수도권,126.972344800972,37.4844593113614,11_590
한양재활의학과의원,의원,02-817-8131,02-817-8131,서울특별시,동작구,서울특별시 동작구 상도로 234 2층 (상도동),0,FALSE,FALSE,FALSE,FALSE,FALSE,06964,수도권,126.944574053634,37.5049588053359,11_590
서울김내과의원,내과의원,02-813-7582,02-813-7582,서울특별시,동작구,서울특별시 동작구 장승배기로 34 대한카센타 4층 (상도동),2,TRUE,TRUE,FALSE,FALSE,FALSE,06967,수도권,126.941562079427,37.5011509657145,11_590
중앙내과의원,내과의원,02-815-5385,02-815-5385,서울특별시,동작구,"서울특별시 동작구 서달로 166 2층 (흑석동, 덕봉빌딩)",1,TRUE,FALSE,FALSE,FALSE,FALSE,06979,수도권,126.962881274043,37.5077644083105,11_590
현성의원,의원,02-821-0075,821-0075,서울특별시,동작구,서울특별시 동작구 매봉로 182 6층 (본동),0,FALSE,FALSE,FALSE,FALSE,FALSE,06906,수도권,126.952398588899,37.5123982094376,11_590
연세내과의원,내과의원,02-534-8585,534-8585,서울특별시,동작구,서울특별시 동작구 동작대로29길 24 3층 (사당동) ,5,TRUE,TRUE,TRUE,TRUE,TRUE,06997,수도권,126.980693766897,37.4882374563765,11_590
삼성열린내과의원,내과의원,02-825-8119,02-825-8119,서울특별시,동작구,서울특별시 동작구 상도로 81 2층 (대방동),5,TRUE,TRUE,TRUE,TRUE,TRUE,06953,수도권,126.929559239366,37.4999513063416,11_590
이지은산부인과의원,의원,02-535-3515,535-3515,서울특별시,동작구,서울특별시 동작구 동작대로 121 6층 (사당동) ,0,FALSE,FALSE,FALSE,FALSE,FALSE,07008,수도권,126.981886636778,37.4874603457045,11_590
연합소화내과의원,내과의원,02-525-8575,02-525-8575,서울특별시,동작구,"서울특별시 동작구 사당로 230-1 4,5층 (사당동)",4,TRUE,TRUE,TRUE,TRUE,FALSE,07010,수도권,126.973243297085,37.4833057767884,11_590
늘건강내과이비인후과의원,내과의원,02-822-3375,02-822-3375,서울특별시,동작구,"서울특별시 동작구 상도로 174 2,3층 (상도동)",5,TRUE,TRUE,TRUE,TRUE,TRUE,06956,수도권,126.938418532982,37.5042527924312,11_590
365미소내과의원,내과의원,02-522-3650,02-522-3650,서울특별시,동작구,서울특별시 동작구 남부순환로 2055 2층 (사당동),4,TRUE,TRUE,TRUE,TRUE,FALSE,07024,수도권,126.977094087349,37.4768743718646,11_590
삼성드림내과의원,내과의원,02-822-9658,822-9658,서울특별시,동작구,"서울특별시 동작구 만양로 5-1 1층 101호 (상도동, 나동)",5,TRUE,TRUE,TRUE,TRUE,TRUE,06921,수도권,126.946284192056,37.5052781908153,11_590
예일성모내과의원,내과의원,02-813-0075,02-813-0075,서울특별시,동작구,"서울특별시 동작구 보라매로19길 8 5,6층 (신대방동)",1,TRUE,FALSE,FALSE,FALSE,FALSE,07060,수도권,126.927479828149,37.4979986491213,11_590
조은내과의원,내과의원,02-813-8275,02-813-8275,서울특별시,동작구,"서울특별시 동작구 상도로 69 2층 201호 (대방동, 상원빌딩)",3,TRUE,TRUE,TRUE,FALSE,FALSE,06953,수도권,126.928375974876,37.4999605059187,11_590
기쁨준내과의원,내과의원,02-826-7575,02-826-7575,서울특별시,동작구,서울특별시 동작구 장승배기로 168 3층 301(일부)호 (노량진동),4,TRUE,TRUE,TRUE,TRUE,FALSE,06922,수도권,126.940553263162,37.5126135878966,11_590
루이스산부인과의원,의원,02-521-3323,02-521-3323,서울특별시,동작구,"서울특별시 동작구 동작대로 21 5층 (사당동, 양지빌딩)",0,FALSE,FALSE,FALSE,FALSE,FALSE,07015,수도권,126.981362070757,37.4784816221514,11_590
행복한아침내과의원,내과의원,02-823-9988,02-823-9988,서울특별시,동작구,서울특별시 동작구 양녕로 184-1 (상도동),4,TRUE,TRUE,TRUE,TRUE,FALSE,07037,수도권,126.943512523778,37.4977538600822,11_590
아산바른내과의원,내과의원,02-817-0028,02-817-0028,서울특별시,동작구,"서울특별시 동작구 상도로 345 3,4층 (상도동)",5,TRUE,TRUE,TRUE,TRUE,TRUE,06971,수도권,126.952667931095,37.4978381627265,11_590
우성용 1 내과의원,내과의원,02-822-3000,02-822-3000,서울특별시,동작구,서울특별시 동작구 보라매로 110 영등포농협 3층 (대방동),5,TRUE,TRUE,TRUE,TRUE,TRUE,07041,수도권,126.928466477124,37.4990985683018,11_590
미래탑내과의원,내과의원,02-2088-7586,02-2088-7586,서울특별시,동작구,서울특별시 동작구 상도로 246 더라함 2층 (상도동),5,TRUE,TRUE,TRUE,TRUE,TRUE,06964,수도권,126.945743519213,37.5047449090099,11_590
사계절내과의원,내과의원,02-2038-4388,02-2038-4388,서울특별시,동작구,서울특별시 동작구 동작대로29길 36 3층 1호 (사당동),5,TRUE,TRUE,TRUE,TRUE,TRUE,06997,수도권,126.979917728895,37.4883332843569,11_590
루빈여성의원,의원,02-813-1359,02-813-1359,서울특별시,동작구,서울특별시 동작구 양녕로 282-1 구암빌딩 4층 (상도1동),0,FALSE,FALSE,FALSE,FALSE,FALSE,06969,수도권,126.950452188385,37.504405046349,11_590
가장편한내과의원,내과의원,02-824-0011,02-824-0011,서울특별시,동작구,서울특별시 동작구 상도로 247 3층 (상도동),5,TRUE,TRUE,TRUE,TRUE,TRUE,06921,수도권,126.946257427011,37.5050659018089,11_590
색다른의원,의원,02-2088-1771,02-2088-1771,서울특별시,동작구,서울특별시 동작구 장승배기로 98 장승빌딩 6층 (노량진동),0,FALSE,FALSE,FALSE,FALSE,FALSE,06925,수도권,126.940127058426,37.5063972521794,11_590
연세유앤선영상의학과의원,의원,02-2135-2125,02-2135-2125,서울특별시,동작구,서울특별시 동작구 동작대로 119 2층 (사당동) ,1,FALSE,FALSE,FALSE,FALSE,TRUE,07008,수도권,126.981875606372,37.4872512200453,11_590
수누리내과의원,내과의원,02-6956-4888,02-6956-4888,서울특별시,동작구,서울특별시 동작구 사당로 240 사당동 새마을금고 회관 5층 (사당동) ,5,TRUE,TRUE,TRUE,TRUE,TRUE,07011,수도권,126.974286103761,37.4829372254883,11_590
다시봄의원,의원,02-814-9119,02-814-9119,서울특별시,동작구,"서울특별시 동작구 흑석한강로 27 106동  B104호 (흑석동, 흑석한강푸르지오상가) ",0,FALSE,FALSE,FALSE,FALSE,FALSE,06981,수도권,126.966284444741,37.5040994188129,11_590
루봄산부인과의원,의원,02-813-1518,02-813-1518,서울특별시,동작구,서울특별시 동작구 상도로 379 6층 (상도동) ,0,FALSE,FALSE,FALSE,FALSE,FALSE,07027,수도권,126.954972697673,37.495278493075,11_590
서울에이스내과의원,내과의원,02-812-3790,02-812-3790,서울특별시,동작구,서울특별시 동작구 상도로 379 2~3층 (상도동) ,5,TRUE,TRUE,TRUE,TRUE,TRUE,07027,수도권,126.954972697673,37.495278493075,11_590
엘여성의원,의원,02-3280-7735,02-3280-7735,서울특별시,동작구,서울특별시 동작구 서달로 163 세명빌딩 5층 (흑석동) ,0,FALSE,FALSE,FALSE,FALSE,FALSE,06972,수도권,126.962381983646,37.5078862464216,11_590
블리스내과의원,내과의원,02-6959-4690,02-6959-4690,서울특별시,동작구,서울특별시 동작구 노량진로 116 백이빌딩 2층 (노량진동) ,5,TRUE,TRUE,TRUE,TRUE,TRUE,06928,수도권,126.938854495012,37.51315539545,11_590
동작유외과의원,의원,070-4116-9438,02-822-0333,서울특별시,동작구,서울특별시 동작구 상도로 60 8층 (대방동) ,1,FALSE,FALSE,FALSE,FALSE,TRUE,07055,수도권,126.927153186125,37.4995614234716,11_590
의료법인서울효천의료재단 에이치플러스양지병원,종합병원,02-1833-2211,02-1877-8875,서울특별시,관악구,서울특별시 관악구 남부순환로 1636 양지병원 (신림동) ,4,FALSE,TRUE,TRUE,TRUE,TRUE,08779,수도권,126.932565485407,37.4843693309109,11_620
강남고려병원,병원,02-878-1110,1661-8267,서울특별시,관악구,서울특별시 관악구 관악로 242 (봉천동),4,FALSE,TRUE,TRUE,TRUE,TRUE,08735,수도권,126.956781703053,37.4856188363947,11_620
척편한병원,병원,02-6676-6000,02-6676-6000,서울특별시,관악구,"서울특별시 관악구 신림로 318 4,5층 (신림동, 청암두산위브)",1,TRUE,FALSE,FALSE,FALSE,FALSE,08777,수도권,126.930252917369,37.4825754320038,11_620
조인트힐병원,병원,02-1899-7272,02-1899-7272,서울특별시,관악구,서울특별시 관악구 난곡로 215 (신림동),5,TRUE,TRUE,TRUE,TRUE,TRUE,08864,수도권,126.917547423344,37.4737283481113,11_620
심정병원,병원,02-3282-2200,1588-3330,서울특별시,관악구,서울특별시 관악구 남부순환로 1485 삼남빌딩 2~6층 (신림동),5,TRUE,TRUE,TRUE,TRUE,TRUE,08761,수도권,126.915650135223,37.4823520999904,11_620
사랑의병원,병원,02-880-0129,02-880-0114,서울특별시,관악구,"서울특별시 관악구 남부순환로 1860 -1,1,3,4,5층 (봉천동,  )",5,TRUE,TRUE,TRUE,TRUE,TRUE,08789,수도권,126.956285774259,37.4796247835746,11_620
장튼위튼병원,병원,02-878-7114,02-878-7119,서울특별시,관악구,서울특별시 관악구 남부순환로 1867 (봉천동),5,TRUE,TRUE,TRUE,TRUE,TRUE,08739,수도권,126.957305110343,37.4798286942741,11_620
강남힐병원,병원,02-853-4600,853-4600,서울특별시,관악구,서울특별시 관악구 남부순환로 1449 강남힐병원 (신림동) ,4,TRUE,TRUE,TRUE,TRUE,FALSE,08767,수도권,126.911648078471,37.4816513439454,11_620
서울퍼스트병원,병원,02-882-6900,02-882-6900,서울특별시,관악구,"서울특별시 관악구 은천로 51 (봉천동, 2,3,4,5,6층) ",1,TRUE,FALSE,FALSE,FALSE,FALSE,08716,수도권,126.941200194149,37.4862851623719,11_620
서울 복십자의원,의원,02-793-4891,02-793-4891,서울특별시,관악구,"서울특별시 관악구 남부순환로 1533 1,2층 (신림동) ",0,FALSE,FALSE,FALSE,FALSE,FALSE,08762,수도권,126.920904632407,37.4833099024156,11_620
박산부인과의원,의원,02-855-5655,02-855-5655,서울특별시,관악구,서울특별시 관악구 난곡로 297 (신림동),0,FALSE,FALSE,FALSE,FALSE,FALSE,08771,수도권,126.914497395747,37.4805215930458,11_620
박춘식산부인과의원,의원,02-854-6715,02-854-6715,서울특별시,관악구,서울특별시 관악구 난곡로 274 (신림동),0,FALSE,FALSE,FALSE,FALSE,FALSE,08772,수도권,126.915427074438,37.4785290500464,11_620
변산부인과의원,의원,02-852-2361,02-852-2361,서울특별시,관악구,서울특별시 관악구 남부순환로 1470 (신림동),0,FALSE,FALSE,FALSE,FALSE,FALSE,08771,수도권,126.913882072153,37.4813531376638,11_620
황내과의원,내과의원,02-885-5348,02-885-5348,서울특별시,관악구,서울특별시 관악구 신림로11길 9 2층 (신림동),3,TRUE,TRUE,TRUE,FALSE,FALSE,08814,수도권,126.93900718485,37.4700559715659,11_620
김혜근의원,의원,02-857-2777,02-857-2777,서울특별시,관악구,서울특별시 관악구 조원로 128 2층 (신림동),0,FALSE,FALSE,FALSE,FALSE,FALSE,08762,수도권,126.916644177851,37.4851063771258,11_620
홍이경산부인과의원,의원,02-883-3217,02-883-3217,서울특별시,관악구,서울특별시 관악구 신림로 344 305호 (신림동),0,FALSE,FALSE,FALSE,FALSE,FALSE,08754,수도권,126.929977240424,37.4851501707989,11_620
주인종내과의원,내과의원,02-883-3379,02-883-3379,서울특별시,관악구,서울특별시 관악구 신림로 318 6층 (신림동),4,TRUE,TRUE,TRUE,TRUE,FALSE,08777,수도권,126.930252917369,37.4825754320038,11_620
위상오내과의원,내과의원,02-871-5843,02-871-5843,서울특별시,관악구,서울특별시 관악구 신림로 360-1 (신림동),5,TRUE,TRUE,TRUE,TRUE,TRUE,08753,수도권,126.929457563992,37.4864937152652,11_620
박성신의원,의원,02-866-5714,02-866-5714,서울특별시,관악구,서울특별시 관악구 신원로 16 (신림동) ,0,FALSE,FALSE,FALSE,FALSE,FALSE,08775,수도권,126.927931907461,37.4807396753723,11_620
노영숙산부인과의원,의원,02-882-9900,02-882-9900,서울특별시,관악구,"서울특별시 관악구 남부순환로 1924 201호 (봉천동, 동림빌딩)",0,FALSE,FALSE,FALSE,FALSE,FALSE,08793,수도권,126.96287811279,37.4769082427966,11_620
신동진내과의원,내과의원,02-875-3428,02-875-3428,서울특별시,관악구,서울특별시 관악구 은천로 38 2층 (봉천동),5,TRUE,TRUE,TRUE,TRUE,TRUE,08749,수도권,126.93942599805,37.4860441474069,11_620
관악성모의원,의원,02-889-5351,02-889-5353,서울특별시,관악구,서울특별시 관악구 쑥고개로 51-1 (봉천동),5,TRUE,TRUE,TRUE,TRUE,TRUE,08784,수도권,126.94228307004,37.4797987047263,11_620
최진현내과의원,내과의원,02-838-0090,02-838-0090,서울특별시,관악구,서울특별시 관악구 남부순환로 1479 2층 (신림동),3,TRUE,TRUE,TRUE,FALSE,FALSE,08761,수도권,126.914940860142,37.4821799493692,11_620
신숙진산부인과의원,의원,02-851-9393,02-851-9393,서울특별시,관악구,서울특별시 관악구 관천로 17 (신림동),0,FALSE,FALSE,FALSE,FALSE,FALSE,08774,수도권,126.928409845738,37.4816549403778,11_620
이진숙산부인과의원,의원,02-875-3535,02-875-3535,서울특별시,관악구,서울특별시 관악구 신림로 158 (신림동),0,FALSE,FALSE,FALSE,FALSE,FALSE,08838,수도권,126.933875599327,37.4729297769699,11_620
한사랑의원,의원,02-856-1717,02-856-1717,서울특별시,관악구,서울특별시 관악구 문성로 219 2층 (신림동),0,FALSE,FALSE,FALSE,FALSE,FALSE,08775,수도권,126.928262536689,37.4795150449713,11_620
연세가정의원,의원,02-883-7575,02-883-7575,서울특별시,관악구,"서울특별시 관악구 관악로40길 47 1동 409호 (봉천동, 현대상가)",0,FALSE,FALSE,FALSE,FALSE,FALSE,08730,수도권,126.95892477375,37.4920550488974,11_620
항외과의원,의원,02-855-7175,02-855-7175,서울특별시,관악구,"서울특별시 관악구 시흥대로 578 4, 6층 (신림동) ",3,TRUE,TRUE,FALSE,TRUE,FALSE,08700,수도권,126.903247316338,37.4843090452129,11_620
봉천연세가정의원,의원,02-876-7582,02-876-7582,서울특별시,관악구,서울특별시 관악구 은천로 35 (봉천동),0,FALSE,FALSE,FALSE,FALSE,FALSE,08717,수도권,126.939238906026,37.4864179696983,11_620
조내과의원,내과의원,02-876-6662,02-876-6662,서울특별시,관악구,서울특별시 관악구 은천로 110 4층 (봉천동),2,TRUE,FALSE,TRUE,FALSE,FALSE,08747,수도권,126.947348941536,37.4866845060437,11_620
이규남내과의원,내과의원,02-888-7434,02-888-7434,서울특별시,관악구,"서울특별시 관악구 봉천로 387 (봉천동, 두산아파트상가)",3,TRUE,TRUE,TRUE,FALSE,FALSE,08750,수도권,126.942701190325,37.4837602834938,11_620
서초영상의학과의원,의원,02-3462-4695,02-3462-4696,서울특별시,관악구,"서울특별시 관악구 남부순환로 1848 3층 (봉천동, 유강빌딩)",4,TRUE,TRUE,TRUE,TRUE,FALSE,08788,수도권,126.955069902741,37.4800627585236,11_620
엘산부인과의원,의원,02-877-3114,02-877-3114,서울특별시,관악구,서울특별시 관악구 남부순환로 1934 낙성대빌딩 3층 (봉천동),0,FALSE,FALSE,FALSE,FALSE,FALSE,08793,수도권,126.963735538331,37.4766373051657,11_620
새생명내과의원,내과의원,02-873-6276,02-873-6276,서울특별시,관악구,서울특별시 관악구 난곡로 316 3층 (신림동),4,TRUE,TRUE,TRUE,TRUE,FALSE,08761,수도권,126.914737925309,37.4821687206941,11_620
서울가정의학과의원,의원,02-888-8858,02-888-8858,서울특별시,관악구,"서울특별시 관악구 구암길 106 205호 (봉천동, 관악드림타운분산상가)",0,FALSE,FALSE,FALSE,FALSE,FALSE,08725,수도권,126.948664640266,37.491279413488,11_620
한내과의원,내과의원,02-851-6565,02-851-6565,서울특별시,관악구,서울특별시 관악구 난우길 14 (신림동),1,TRUE,FALSE,FALSE,FALSE,FALSE,08850,수도권,126.918828331269,37.4743079536145,11_620
우리가정의원,의원,02-873-4102,02-873-4102,서울특별시,관악구,서울특별시 관악구 호암로 530 3층 (신림동),0,FALSE,FALSE,FALSE,FALSE,FALSE,08821,수도권,126.931721690253,37.4649646084727,11_620
민내과의원,내과의원,02-835-6400,02-835-6400,서울특별시,관악구,"서울특별시 관악구 보라매로3길 29 3층(9, 10-1, 11, 13-19호) (봉천동, 해태보라매타워)",5,TRUE,TRUE,TRUE,TRUE,TRUE,08708,수도권,126.924990343437,37.4912113425285,11_620
손홍주내과의원,내과의원,02-867-0426,02-867-0426,서울특별시,관악구,서울특별시 관악구 난곡로 295 2~3층 (신림동),1,TRUE,FALSE,FALSE,FALSE,FALSE,08771,수도권,126.914520076382,37.4803621308895,11_620
소망의원,의원,02-868-1070,02-868-1070,서울특별시,관악구,서울특별시 관악구 신림로 269 3층 (신림동),0,FALSE,FALSE,FALSE,FALSE,FALSE,08775,수도권,126.931552572263,37.4787419486296,11_620
이내과의원,내과의원,02-877-3222,02-884-7799,서울특별시,관악구,"서울특별시 관악구 신림로 158 2층 (신림동, 영광클리닉)",5,TRUE,TRUE,TRUE,TRUE,TRUE,08838,수도권,126.933875599327,37.4729297769699,11_620
연세바른의원,의원,02-888-3953,02-888-3953,서울특별시,관악구,"서울특별시 관악구 관악로30길 12 308호 (봉천동, 우성아파트상가) ",0,FALSE,FALSE,FALSE,FALSE,FALSE,08735,수도권,126.960607343765,37.4841357625535,11_620
선산부인과의원,의원,02-875-4445,02-875-4445,서울특별시,관악구,서울특별시 관악구 남부순환로 1593 2층 (신림동),0,FALSE,FALSE,FALSE,FALSE,FALSE,08759,수도권,126.927521406695,37.484228219732,11_620
향기나는내과의원,내과의원,02-888-3383,02-888-3383,서울특별시,관악구,서울특별시 관악구 관악로 234 203호 (봉천동),2,TRUE,TRUE,FALSE,FALSE,FALSE,08737,수도권,126.956296677425,37.4849750677458,11_620
온누리내과의원,내과의원,02-886-6701,02-886-6701,서울특별시,관악구,서울특별시 관악구 남부순환로 1603 4층 401호 (신림동),4,TRUE,TRUE,TRUE,TRUE,FALSE,08759,수도권,126.928803713296,37.4844379432327,11_620
신대방성모내과의원,내과의원,02-851-3997,02-851-3997,서울특별시,관악구,"서울특별시 관악구 난곡로 367 (신림동, 경신빌딩)",5,TRUE,TRUE,TRUE,TRUE,TRUE,08701,수도권,126.913354117853,37.4867009567317,11_620
연세편한내과의원,내과의원,02-872-3030,02-872-3030,서울특별시,관악구,서울특별시 관악구 신림로 105 (신림동),4,TRUE,TRUE,TRUE,TRUE,FALSE,08813,수도권,126.937588996361,37.4705186207521,11_620
삼성산부인과의원,의원,02-851-9600,02-851-9600,서울특별시,관악구,서울특별시 관악구 난곡로 217 3층 (신림동),0,FALSE,FALSE,FALSE,FALSE,FALSE,08864,수도권,126.917484545337,37.4738513821693,11_620
더영산부인과의원,의원,02-876-7722,02-876-7722,서울특별시,관악구,"서울특별시 관악구 관악로 195 314,315호 (봉천동, 관악위버폴리스)",0,FALSE,FALSE,FALSE,FALSE,FALSE,08745,수도권,126.953098728924,37.4825638239353,11_620
김앤조 내과의원,내과의원,02-862-1881,02-862-1881,서울특별시,관악구,"서울특별시 관악구 난곡로 217 2,4층 (신림동)",1,TRUE,FALSE,FALSE,FALSE,FALSE,08864,수도권,126.917484545337,37.4738513821693,11_620
연세베스트의원,의원,02-867-9119,02-867-9119,서울특별시,관악구,"서울특별시 관악구 난곡로 53 403호 (신림동, 관악산휴먼시아상가)",0,FALSE,FALSE,FALSE,FALSE,FALSE,08862,수도권,126.919326648265,37.4602221608432,11_620
김정화산부인과의원,의원,02-883-3307,02-883-3307,서울특별시,관악구,"서울특별시 관악구 양녕로 46 3층 305호 (봉천동, 메카플러스)",0,FALSE,FALSE,FALSE,FALSE,FALSE,08747,수도권,126.947285551333,37.4861422511009,11_620
연세건강한내과의원,내과의원,02-875-7596,02-875-7596,서울특별시,관악구,서울특별시 관악구 보라매로 12 4층 (봉천동),5,TRUE,TRUE,TRUE,TRUE,TRUE,08722,수도권,126.927785485261,37.4904986754072,11_620
아름드리가정의원,의원,02-858-2828,02-858-2828,서울특별시,관악구,서울특별시 관악구 봉천로 281 2층 (봉천동),2,TRUE,FALSE,TRUE,FALSE,FALSE,08720,수도권,126.932488744911,37.4877270739545,11_620
서울삼성내과의원,내과의원,02-876-5553,02-876-5553,서울특별시,관악구,서울특별시 관악구 양녕로 50 금강빌딩 6층 (봉천동) ,5,TRUE,TRUE,TRUE,TRUE,TRUE,08747,수도권,126.947220766123,37.4864591968344,11_620
삼성편한내과의원,내과의원,02-857-9911,02-857-9911,서울특별시,관악구,"서울특별시 관악구 신림로 135 (신림동, 2층)",5,TRUE,TRUE,TRUE,TRUE,TRUE,08812,수도권,126.934318776342,37.471091692931,11_620
가연관악산부인과의원,의원,02-885-7900,02-885-7900,서울특별시,관악구,"서울특별시 관악구 남부순환로 1838 C.S타워 4~7,14층 (봉천동) ",0,FALSE,FALSE,FALSE,FALSE,FALSE,08788,수도권,126.953962484327,37.480431385536,11_620
최희정내과의원,내과의원,02-883-8500,02-883-8500,서울특별시,관악구,"서울특별시 관악구 신림로 350 6층 (신림동, 서원프라자, 태영아파트)",5,TRUE,TRUE,TRUE,TRUE,TRUE,08754,수도권,126.929948753311,37.4855072234589,11_620
관악정의원,의원,02-868-1930,02-868-1930,서울특별시,관악구,서울특별시 관악구 난곡로 349-1 (신림동),4,TRUE,TRUE,TRUE,TRUE,FALSE,08701,수도권,126.913617805895,37.4852193520551,11_620
연세365산부인과의원,의원,02-585-3650,02-547-2876,서울특별시,관악구,"서울특별시 관악구 과천대로 939 르메이에르강남타운2 306,307,308호 (남현동)",0,FALSE,FALSE,FALSE,FALSE,FALSE,08807,수도권,126.981430242321,37.4743771732195,11_620
리즈산부인과의원,의원,02-888-1218,02-888-1218,서울특별시,관악구,서울특별시 관악구 남부순환로 1599 3층 (신림동),0,FALSE,FALSE,FALSE,FALSE,FALSE,08759,수도권,126.928167853107,37.4842950188384,11_620
이진내과의원,내과의원,02-6959-0367,02-6959-0367,서울특별시,관악구,서울특별시 관악구 남부순환로 1912 3층 (봉천동),5,TRUE,TRUE,TRUE,TRUE,TRUE,08792,수도권,126.961646750481,37.4775118863287,11_620
연세W산부인과의원(구로점),의원,02-866-9229,02-866-9229,서울특별시,관악구,서울특별시 관악구 시흥대로 570 5층 501호 (신림동),0,FALSE,FALSE,FALSE,FALSE,FALSE,08769,수도권,126.90246736979,37.4835399340124,11_620
연세우리내과의원,내과의원,02-858-0019,02-858-0019,서울특별시,관악구,서울특별시 관악구 관천로 17 (신림동),4,TRUE,TRUE,TRUE,TRUE,FALSE,08774,수도권,126.928409845738,37.4816549403778,11_620
세이브내과의원,내과의원,02-869-8341,02-869-8341,서울특별시,관악구,"서울특별시 관악구 난곡로 214 2~3층 (신림동, 금정빌딩)",5,TRUE,TRUE,TRUE,TRUE,TRUE,08849,수도권,126.918159077822,37.4738861797656,11_620
사당연세365의원,의원,02-2055-0365,02-2055-0365,서울특별시,관악구,"서울특별시 관악구 과천대로 939 르메이에르강남타운2 301,302,303-1,303-2,310호 (남현동)",5,TRUE,TRUE,TRUE,TRUE,TRUE,08807,수도권,126.981430242321,37.4743771732195,11_620
강인구내과의원,내과의원,02-852-3517,02-852-3517,서울특별시,관악구,서울특별시 관악구 난곡로35길 2 2층 (신림동),4,TRUE,TRUE,TRUE,TRUE,FALSE,08858,수도권,126.91859283848,37.4729601510711,11_620
서울W내과의원,내과의원,02-871-5600,02-871-5600,서울특별시,관악구,"서울특별시 관악구 관악로 165 (봉천동, 양지빌딩)",5,TRUE,TRUE,TRUE,TRUE,TRUE,08787,수도권,126.952110453781,37.4800658308272,11_620
유테라산부인과의원,의원,02-882-5001,02-882-5001,서울특별시,관악구,"서울특별시 관악구 관악로 168 206호 (봉천동, 대우디오슈페리움2단지) ",0,FALSE,FALSE,FALSE,FALSE,FALSE,08788,수도권,126.952984762396,37.4802159296703,11_620
최준호내과의원,내과의원,02-862-8688,02-862-8688,서울특별시,관악구,서울특별시 관악구 남부순환로161가길 26 2층 (신림동),4,TRUE,TRUE,TRUE,TRUE,FALSE,08762,수도권,126.917322411402,37.4850547754109,11_620
이한규내과의원,내과의원,02-6951-1577,02-6951-1577,서울특별시,관악구,"서울특별시 관악구 봉천로 227-0 201,202호 (봉천동, 보라매샤르망)",1,TRUE,FALSE,FALSE,FALSE,FALSE,08708,수도권,126.927117551199,37.4900315434017,11_620
레이디유외과의원,의원,02-877-7570,02-877-7570,서울특별시,관악구,서울특별시 관악구 남부순환로 1832 오선빌딩 5층 (봉천동),1,FALSE,FALSE,FALSE,FALSE,TRUE,08788,수도권,126.953497637127,37.4807059211487,11_620
연세쉬즈산부인과의원,의원,02-882-8202,02-882-8202,서울특별시,관악구,서울특별시 관악구 남부순환로 1605 3층 (신림동),0,FALSE,FALSE,FALSE,FALSE,FALSE,08759,수도권,126.929071163537,37.4843862961147,11_620
김지연산부인과의원,의원,02-884-1852,02-884-1852,서울특별시,관악구,서울특별시 관악구 봉천로 212 4층 (신림동),0,FALSE,FALSE,FALSE,FALSE,FALSE,08706,수도권,126.925060666631,37.4896370569469,11_620
더나은내과의원,내과의원,02-6677-6856,02-6677-6856,서울특별시,관악구,서울특별시 관악구 남부순환로 1733 정민빌딩 2층 (봉천동),5,TRUE,TRUE,TRUE,TRUE,TRUE,08757,수도권,126.942759661044,37.4825535910402,11_620
연세조은내과의원,내과의원,02-889-3375,02-889-3375,서울특별시,관악구,서울특별시 관악구 신림로 137 조흥빌딩 5층 (신림동),4,TRUE,TRUE,TRUE,TRUE,FALSE,08812,수도권,126.934055326017,37.4711520940972,11_620
관악수내과의원,내과의원,02-871-1936,02-871-1936,서울특별시,관악구,서울특별시 관악구 남부순환로 1810 2층 (봉천동),5,TRUE,TRUE,TRUE,TRUE,TRUE,08787,수도권,126.951140541282,37.4810685270606,11_620
연세제이엘산부인과의원,의원,02-877-1077,02-877-1077,서울특별시,관악구,서울특별시 관악구 남부순환로 1832 오선빌딩 (봉천동),0,FALSE,FALSE,FALSE,FALSE,FALSE,08788,수도권,126.953497637127,37.4807059211487,11_620
애플산부인과의원,의원,02-886-8622,02-886-8622,서울특별시,관악구,"서울특별시 관악구 신림로 318 3층 (신림동, 청암두산위브센티움)",0,FALSE,FALSE,FALSE,FALSE,FALSE,08777,수도권,126.930252917369,37.4825754320038,11_620
관악정다운의료복지사회적협동조합정다운우리의원,의원,02-871-2497,02-871-2497,서울특별시,관악구,서울특별시 관악구 신림로 206 태영빌딩 2층 (신림동) ,2,TRUE,FALSE,TRUE,FALSE,FALSE,08836,수도권,126.937446935701,37.4756288046285,11_620
연세속편한내과의원,내과의원,02-6746-6252,02-6746-6252,서울특별시,관악구,서울특별시 관악구 남부순환로 1942 2층 (봉천동),5,TRUE,TRUE,TRUE,TRUE,TRUE,08793,수도권,126.964508605527,37.4763957089063,11_620
삼모라인내과의원,내과의원,02-6951-2950,02-6951-2950,서울특별시,관악구,서울특별시 관악구 신림로59길 23 삼모스포렉스 1층 (신림동) ,5,TRUE,TRUE,TRUE,TRUE,TRUE,08776,수도권,126.928586431387,37.4828608671243,11_620
솜산부인과의원,의원,02-525-3331,02-525-3331,서울특별시,관악구,서울특별시 관악구 남부순환로 2064 네스코N타워 2층 (남현동) ,0,FALSE,FALSE,FALSE,FALSE,FALSE,08806,수도권,126.978098942823,37.4764021630158,11_620
연세위드내과의원,내과의원,02-581-7588,02-581-7588,서울특별시,관악구,서울특별시 관악구 남부순환로 2064 5층 (남현동) ,5,TRUE,TRUE,TRUE,TRUE,TRUE,08806,수도권,126.978098942823,37.4764021630158,11_620
울트라내과의원,내과의원,02-868-7588,02-868-7588,서울특별시,관악구,서울특별시 관악구 난우길 2 프린스빌딩 5층 (신림동) ,5,TRUE,TRUE,TRUE,TRUE,TRUE,08854,수도권,126.919149562512,37.4732085813656,11_620
신림라움산부인과의원,의원,02-878-0119,02-878-0119,서울특별시,관악구,"서울특별시 관악구 신림로 350 5층 504호 (신림동, 서원프라자, 태영아파트) ",0,FALSE,FALSE,FALSE,FALSE,FALSE,08754,수도권,126.929948753311,37.4855072234589,11_620
관악정내과의원,내과의원,02-3285-5526,02-3285-5526,서울특별시,관악구,서울특별시 관악구 봉천로 488 서호빌딩 2층 (봉천동) ,5,TRUE,TRUE,TRUE,TRUE,TRUE,08738,수도권,126.953906329422,37.481477164744,11_620
라비뉴여성의원,의원,02-886-5551,02-886-5551,서울특별시,관악구,"서울특별시 관악구 남부순환로 1785 지하1,지상2,3층 (봉천동) ",0,FALSE,FALSE,FALSE,FALSE,FALSE,08758,수도권,126.948631275056,37.4820430751541,11_620
푸른편안내과의원,내과의원,02-886-7575,02-886-7575,서울특별시,관악구,서울특별시 관악구 남부순환로 1933 4층 (봉천동) ,4,TRUE,TRUE,TRUE,TRUE,FALSE,08801,수도권,126.964147271643,37.4771332564053,11_620
서울탑내과의원,내과의원,02-874-7575,010-9959-1583,서울특별시,관악구,서울특별시 관악구 은천로 118 7층 (봉천동) ,5,TRUE,TRUE,TRUE,TRUE,TRUE,08743,수도권,126.948297103432,37.4865773444128,11_620
아산오름내과의원,내과의원,02-6958-7070,02-6958-7070,서울특별시,관악구,서울특별시 관악구 시흥대로 578 201호 (신림동) ,5,TRUE,TRUE,TRUE,TRUE,TRUE,08700,수도권,126.903247316338,37.4843090452129,11_620
신림성모유외과의원,의원,02-883-7117,02-883-7117,서울특별시,관악구,"서울특별시 관악구 신림로 350 7층 (신림동, 서원프라자, 태영아파트) ",1,FALSE,FALSE,FALSE,FALSE,TRUE,08754,수도권,126.929948753311,37.4855072234589,11_620
어울림산부인과의원,의원,02-882-1397,02-882-1397,서울특별시,관악구,서울특별시 관악구 남부순환로 1619 영일빌딩 7층 (신림동) ,0,FALSE,FALSE,FALSE,FALSE,FALSE,08754,수도권,126.930498613031,37.4846406881735,11_620
서울대입구더원내과의원,내과의원,02-878-7555,02-878-7555,서울특별시,관악구,서울특별시 관악구 남부순환로 1830 2층 (봉천동) ,5,TRUE,TRUE,TRUE,TRUE,TRUE,08788,수도권,126.953172883235,37.4807765220933,11_620
학교법인가톨릭학원가톨릭대학교서울성모병원,종합병원,-1588-8668,02-1588-1511,서울특별시,서초구,서울특별시 서초구 반포대로 222 (반포동),1,TRUE,FALSE,FALSE,FALSE,FALSE,06591,수도권,127.005860604348,37.5023936158073,11_650
기쁨병원,종합병원,02-570-1221,02-570-1234,서울특별시,서초구,서울특별시 서초구 서초중앙로 4 기쁨병원 (서초동) ,5,TRUE,TRUE,TRUE,TRUE,TRUE,06725,수도권,127.018063486739,37.482713030212,11_650
의료법인 청해의료재단 제일병원,병원,02-586-5557,02-586-5557,서울특별시,서초구,서울특별시 서초구 서초대로 116 (방배동),4,FALSE,TRUE,TRUE,TRUE,TRUE,06664,수도권,126.995052679586,37.4878291517951,11_650
고도일병원,병원,-1577-8907,1577-8907,서울특별시,서초구,"서울특별시 서초구 강남대로 505 (반포동, 고도일 병원)",1,TRUE,FALSE,FALSE,FALSE,FALSE,06536,수도권,127.0227028296,37.50701445806,11_650
서울안강병원,병원,02-521-3210,02-1899-3210,서울특별시,서초구,"서울특별시 서초구 효령로 331 GL(지엘)빌딩 지하1~3층,2~8층 (서초동) ",5,TRUE,TRUE,TRUE,TRUE,TRUE,06643,수도권,127.020354477112,37.4864030082446,11_650
박정수연세의원,의원,02-581-3735,581-3735,서울특별시,서초구,서울특별시 서초구 방배로 32 205호 (방배동),0,FALSE,FALSE,FALSE,FALSE,FALSE,06715,수도권,127.000373876917,37.4778399509735,11_650
쉬즈힐의원,의원,02-546-0807,02-546-0807,서울특별시,서초구,"서울특별시 서초구 강남대로 623 잠원동 우일빌딩 지하1,1,2,7층 (잠원동) ",0,FALSE,FALSE,FALSE,FALSE,FALSE,06524,수도권,127.018733121908,37.5174081481835,11_650
연세의원,의원,02-595-9828,595-9828,서울특별시,서초구,"서울특별시 서초구 잠원로 148 206호 (잠원동, 잠원연합상가)",0,FALSE,FALSE,FALSE,FALSE,FALSE,06518,수도권,127.010063540612,37.5162644800171,11_650
사단법인 정해복지부설 한신메디피아의원,의원,-1588-4485,1588-3778,서울특별시,서초구,"서울특별시 서초구 잠원로 94 한신빌딩 2,3,지하1층 (잠원동, 한신빌딩) ",4,FALSE,TRUE,TRUE,TRUE,TRUE,06520,수도권,127.006845119825,37.5127288106482,11_650
김용훈산부인과의원,의원,02-522-9988,02-522-9988,서울특별시,서초구,서울특별시 서초구 방배로 144 (방배동),0,FALSE,FALSE,FALSE,FALSE,FALSE,06664,수도권,126.994619812547,37.4866737702226,11_650
의료법인삼광의료재단삼광의원,의원,02-3497-5731,02-3497-5260,서울특별시,서초구,서울특별시 서초구 바우뫼로41길 57 삼광빌딩 (양재동),1,TRUE,FALSE,FALSE,FALSE,FALSE,06742,수도권,127.040170577674,37.4829236440761,11_650
반포서래여성의원,의원,02-3443-7377,02-3443-7377,서울특별시,서초구,서울특별시 서초구 반포대로 291 원베일리 스퀘어 4층 415호 (반포동) ,0,FALSE,FALSE,FALSE,FALSE,FALSE,06506,수도권,126.999480997797,37.5049020694443,11_650
의료법인명경의료재단메디플라워헬스케어의원,의원,02-3475-7100,02-3475-7000,서울특별시,서초구,"서울특별시 서초구 서초중앙로 110 3~5층 (서초동, 서초동롯데캐슬메디치) ",5,TRUE,TRUE,TRUE,TRUE,TRUE,06634,수도권,127.014522584596,37.4915904303325,11_650
본산부인과의원,의원,02-822-0110,02-822-0110,서울특별시,서초구,서울특별시 서초구 사평대로26길 40 지층 (반포동),0,FALSE,FALSE,FALSE,FALSE,FALSE,06577,수도권,126.998912893897,37.498314991796,11_650
플로체여성의원,의원,02-514-1454,02-514-1454,서울특별시,서초구,서울특별시 서초구 강남대로 475 4층 (반포동) ,0,FALSE,FALSE,FALSE,FALSE,FALSE,06541,수도권,127.023896898208,37.5047497261489,11_650
의료법인녹십자의료재단녹십자아이메드강남의원,의원,02-1644-0808,02-2034-0500,서울특별시,서초구,"서울특별시 서초구 서초대로38길 12 4,5층 (서초동, 마제스타시티 타워원)",5,TRUE,TRUE,TRUE,TRUE,TRUE,06655,수도권,127.005381592272,37.4904950346372,11_650
현산부인과의원,의원,02-584-3800,02-584-3800,서울특별시,서초구,서울특별시 서초구 방배로 127 3층 (방배동) ,0,FALSE,FALSE,FALSE,FALSE,FALSE,06682,수도권,126.994860973768,37.4852579365619,11_650
아이수산부인과의원,의원,02-3483-2256,02-3483-2255,서울특별시,서초구,"서울특별시 서초구 동작대로 108 303,302,B208,B208-1호 (방배동, 디오슈페리움2)",0,FALSE,FALSE,FALSE,FALSE,FALSE,06568,수도권,126.982616599369,37.4860911031957,11_650
남재현프렌닥터내과의원,내과의원,02-556-0365,02-556-0365,서울특별시,서초구,"서울특별시 서초구 남부순환로350길 36 3층,4층 (양재동, 프렌닥터빌딩)",5,TRUE,TRUE,TRUE,TRUE,TRUE,06736,수도권,127.036215443199,37.4832944262439,11_650
연세서내과의원,내과의원,02-593-9200,02-593-7583,서울특별시,서초구,"서울특별시 서초구 잠원로4길 33-2 잠원동 스타빌딩 302호, 303호일부호 (잠원동)",3,TRUE,FALSE,TRUE,TRUE,FALSE,06519,수도권,127.010659840374,37.5128156550848,11_650
오현숙내과의원,내과의원,02-523-5588,02-523-5588,서울특별시,서초구,"서울특별시 서초구 효령로 229 2층 (서초동, 서울빌딩)",2,TRUE,FALSE,TRUE,FALSE,FALSE,06671,수도권,127.009102887991,37.4838725773152,11_650
연세가정의학과의원,의원,02-3463-7114,02-3463-7114,서울특별시,서초구,"서울특별시 서초구 강남대로 381 303호 (서초동, 두산베어스텔)",3,TRUE,TRUE,TRUE,FALSE,FALSE,06620,수도권,127.027693858427,37.4966853439159,11_650
서초구보건소,보건기관,02-2155-8000,02-2155-6114,서울특별시,서초구,서울특별시 서초구 남부순환로 2584 (서초동),1,TRUE,FALSE,FALSE,FALSE,FALSE,06750,수도권,127.032683002019,37.4836248649455,11_650
서초아가페의원,의원,02-591-3056,02-591-3056,서울특별시,서초구,"서울특별시 서초구 고무래로 90-7 서초쇼핑 201호, 202호 일부호 (서초동) ",1,TRUE,FALSE,FALSE,FALSE,FALSE,06602,수도권,127.01745084134,37.4999223644377,11_650
이승남강남베스트의원,의원,02-592-4560,592-4560,서울특별시,서초구,서울특별시 서초구 서초대로 250 6층 (일부) (서초동) ,4,TRUE,TRUE,TRUE,TRUE,FALSE,06647,수도권,127.00917409245,37.4919758770796,11_650
한일의원,의원,02-523-7505,02-523-7505,서울특별시,서초구,서울특별시 서초구 방배천로 5-3 (방배동),1,TRUE,FALSE,FALSE,FALSE,FALSE,06693,수도권,126.982257596187,37.4770492449913,11_650
방배우리내과의원,내과의원,02-582-7717,02-582-7717,서울특별시,서초구,"서울특별시 서초구 방배로 115 1층 (방배동, 방배병원)",5,TRUE,TRUE,TRUE,TRUE,TRUE,06682,수도권,126.995405446305,37.4843920898738,11_650
장은진산부인과의원,의원,02-571-1516,02-571-1516,서울특별시,서초구,서울특별시 서초구 남부순환로350길 4 3층 (양재동),0,FALSE,FALSE,FALSE,FALSE,FALSE,06736,수도권,127.035178453308,37.484338107457,11_650
봄내과의원,내과의원,02-571-9155,571-9155,서울특별시,서초구,"서울특별시 서초구 매헌로 34 3층 (양재동, 한일빌딩)",2,TRUE,TRUE,FALSE,FALSE,FALSE,06770,수도권,127.034788800906,37.4640358539535,11_650
메디스캔의원,의원,02-525-5775,02-525-5775,서울특별시,서초구,서울특별시 서초구 강남대로 369 에이플러스에셋타워 20층 (서초동),5,TRUE,TRUE,TRUE,TRUE,TRUE,06621,수도권,127.028208465188,37.4956734817567,11_650
현진해내과의원,내과의원,02-3473-6611,02-3473-6611,서울특별시,서초구,"서울특별시 서초구 효령로 334 지하1층,2,3,4층 (서초동, 현빌딩)",5,TRUE,TRUE,TRUE,TRUE,TRUE,06721,수도권,127.020729954041,37.4859010813782,11_650
정가정의원,의원,02-575-8608,02-575-8608,서울특별시,서초구,"서울특별시 서초구 남부순환로 2614 305호 (양재동, 한솔로이젠트)",3,TRUE,TRUE,TRUE,FALSE,FALSE,06737,수도권,127.036674496114,37.4844741553292,11_650
성모신사랑내과의원,내과의원,02-6083-7582,02-6083-7582,서울특별시,서초구,서울특별시 서초구 서초대로 13 방배 마에스트로 3층 (방배동),3,TRUE,TRUE,TRUE,FALSE,FALSE,06569,수도권,126.983849087155,37.4859076526233,11_650
지앤산부인과의원,의원,02-584-2888,584-2888,서울특별시,서초구,서울특별시 서초구 서초대로 304 5층 (서초동) ,0,FALSE,FALSE,FALSE,FALSE,FALSE,06634,수도권,127.014938920796,37.4937956837295,11_650
서초서울삼성내과의원,내과의원,02-584-7751,02-584-7751,서울특별시,서초구,"서울특별시 서초구 사임당로 38 2층 201호 (서초동, 큐브플러스)",3,TRUE,TRUE,TRUE,FALSE,FALSE,06651,수도권,127.014262743844,37.4880750904502,11_650
아이투비산부인과의원,의원,02-532-6400,02-532-6400,서울특별시,서초구,"서울특별시 서초구 방배로 234 지1층,2~5층 (방배동, 우신빌딩)",1,FALSE,FALSE,FALSE,FALSE,TRUE,06584,수도권,126.989910590285,37.4941611953765,11_650
에이린산부인과의원,의원,02-534-1131,02-534-1131,서울특별시,서초구,"서울특별시 서초구 강남대로 435 5층-사용6층 (서초동, 주류성빌딩)",0,FALSE,FALSE,FALSE,FALSE,FALSE,06612,수도권,127.025561030522,37.5011776111829,11_650
로앤산부인과의원,의원,02-532-6640,02-532-9000,서울특별시,서초구,서울특별시 서초구 강남대로 403 343빌딩 6층 (서초동) ,0,FALSE,FALSE,FALSE,FALSE,FALSE,06615,수도권,127.026815711545,37.4984575559368,11_650
이나영내과의원,내과의원,02-594-0987,02-594-0987,서울특별시,서초구,서울특별시 서초구 잠원로 24 (반포동),3,TRUE,TRUE,TRUE,FALSE,FALSE,06544,수도권,127.009873208557,37.5071156980651,11_650
가야내과의원,내과의원,02-537-1121,02-537-1121,서울특별시,서초구,"서울특별시 서초구 방배로 225 성은빌딩 3,6층 (방배동) ",5,TRUE,TRUE,TRUE,TRUE,TRUE,06561,수도권,126.989783057865,37.493164129969,11_650
서울자이의원,의원,02-591-3311,02-591-3311,서울특별시,서초구,"서울특별시 서초구 사평대로45길 10-25 402호 (반포동, 베리스타운) ",0,FALSE,FALSE,FALSE,FALSE,FALSE,06544,수도권,127.013953666134,37.5066316270124,11_650
마린산부인과의원,의원,02-516-5530,02-516-5530,서울특별시,서초구,서울특별시 서초구 강남대로 535 프린스빌딩 (반포동),0,FALSE,FALSE,FALSE,FALSE,FALSE,06535,수도권,127.021598701287,37.5096090184365,11_650
김현영산부인과의원,의원,02-534-3091,02-534-3091,서울특별시,서초구,서울특별시 서초구 동작대로 120 성산빌딩 504호 (방배동),0,FALSE,FALSE,FALSE,FALSE,FALSE,06568,수도권,126.982708256783,37.4872512547438,11_650
동화산부인과의원,의원,02-6265-6000,02-6265-6000,서울특별시,서초구,서울특별시 서초구 서초중앙로 113 영한빌딩 7층 (서초동),0,FALSE,FALSE,FALSE,FALSE,FALSE,06644,수도권,127.013739238815,37.4918702868207,11_650
조은연세산부인과의원,의원,02-501-7307,501-7307,서울특별시,서초구,"서울특별시 서초구 강남대로 359 301호 (서초동, 대우도씨에빛2)",0,FALSE,FALSE,FALSE,FALSE,FALSE,06621,수도권,127.02860980273,37.4947989581217,11_650
재단법인정해산업보건연구소중앙의원,의원,02-516-4126,02-516-4126,서울특별시,서초구,서울특별시 서초구 강남대로101안길 36 2층 (잠원동),0,FALSE,FALSE,FALSE,FALSE,FALSE,06525,수도권,127.016827159128,37.5160744993316,11_650
백지영여성의원,의원,02-535-5358,02-535-5358,서울특별시,서초구,서울특별시 서초구 고무래로 32 반포트라이엄프메딕스빌딩 501호 (반포동),0,FALSE,FALSE,FALSE,FALSE,FALSE,06599,수도권,127.012154473385,37.5024216076756,11_650
한현주여성의원,의원,02-574-1994,02-574-1994,서울특별시,서초구,"서울특별시 서초구 태봉로 70 5층 (우면동, 우면프라자)",0,FALSE,FALSE,FALSE,FALSE,FALSE,06764,수도권,127.025583027818,37.4645381767935,11_650
메디테라내과의원,내과의원,02-3471-5800,02-3471-5800,서울특별시,서초구,서울특별시 서초구 효령로 190 비선빌딩 3층 (서초동),5,TRUE,TRUE,TRUE,TRUE,TRUE,06708,수도권,127.005063878399,37.4825295056019,11_650
연세박세진의원,의원,02-593-3606,02-593-3606,서울특별시,서초구,서울특별시 서초구 서래로 50 한영빌딩 2층 (반포동) ,1,TRUE,FALSE,FALSE,FALSE,FALSE,06577,수도권,126.99845757986,37.4995524287657,11_650
클로버산부인과의원,의원,02-6402-3434,02-6402-3434,서울특별시,서초구,서울특별시 서초구 강남대로 589 14층 (잠원동),0,FALSE,FALSE,FALSE,FALSE,FALSE,06526,수도권,127.019386390307,37.5144406772564,11_650
이화양내과의원,내과의원,02-595-7505,02-595-7505,서울특별시,서초구,서울특별시 서초구 잠원로4길 50 메이플 자이 근린생활시설 2동 307~310호 (잠원동) ,3,TRUE,TRUE,TRUE,FALSE,FALSE,06522,수도권,127.011981173143,37.512777866474,11_650
최상산부인과의원,의원,02-565-0505,02-565-0505,서울특별시,서초구,"서울특별시 서초구 서초대로 351 B1,4~8층 (서초동) ",0,FALSE,FALSE,FALSE,FALSE,FALSE,06607,수도권,127.019673324402,37.4957952255278,11_650
연세더블유산부인과의원,의원,02-587-2330,02-587-2330,서울특별시,서초구,"서울특별시 서초구 반포대로 111 보광빌딩 4,5층 (서초동)",0,FALSE,FALSE,FALSE,FALSE,FALSE,06656,수도권,127.008214298212,37.4899816577055,11_650
차인혜내과의원,내과의원,02-3481-1919,02-3481-1919,서울특별시,서초구,"서울특별시 서초구 방배로 174 2층 (방배동, 태창빌딩)",5,TRUE,TRUE,TRUE,TRUE,TRUE,06586,수도권,126.993061030072,37.4891828159505,11_650
강남헬스케어의원,의원,02-530-9761,02-530-9761,서울특별시,서초구,"서울특별시 서초구 강남대로 465 3층 (서초동, 교보타워)",1,TRUE,FALSE,FALSE,FALSE,FALSE,06611,수도권,127.024109539913,37.5037560541254,11_650
연세내과의원,내과의원,02-511-0550,02-511-0550,서울특별시,서초구,"서울특별시 서초구 강남대로 521-4 (반포동, 태영빌딩)",4,TRUE,TRUE,TRUE,TRUE,FALSE,06536,수도권,127.022121821244,37.508504740337,11_650
강남권산부인과의원,의원,02-555-7866,02-555-7866,서울특별시,서초구,서울특별시 서초구 서초대로77길 55 에이프로 스퀘어 5층 (서초동) ,0,FALSE,FALSE,FALSE,FALSE,FALSE,06611,수도권,127.024465815419,37.5021008334827,11_650
휴먼영상의학과의원,의원,02-3014-3601,3014-3601,서울특별시,서초구,"서울특별시 서초구 강남대로 621 3층 (잠원동, K타워)",3,TRUE,FALSE,TRUE,FALSE,TRUE,06524,수도권,127.018788592522,37.5171318016078,11_650
레이나산부인과의원,의원,02-537-5200,02-537-5200,서울특별시,서초구,"서울특별시 서초구 신반포로 257 5층 (잠원동, 뉴타운)",0,FALSE,FALSE,FALSE,FALSE,FALSE,06523,수도권,127.011935946175,37.5086202759588,11_650
모인호내과의원,내과의원,02-532-6518,02-532-6518,서울특별시,서초구,"서울특별시 서초구 신반포로 205 반포쇼핑타운 6동 4층 401~403, 417~419호 (잠원동) ",5,TRUE,TRUE,TRUE,TRUE,TRUE,06512,수도권,127.006460397501,37.5070244820045,11_650
푸른내과의원,내과의원,02-525-7581,02-525-7581,서울특별시,서초구,서울특별시 서초구 남부순환로347길 101 5층 (서초동),4,TRUE,TRUE,TRUE,TRUE,FALSE,06728,수도권,127.029849245333,37.4887143289998,11_650
서초하나산부인과의원,의원,02-3474-3700,02-3474-3700,서울특별시,서초구,서울특별시 서초구 서초중앙로 36 준영빌딩 5층 501호 (서초동),0,FALSE,FALSE,FALSE,FALSE,FALSE,06643,수도권,127.016208730523,37.48556823488,11_650
필메디스의원,의원,02-588-2400,02-588-2400,서울특별시,서초구,"서울특별시 서초구 효령로 403 501~509,510호의 일부호 (서초동) ",1,TRUE,FALSE,FALSE,FALSE,FALSE,06630,수도권,127.027749222342,37.4889155854441,11_650
서이드림내과의원,내과의원,02-2135-6601,02-2135-6601,서울특별시,서초구,서울특별시 서초구 사임당로 157 4층 408.409호 (서초동),5,TRUE,TRUE,TRUE,TRUE,TRUE,06625,수도권,127.026807575667,37.4924645110926,11_650
연세휴가정의학과의원,의원,02-3472-7582,02-3472-7582,서울특별시,서초구,"서울특별시 서초구 사임당로 158 리더스원 상가 208,223-1,302,304호 (서초동) ",1,TRUE,FALSE,FALSE,FALSE,FALSE,06629,수도권,127.027176779785,37.4918503001644,11_650
하이연세산부인과의원,의원,02-545-3500,010-9030-4765,서울특별시,서초구,"서울특별시 서초구 서초대로77길 3 아라타워 205,206,207,208,210,211,212호 (서초동) ",0,FALSE,FALSE,FALSE,FALSE,FALSE,06615,수도권,127.026504807476,37.4980609129976,11_650
연세미시간산부인과의원,의원,02-6254-3366,02-6254-3366,서울특별시,서초구,서울특별시 서초구 사임당로 180 보원빌딩 2층 202호 (서초동),0,FALSE,FALSE,FALSE,FALSE,FALSE,06627,수도권,127.029267185467,37.4925789859992,11_650
독일의원,의원,02-591-1912,02-591-1912,서울특별시,서초구,서울특별시 서초구 서래로5길 6 (반포동),0,FALSE,FALSE,FALSE,FALSE,FALSE,06576,수도권,126.997918868487,37.4979537649965,11_650
승기배내과의원,내과의원,02-6952-6951,02-6952-6951,서울특별시,서초구,"서울특별시 서초구 서초대로 277 기영빌딩(1층전체, 2층) 1~2층 (서초동) ",4,TRUE,TRUE,TRUE,TRUE,FALSE,06596,수도권,127.011892493752,37.4935137441544,11_650
청계내과의원,내과의원,02-572-5858,02-572-5858,서울특별시,서초구,"서울특별시 서초구 청계산로9길 70 내곡 SH플라자 2층 204,205호 (내곡동)",4,TRUE,TRUE,TRUE,TRUE,FALSE,06800,수도권,127.059796702239,37.4534623774845,11_650
서초리한산부인과의원,의원,02-592-1688,02-592-1688,서울특별시,서초구,"서울특별시 서초구 서초대로 309 장안빌딩 6층 가,나호 (서초동) ",0,FALSE,FALSE,FALSE,FALSE,FALSE,06606,수도권,127.015338795915,37.4944625578805,11_650
강남탑내과의원,내과의원,02-1660-1776,1660-1776,서울특별시,서초구,서울특별시 서초구 효령로 431 서초동 청화오피스텔 2층 (서초동) ,5,TRUE,TRUE,TRUE,TRUE,TRUE,06628,수도권,127.030652556058,37.489649639656,11_650
방배연내과의원,내과의원,02-522-9792,02-522-9792,서울특별시,서초구,서울특별시 서초구 방배로 83 방배센트럴빌딩 6층 (방배동),4,TRUE,TRUE,TRUE,TRUE,FALSE,06686,수도권,126.997007580557,37.4818646316946,11_650
서초엘산부인과의원,의원,02-522-3375,02-522-3375,서울특별시,서초구,서울특별시 서초구 사임당로 158 리더스원 상가 5층 503호 (서초동),0,FALSE,FALSE,FALSE,FALSE,FALSE,06629,수도권,127.027176779785,37.4918503001644,11_650
랑뜨산부인과의원,의원,02-535-4635,02-535-4635,서울특별시,서초구,서울특별시 서초구 강남대로 463 리젠메디컬타워 5층 (서초동),0,FALSE,FALSE,FALSE,FALSE,FALSE,06611,수도권,127.024446802561,37.5034475706091,11_650
서초보건지소,보건기관,02-2155-8262,02-2155-8261,서울특별시,서초구,"서울특별시 서초구 서초대로38길 12 101동 1층 (서초동, 마제스타시티, 힐스테이트 서리풀)",0,FALSE,FALSE,FALSE,FALSE,FALSE,06655,수도권,127.005381592272,37.4904950346372,11_650
대항병원,병원,02-6388-8114,02-6388-8114,서울특별시,서초구,서울특별시 서초구 남부순환로 2151 (방배동) ,5,TRUE,TRUE,TRUE,TRUE,TRUE,06699,수도권,126.987740199474,37.4756666208059,11_650
이수리더스내과의원,내과의원,02-599-8288,02-599-8288,서울특별시,서초구,서울특별시 서초구 동작대로 114 (재)원불교 유문빌딩 3층 (방배동),5,TRUE,TRUE,TRUE,TRUE,TRUE,06568,수도권,126.982679310439,37.4867629041126,11_650
기쁨삼성내과의원,내과의원,02-6238-7575,02-6238-7575,서울특별시,서초구,"서울특별시 서초구 서초대로 3-4 403,408호 (방배동, 방배디오슈페리움1)",5,TRUE,TRUE,TRUE,TRUE,TRUE,06568,수도권,126.983083699338,37.4860317945544,11_650
제인산부인과의원,의원,02-595-6675,02-595-6675,서울특별시,서초구,서울특별시 서초구 동작대로 114 (재)원불교 유문빌딩 2층 (방배동),0,FALSE,FALSE,FALSE,FALSE,FALSE,06568,수도권,126.982679310439,37.4867629041126,11_650
서초바른내과의원,내과의원,02-532-7772,02-532-7772,서울특별시,서초구,서울특별시 서초구 서초대로 323 삼풍프라자 3층 (서초동),4,TRUE,TRUE,TRUE,TRUE,FALSE,06606,수도권,127.016812452546,37.4948845692016,11_650
서울장편한내과의원,내과의원,02-534-3100,02-534-3100,서울특별시,서초구,서울특별시 서초구 고무래로 26 쌍동빌딩 3층 (반포동),4,TRUE,TRUE,TRUE,TRUE,FALSE,06593,수도권,127.011242817338,37.5023470946819,11_650
서초엔도내과의원,내과의원,02-6677-2223,02-6677-2222,서울특별시,서초구,서울특별시 서초구 사임당로 158 리더스원 상가 307호 (서초동),5,TRUE,TRUE,TRUE,TRUE,TRUE,06629,수도권,127.027176779785,37.4918503001644,11_650
서울웰빙유외과의원,의원,02-535-8700,02-535-8700,서울특별시,서초구,서울특별시 서초구 고무래로 32 반포트라이엄프메딕스빌딩 2층 201호 (반포동),1,FALSE,FALSE,FALSE,FALSE,TRUE,06599,수도권,127.012154473385,37.5024216076756,11_650
쑥쑥재활의학과의원,의원,02-521-7588,02-521-7588,서울특별시,서초구,"서울특별시 서초구 방배로 43 TJ빌딩 지하1,지상2층 (방배동)",0,FALSE,FALSE,FALSE,FALSE,FALSE,06703,수도권,126.999255969957,37.478552467503,11_650
더독한내과의원,내과의원,02-585-9117,02-585-9117,서울특별시,서초구,서울특별시 서초구 효령로 403 서초그랑자이상가 419~422호 (서초동),4,TRUE,TRUE,TRUE,TRUE,FALSE,06630,수도권,127.027749222342,37.4889155854441,11_650
이해와공감 산부인과의원,의원,02-514-2020,02-514-2020,서울특별시,서초구,서울특별시 서초구 강남대로 543 국전빌딩 1층 (반포동),0,FALSE,FALSE,FALSE,FALSE,FALSE,06535,수도권,127.021248744999,37.510364123748,11_650
차민성형외과의원,의원,02-516-0120,02-517-0120,서울특별시,서초구,"서울특별시 서초구 강남대로 503 청하빌딩 4, 5, 6층 (반포동) ",4,TRUE,TRUE,TRUE,TRUE,FALSE,06536,수도권,127.02281904918,37.5068586518937,11_650
강남에스터산부인과의원,의원,02-511-7999,02-511-7999,서울특별시,서초구,서울특별시 서초구 사평대로 373 5층 (반포동),0,FALSE,FALSE,FALSE,FALSE,FALSE,06541,수도권,127.023933493933,37.5046005122475,11_650
참나은내과의원,내과의원,02-3486-8275,02-3486-8275,서울특별시,서초구,"서울특별시 서초구 효령로 120 4,5층 (방배동)",5,TRUE,TRUE,TRUE,TRUE,TRUE,06695,수도권,126.997496374984,37.4810800444621,11_650
서리풀성모여성의원,의원,02-585-4283,02-585-4283,서울특별시,서초구,서울특별시 서초구 방배로 98 나우빌딩 3층 (방배동) ,0,FALSE,FALSE,FALSE,FALSE,FALSE,06665,수도권,126.996881123714,37.4831447817279,11_650
성모라임가정의학과의원,의원,02-533-5513,010-6309-6380,서울특별시,서초구,서울특별시 서초구 서초대로 331 정우빌딩 5층 (서초동) ,1,TRUE,FALSE,FALSE,FALSE,FALSE,06607,수도권,127.017635977143,37.4951488946526,11_650
연세에이스내과의원,내과의원,02-6284-2046,02-6284-2046,서울특별시,서초구,서울특별시 서초구 서초중앙로 39 21세기 병원 5층 (서초동) ,5,TRUE,TRUE,TRUE,TRUE,TRUE,06654,수도권,127.015712528164,37.4852789881319,11_650
서울김내과의원,내과의원,02-573-5550,02-573-5550,서울특별시,서초구,서울특별시 서초구 논현로 63 한덕빌딩 1층 (양재동) ,1,TRUE,FALSE,FALSE,FALSE,FALSE,06775,수도권,127.04604996452,37.4758452428793,11_650
바로유외과의원,의원,02-599-8575,02-599-8575,서울특별시,서초구,서울특별시 서초구 반포대로 291 원베일리 스퀘어 2층 207~208호 (반포동) ,1,FALSE,FALSE,FALSE,FALSE,TRUE,06506,수도권,126.999480997797,37.5049020694443,11_650
연세제일내과의원,내과의원,02-6221-7775,02-6221-7775,서울특별시,서초구,서울특별시 서초구 반포대로 291 원베일리 스퀘어 3층 301~306호 (반포동) ,5,TRUE,TRUE,TRUE,TRUE,TRUE,06506,수도권,126.999480997797,37.5049020694443,11_650
이효진산부인과의원,의원,02-533-9214,02-533-9214,서울특별시,서초구,서울특별시 서초구 신반포로 219 반포쇼핑타운 4층 401~404호 (잠원동) ,0,FALSE,FALSE,FALSE,FALSE,FALSE,06512,수도권,127.008065342049,37.5075121874388,11_650
애플산부인과의원,의원,02-530-8500,02-530-8500,서울특별시,서초구,"서울특별시 서초구 서초대로77길 3 6층 (서초동, 아라타워) ",0,FALSE,FALSE,FALSE,FALSE,FALSE,06615,수도권,127.026504807476,37.4980609129976,11_650
강남르시엘여성의원,의원,02-529-0000,02-529-0000,서울특별시,서초구,"서울특별시 서초구 강남대로 206 2, 3층 (양재동) ",1,FALSE,FALSE,FALSE,FALSE,TRUE,06743,수도권,127.036507410115,37.4826683155589,11_650
서초봄산부인과의원,의원,02-536-5550,02-536-5550,서울특별시,서초구,서울특별시 서초구 잠원로 24 반포자이플라자 3층 305호 (반포동) ,0,FALSE,FALSE,FALSE,FALSE,FALSE,06544,수도권,127.009873208557,37.5071156980651,11_650
양철우내과의원,내과의원,02-2647-6904,02-581-1011,서울특별시,서초구,서울특별시 서초구 서초대로 250 스타갤러리브릿지 5층 (서초동) ,0,FALSE,FALSE,FALSE,FALSE,FALSE,06647,수도권,127.00917409245,37.4919758770796,11_650
이화내과의원,내과의원,02-532-1450,02-3478-2242,서울특별시,서초구,"서울특별시 서초구 서초대로 307 3층 (서초동, 장안빌딩) ",3,TRUE,TRUE,TRUE,FALSE,FALSE,06606,수도권,127.015132071979,37.4944061815038,11_650
이수큰길내과의원,내과의원,02-3482-0008,02-3482-0008,서울특별시,서초구,"서울특별시 서초구 동작대로 132 3층, 5층 (방배동, 안석빌딩) ",5,TRUE,TRUE,TRUE,TRUE,TRUE,06567,수도권,126.982769875077,37.4882579599705,11_650
정직한내과의원,내과의원,02-6248-0100,02-6248-0100,서울특별시,서초구,서울특별시 서초구 서초중앙로24길 10 316 TOWER 4층 (서초동) ,5,TRUE,TRUE,TRUE,TRUE,TRUE,06606,수도권,127.014858535596,37.4944415356967,11_650
성모닥터유외과의원,의원,02-588-6875,02-588-6875,서울특별시,서초구,서울특별시 서초구 신반포로 157 반포쇼핑타운 403호 (잠원동) ,1,FALSE,FALSE,FALSE,FALSE,TRUE,06512,수도권,127.001460546765,37.5055133936715,11_650
성모하나내과의원,내과의원,02-6254-3511,02-6254-3511,서울특별시,서초구,서울특별시 서초구 잠원로4길 50 메이플 자이 서관2 401~405호 (잠원동) ,5,TRUE,TRUE,TRUE,TRUE,TRUE,06522,수도권,127.011981173143,37.512777866474,11_650
김화내과의원,내과의원,02-537-1717,02-537-1717,서울특별시,서초구,"서울특별시 서초구 신반포로 219 8동 302호 (잠원동, 반포쇼핑) ",5,TRUE,TRUE,TRUE,TRUE,TRUE,06512,수도권,127.008065342049,37.5075121874388,11_650
블랑산부인과의원,의원,02-2039-7737,02-2039-7737,서울특별시,서초구,서울특별시 서초구 강남대로 483 청호빌딩 4층 (반포동) ,0,FALSE,FALSE,FALSE,FALSE,FALSE,06541,수도권,127.023648945463,37.5053254283579,11_650
연세대학교의과대학 강남세브란스병원,종합병원,02-2019-3114,02-2019-3114,서울특별시,강남구,서울특별시 강남구 언주로 211 강남세브란스병원 (도곡동),0,FALSE,FALSE,FALSE,FALSE,FALSE,06273,수도권,127.04631039276,37.4928059943729,11_680
차의과학대학교 강남차병원,종합병원,02-3468-3000,02-3468-3000,서울특별시,강남구,"서울특별시 강남구 논현로 566 강남차병원(역삼동650-9, 606-4, 605외2필지(지하7층~지하1층, 지상2층~7층)) (역삼동)",5,TRUE,TRUE,TRUE,TRUE,TRUE,06135,수도권,127.034714418284,37.5070324421316,11_680
강남베드로병원,종합병원,-1544-7522,1544-7522,서울특별시,강남구,서울특별시 강남구 남부순환로 2649 베드로병원 (도곡동) ,5,TRUE,TRUE,TRUE,TRUE,TRUE,06271,수도권,127.039585419907,37.4856105587478,11_680
윤호병원,병원,02-512-0500,02-512-0500,서울특별시,강남구,"서울특별시 강남구 압구정로 304 윤호병원 (지하1층,지하2층,1층~4층,7층)  (신사동) ",0,FALSE,FALSE,FALSE,FALSE,FALSE,06017,수도권,127.034414086692,37.5288443792735,11_680
광혜병원,병원,02-564-0766,02-538-7111,서울특별시,강남구,"서울특별시 강남구 영동대로86길 9 (대치동, 지하1~2층,2~7층)",5,TRUE,TRUE,TRUE,TRUE,TRUE,06174,수도권,127.064771981255,37.508136490079,11_680
호산여성병원,병원,02-546-3493,02-546-3493,서울특별시,강남구,서울특별시 강남구 언주로 871 호산병원 (신사동) ,1,FALSE,FALSE,FALSE,FALSE,TRUE,06023,수도권,127.033354132164,37.5285677154605,11_680
선한목자병원,병원,02-557-6162,02-557-1004,서울특별시,강남구,"서울특별시 강남구 논현로 507 (역삼동, 성지하이츠3차빌딩 2층,3층일부)",5,TRUE,TRUE,TRUE,TRUE,TRUE,06132,수도권,127.036157208818,37.5015784938059,11_680
튼튼병원,병원,-1899-7775,02-1588-7562,서울특별시,강남구,"서울특별시 강남구 영동대로 713 B1~6층, 7층일부,8층 (청담동)",5,TRUE,TRUE,TRUE,TRUE,TRUE,06072,수도권,127.055749348567,37.5213073708446,11_680
강남을지대학교병원,병원,-1899-0001,1899-0001,서울특별시,강남구,서울특별시 강남구 도산대로 202 강남을지병원 B2~9층 (논현동) ,4,TRUE,TRUE,FALSE,TRUE,TRUE,06047,수도권,127.028627227383,37.5194081037449,11_680
모두가행복한연세병원,병원,02-1600-2959,02-1600-2959,서울특별시,강남구,"서울특별시 강남구 선릉로 751 카로시티Ⅲ 지하1층, 지상1층~7층 (논현동) ",1,TRUE,FALSE,FALSE,FALSE,FALSE,06055,수도권,127.039228689602,37.5217063100166,11_680
강남제이에스병원,병원,02-533-3600,02-533-3600,서울특별시,강남구,서울특별시 강남구 도곡로 122 제이에스빌딩 (도곡동) ,1,TRUE,FALSE,FALSE,FALSE,FALSE,06259,수도권,127.033722299153,37.4899230700564,11_680
비에비스나무병원,병원,-1577-7502,1577-7502,서울특별시,강남구,"서울특별시 강남구 논현로 627 유현빌딩 지하2,1~9,12층 (논현동) ",5,TRUE,TRUE,TRUE,TRUE,TRUE,06117,수도권,127.032357709285,37.5095608802296,11_680
메드렉스병원,병원,02-6011-6000,02-6011-6000,서울특별시,강남구,서울특별시 강남구 논현로 705 메드렉스병원 (논현동) ,4,TRUE,TRUE,TRUE,TRUE,FALSE,06046,수도권,127.029976515577,37.5148984268352,11_680
강남유나이티드병원,병원,-1644-0075,02-1644-0075,서울특별시,강남구,"서울특별시 강남구 남부순환로 2609 하늘빌딩, 7~12층 (도곡동) (도곡동) ",5,TRUE,TRUE,TRUE,TRUE,TRUE,06267,수도권,127.035096207425,37.4849629812617,11_680
강남지인병원,병원,02-6985-4119,02-6985-4119,서울특별시,강남구,서울특별시 강남구 언주로 631 강남지인병원 지하2층. 2~6층 (논현동) ,5,TRUE,TRUE,TRUE,TRUE,TRUE,06106,수도권,127.03506818071,37.5128025510754,11_680
새로운병원,병원,-1577-0212,1577-0212,서울특별시,강남구,서울특별시 강남구 학동로 121 새로운병원빌딩 지하1층일부~7층 (논현동),1,TRUE,FALSE,FALSE,FALSE,FALSE,06044,수도권,127.024309875094,37.5122605080308,11_680
(의)가산의료재단 광동병원,병원,02-2222-4888,2222-4888,서울특별시,강남구,서울특별시 강남구 봉은사로 612 (삼성동) ,5,TRUE,TRUE,TRUE,TRUE,TRUE,06170,수도권,127.062146778337,37.5142810376461,11_680
세실내과의원,내과의원,02-3442-2891,02-3442-2891,서울특별시,강남구,"서울특별시 강남구 압구정로36길 7 3층일부, 4층 (신사동)",3,TRUE,TRUE,TRUE,FALSE,FALSE,06023,수도권,127.031675252376,37.5280561383743,11_680
미녀사랑산부인과의원,의원,02-2052-2010,02-2052-2010,서울특별시,강남구,서울특별시 강남구 논현로85길 11 7층 (역삼동) ,0,FALSE,FALSE,FALSE,FALSE,FALSE,06237,수도권,127.036459837328,37.4990083711812,11_680
이정균내과의원,내과의원,02-567-6226,02-567-6226,서울특별시,강남구,"서울특별시 강남구 도곡로 458 3,4층 (대치동)",3,TRUE,TRUE,TRUE,FALSE,FALSE,06279,수도권,127.060454108584,37.4983399836131,11_680
이형복산부인과의원,의원,02-544-2600,544-2600,서울특별시,강남구,"서울특별시 강남구 학동로 313 지하1층, 2층 (논현동) ",2,TRUE,FALSE,TRUE,FALSE,FALSE,06061,수도권,127.037439201501,37.5162618583468,11_680
윤앤정내과의원,내과의원,02-562-6627,02-562-6627,서울특별시,강남구,"서울특별시 강남구 삼성로 225 203호 (대치동, 아주빌딩)",4,TRUE,TRUE,TRUE,TRUE,FALSE,06279,수도권,127.061420512283,37.497188179222,11_680
인터케어내과의원,내과의원,-1588-1018,2006-9171,서울특별시,강남구,서울특별시 강남구 테헤란로 322 한신인터밸리24 4층 501호 (역삼동) ,5,TRUE,TRUE,TRUE,TRUE,TRUE,06211,수도권,127.046582379785,37.5032355765545,11_680
이관우내과의원,내과의원,02-3411-0588,02-3411-0588,서울특별시,강남구,서울특별시 강남구 일원로 35 남경빌딩 2층 (일원동),2,TRUE,TRUE,FALSE,FALSE,FALSE,06343,수도권,127.081185718726,37.4906385440651,11_680
아이엠씨강남의원,의원,02-523-7200,02-523-7200,서울특별시,강남구,서울특별시 강남구 도산대로 107 지하1층 (신사동) ,3,FALSE,TRUE,TRUE,FALSE,TRUE,06035,수도권,127.02010810325,37.5167802830689,11_680
자모내과의원,내과의원,02-3411-7733,3411-7733,서울특별시,강남구,서울특별시 강남구 일원로 95 신영프라자 302호 (일원동) ,0,FALSE,FALSE,FALSE,FALSE,FALSE,06351,수도권,127.083524202025,37.4857363331786,11_680
청담마리산부인과의원,의원,02-2156-9200,02-2156-9200,서울특별시,강남구,서울특별시 강남구 삼성로 712 (청담동) ,2,TRUE,FALSE,FALSE,FALSE,TRUE,06074,수도권,127.0501549801,37.5197192484557,11_680
재단법인한국의학연구소강남의원,의원,02-3496-3300,02-3496-3300,서울특별시,강남구,"서울특별시 강남구 테헤란로 411 성담빌딩 2,3,4,5층일부,6,7,8,9,10,11층 일부 2~11층 (삼성동)",5,TRUE,TRUE,TRUE,TRUE,TRUE,06160,수도권,127.050863180985,37.5054936224827,11_680
강남하트스캔의원,의원,02-564-3070,564-3070,서울특별시,강남구,서울특별시 강남구 테헤란로114길 38 동일타워 지하1층 (대치동) ,5,TRUE,TRUE,TRUE,TRUE,TRUE,06176,수도권,127.066992963064,37.5071243239638,11_680
황경희산부인과의원,의원,02-508-5856,508-5856,서울특별시,강남구,서울특별시 강남구 논현로 428 정진빌딩 202호 (역삼동) ,0,FALSE,FALSE,FALSE,FALSE,FALSE,06223,수도권,127.038463288155,37.4985317342571,11_680
소화의원,의원,02-563-6108,563-6108,서울특별시,강남구,서울특별시 강남구 역삼로 243 델타빌딩 2층 (역삼동) ,0,FALSE,FALSE,FALSE,FALSE,FALSE,06225,수도권,127.042818124165,37.4978558328592,11_680
정산부인과의원,의원,02-3411-3275,02-3411-3275,서울특별시,강남구,"서울특별시 강남구 개포로 615 201-3호 (개포동, 석탑프라자)",0,FALSE,FALSE,FALSE,FALSE,FALSE,06335,수도권,127.07558248914,37.4926580850327,11_680
아델산부인과의원,의원,02-578-4412,02-578-4412,서울특별시,강남구,서울특별시 강남구 논현로 64 4층 (개포동),0,FALSE,FALSE,FALSE,FALSE,FALSE,06312,수도권,127.046877547541,37.4758989780329,11_680
문찬수압구정성모내과의원,내과의원,02-518-6080,02-518-6080,서울특별시,강남구,서울특별시 강남구 압구정로14길 6 2층 (신사동) ,5,TRUE,TRUE,TRUE,TRUE,TRUE,06029,수도권,127.022980226111,37.523858489259,11_680
노원재산부인과의원,의원,02-571-0365,02-886-9955,서울특별시,강남구,서울특별시 강남구 강남대로 238 스카이쏠라빌딩 7층 (도곡동),0,FALSE,FALSE,FALSE,FALSE,FALSE,06267,수도권,127.034757121285,37.4849665053325,11_680
미래와희망산부인과의원,의원,02-3446-0011,02-3446-0011,서울특별시,강남구,서울특별시 강남구 언주로 707 지하1층~11층 (논현동),2,TRUE,FALSE,FALSE,FALSE,TRUE,06053,수도권,127.035010848828,37.5162231391472,11_680
유미정산부인과의원,의원,02-3461-9907,02-3461-9907,서울특별시,강남구,서울특별시 강남구 강남대로 248 목원빌딩 4층 (도곡동) ,0,FALSE,FALSE,FALSE,FALSE,FALSE,06266,수도권,127.033915562524,37.4857136858072,11_680
강남우리집의원,의원,02-2291-8885,2291-8885,서울특별시,강남구,서울특별시 강남구 개포로 229 정원빌딩 2층 4호 (개포동) ,4,TRUE,TRUE,TRUE,TRUE,FALSE,06306,수도권,127.047774576768,37.4790193552171,11_680
(의)미래의료재단리드림의원,의원,02-540-0001,02-540-0001,서울특별시,강남구,"서울특별시 강남구 테헤란로 513 (삼성동, B1일부,4,9,10층,테헤란로81길10,B1일부,삼성로92길29,3,4)",5,TRUE,TRUE,TRUE,TRUE,TRUE,06169,수도권,127.058887185824,37.5080031582356,11_680
이혜미산부인과의원,의원,02-508-4693,508-4693,서울특별시,강남구,서울특별시 강남구 테헤란로 403 리치타워 301호 (삼성동) ,0,FALSE,FALSE,FALSE,FALSE,FALSE,06162,수도권,127.049510713015,37.5050855011158,11_680
박선혜산부인과의원,의원,02-3411-3070,02-3411-3070,서울특별시,강남구,"서울특별시 강남구 양재대로55길 7 지하1층,4층 (일원동) ",0,FALSE,FALSE,FALSE,FALSE,FALSE,06342,수도권,127.087747062441,37.4913376297727,11_680
아셈내과의원,내과의원,02-551-8275,02-551-8275,서울특별시,강남구,"서울특별시 강남구 영동대로 602 5층 501호 (삼성동, 미켈란107빌딩 )",4,TRUE,TRUE,TRUE,TRUE,FALSE,06083,수도권,127.060483947525,37.5147215906749,11_680
서울영상의학과의원,의원,02-508-8778,508-8778,서울특별시,강남구,서울특별시 강남구 영동대로96길 34 대윤빌딩 지하1층 (삼성동) ,2,TRUE,FALSE,TRUE,FALSE,FALSE,06173,수도권,127.065306310523,37.5111637511888,11_680
김성윤내과의원,내과의원,02-517-9293,517-9293,서울특별시,강남구,서울특별시 강남구 논현로176길 14 3층 (신사동) ,1,TRUE,FALSE,FALSE,FALSE,FALSE,06022,수도권,127.029718326693,37.5269934647885,11_680
리즈산부인과의원,의원,02-540-8811,02-540-8811,서울특별시,강남구,"서울특별시 강남구 도산대로 127 (신사동, 경서빌딩 3층, 4층일부)",0,FALSE,FALSE,FALSE,FALSE,FALSE,06035,수도권,127.022327330675,37.5176251157761,11_680
지디스내과의원,내과의원,02-501-1828,02-501-1828,서울특별시,강남구,서울특별시 강남구 도곡로 205 YK빌딩 2층 (역삼동) ,5,TRUE,TRUE,TRUE,TRUE,TRUE,06231,수도권,127.041364616509,37.4929198247521,11_680
김숙경산부인과의원,의원,02-567-7594,02-567-7594,서울특별시,강남구,서울특별시 강남구 선릉로 312 3층 (대치동),0,FALSE,FALSE,FALSE,FALSE,FALSE,06206,수도권,127.052642849551,37.4975437191647,11_680
이미원산부인과의원,의원,02-576-4100,576-4100,서울특별시,강남구,서울특별시 강남구 개포로 205 양재빌딩 3층 (개포동) ,0,FALSE,FALSE,FALSE,FALSE,FALSE,06303,수도권,127.045110080411,37.4785453904239,11_680
삼성연세산부인과의원,의원,02-569-2600,569-2600,서울특별시,강남구,"서울특별시 강남구 테헤란로 514 4층 (대치동, 삼흥2빌딩)",0,FALSE,FALSE,FALSE,FALSE,FALSE,06180,수도권,127.059755460388,37.5074267999126,11_680
삼성우리내과의원,내과의원,02-3411-5335,02-3411-5335,서울특별시,강남구,서울특별시 강남구 일원로 37 하나은행 일원중앙 5층 1호 (일원동),4,TRUE,TRUE,TRUE,TRUE,FALSE,06343,수도권,127.081242652976,37.4904826306587,11_680
신소애여성의원,의원,02-3453-5712,02-3453-5712,서울특별시,강남구,"서울특별시 강남구 논현로 537 B2층, 2~5층 (역삼동) ",1,FALSE,FALSE,FALSE,FALSE,TRUE,06126,수도권,127.034962510098,37.5042573629887,11_680
논현엘여성의원,의원,02-549-9981,02-549-9981,서울특별시,강남구,서울특별시 강남구 학동로20길 55 해림빌딩 3층 (논현동) ,0,FALSE,FALSE,FALSE,FALSE,FALSE,06115,수도권,127.027198203947,37.5100786367461,11_680
강남포도여성의원,의원,02-3442-4454,02-3442-4454,서울특별시,강남구,서울특별시 강남구 강남대로 428 만이빌딩 2층 (역삼동) ,0,FALSE,FALSE,FALSE,FALSE,FALSE,06129,수도권,127.026869951723,37.5008659330556,11_680
티엘씨청담의원,의원,02-3445-0109,02-3444-0101,서울특별시,강남구,서울특별시 강남구 압구정로 443 이유덕 부티크 5층 (청담동) ,0,FALSE,FALSE,FALSE,FALSE,FALSE,06010,수도권,37.52262549503321,127.03955259167833,11_680
청담서울여성외과의원,의원,02-518-5252,02-518-5252,서울특별시,강남구,"서울특별시 강남구 논현로171길 15 403,404호 (신사동, 카이로시티1)",1,FALSE,FALSE,FALSE,FALSE,TRUE,06030,수도권,127.02714259476,37.5254874291428,11_680
제이엘산부인과의원,의원,02-514-1021,02-514-1021,서울특별시,강남구,서울특별시 강남구 도산대로 109 2층 (신사동),0,FALSE,FALSE,FALSE,FALSE,FALSE,06035,수도권,127.020500861881,37.5168664415903,11_680
서울박내과의원,내과의원,02-557-9571,02-557-9570,서울특별시,강남구,"서울특별시 강남구 남부순환로397길 57 4,5,6층 (대치동, 대치메디칼센터)",5,TRUE,TRUE,TRUE,TRUE,TRUE,06280,수도권,127.058298289251,37.4930515273501,11_680
(의)성광의료재단차움건진의원,의원,-1800-7750,02-1800-7750,서울특별시,강남구,"서울특별시 강남구 테헤란로 509 지하2층,지하1층일부,2층 (삼성동) ",5,TRUE,TRUE,TRUE,TRUE,TRUE,06169,수도권,127.05820568843,37.5077804973225,11_680
신성해내과의원,내과의원,02-541-5600,541-5600,서울특별시,강남구,서울특별시 강남구 압구정로36길 12 메디컬뱅크 7층 (신사동),1,TRUE,FALSE,FALSE,FALSE,FALSE,06023,수도권,127.031346095845,37.5276527575761,11_680
압구정본산부인과의원,의원,02-541-3121,02-541-3121,서울특별시,강남구,"서울특별시 강남구 압구정로28길 14 2층 (신사동, 형원빌딩 2층)",0,FALSE,FALSE,FALSE,FALSE,FALSE,06030,수도권,127.027583996141,37.5257284350603,11_680
연세더블유여성의원,의원,02-501-7053,070-7767-7053,서울특별시,강남구,서울특별시 강남구 선릉로86길 6 2층 (대치동),0,FALSE,FALSE,FALSE,FALSE,FALSE,06198,수도권,127.050280196575,37.5030165577616,11_680
로즈산부인과의원,의원,02-515-6282,02-515-6282,서울특별시,강남구,"서울특별시 강남구 논현로 841 408,409호 (신사동, 제이비미소빌딩)",0,FALSE,FALSE,FALSE,FALSE,FALSE,06031,수도권,127.027758806248,37.5239684663137,11_680
정준표내과의원,내과의원,02-563-3375,563-3375,서울특별시,강남구,서울특별시 강남구 도곡로 442 3층 (대치동) ,3,TRUE,TRUE,FALSE,TRUE,FALSE,06279,수도권,127.058839031611,37.4979496722429,11_680
그대안에산부인과의원,의원,02-565-0502,02-565-0502,서울특별시,강남구,"서울특별시 강남구 테헤란로87길 13 5층 2호 (삼성동, 서영빌딩)",0,FALSE,FALSE,FALSE,FALSE,FALSE,06169,수도권,127.058591804414,37.5086333777282,11_680
쉬즈웰산부인과의원,의원,02-564-2211,02-564-2211,서울특별시,강남구,"서울특별시 강남구 논현로 823 B&S빌딩, 2층 (신사동) ",0,FALSE,FALSE,FALSE,FALSE,FALSE,06032,수도권,127.02794277452,37.5219142271279,11_680
노인화산부인과의원,의원,02-569-1770,02-569-1770,서울특별시,강남구,서울특별시 강남구 테헤란로 339 6층 (역삼동),0,FALSE,FALSE,FALSE,FALSE,FALSE,06150,수도권,127.048597161488,37.5048110738687,11_680
우리들내과의원,내과의원,02-565-9041,02-565-9041,서울특별시,강남구,"서울특별시 강남구 도곡로63길 12 204,205호 (대치동)",4,TRUE,TRUE,TRUE,TRUE,FALSE,06207,수도권,127.054465189148,37.4978004006706,11_680
무지개의원,의원,02-553-4188,02-553-4188,서울특별시,강남구,서울특별시 강남구 논현로 409 2층 (역삼동),0,FALSE,FALSE,FALSE,FALSE,FALSE,06247,수도권,127.038595809797,37.4965215456439,11_680
삼성베스트내과의원,내과의원,02-555-8535,0507-1368-8535,서울특별시,강남구,"서울특별시 강남구 테헤란로81길 22 4층 (삼성동, 구암빌딩)",4,TRUE,TRUE,TRUE,TRUE,FALSE,06168,수도권,127.05692864263,37.5085007521889,11_680
조은내과의원,내과의원,02-3414-0173,02-3414-0173,서울특별시,강남구,"서울특별시 강남구 개포로 504 메트하임 401,402,501호 (개포동) ",5,TRUE,TRUE,TRUE,TRUE,TRUE,06329,수도권,127.067186912363,37.4890546234463,11_680
연세펠리체여성의원,의원,02-448-5656,02-448-5656,서울특별시,강남구,"서울특별시 강남구 개포로 504 메트하임 5,7층 503,708호 (개포동) ",0,FALSE,FALSE,FALSE,FALSE,FALSE,06329,수도권,127.067186912363,37.4890546234463,11_680
미예담산부인과의원,의원,02-581-7500,02-581-7500,서울특별시,강남구,"서울특별시 강남구 학동로33길 7 (논현동, 4층 일부)",0,FALSE,FALSE,FALSE,FALSE,FALSE,06052,수도권,127.032540231201,37.5152280563605,11_680
리붐내과의원,내과의원,02-512-6630,02-512-6630,서울특별시,강남구,서울특별시 강남구 압구정로 130 2층 (신사동),5,TRUE,TRUE,TRUE,TRUE,TRUE,06029,수도권,127.022921489083,37.5241470917534,11_680
에스여성의원,의원,02-567-8663,567-8663,서울특별시,강남구,서울특별시 강남구 테헤란로 121 원빌딩 5층 (역삼동) ,0,FALSE,FALSE,FALSE,FALSE,FALSE,06133,수도권,127.031062762603,37.4994161773038,11_680
양재내과의원,내과의원,02-575-5975,575-5975,서울특별시,강남구,서울특별시 강남구 강남대로 238 스카이쏠라빌딩 6층 (도곡동) ,4,TRUE,TRUE,TRUE,TRUE,FALSE,06267,수도권,127.034757121285,37.4849665053325,11_680
의료법인중앙의료재단 메디넷영동의원,의원,02-540-2028,02-540-2028,서울특별시,강남구,서울특별시 강남구 강남대로 502 서희빌딩 7층 (논현동) ,5,TRUE,TRUE,TRUE,TRUE,TRUE,06119,수도권,127.023676433449,37.507132658988,11_680
연세지아이내과의원,내과의원,02-3445-4196,02-3445-4196,서울특별시,강남구,서울특별시 강남구 학동로 419 2층 (청담동),4,TRUE,TRUE,TRUE,TRUE,FALSE,06069,수도권,127.045976501779,37.5183061036652,11_680
연앤네이쳐산부인과의원,의원,02-518-1300,02-518-1300,서울특별시,강남구,서울특별시 강남구 학동로 521 2~4층 (청담동) ,0,FALSE,FALSE,FALSE,FALSE,FALSE,06072,수도권,127.055798636269,37.5200472950808,11_680
청담에이치내과의원,내과의원,02-511-1977,02-511-1977,서울특별시,강남구,서울특별시 강남구 학동로 411 2층 (청담동),5,TRUE,TRUE,TRUE,TRUE,TRUE,06069,수도권,37.518118665184105,127.04464500027704,11_680
유비에이외과의원,의원,02-544-6075,02-514-6075,서울특별시,강남구,서울특별시 강남구 강남대로 616 신사미타워 5층 501호 (신사동),1,FALSE,FALSE,FALSE,FALSE,TRUE,06035,수도권,127.01979818833,37.5168560197204,11_680
(의)성광의료재단 차움의원,의원,02-3015-5001,02-3015-5000,서울특별시,강남구,"서울특별시 강남구 도산대로 442 피엔폴루스 2층일부, 3층일부 (청담동) ",5,TRUE,TRUE,TRUE,TRUE,TRUE,06062,수도권,127.044119009562,37.5233111622682,11_680
센텀메디의원,의원,02-552-0700,552-0700,서울특별시,강남구,서울특별시 강남구 선릉로63길 9 백림빌딩 2층 (역삼동) ,4,TRUE,TRUE,TRUE,TRUE,FALSE,06218,수도권,127.05144014643,37.4971636638659,11_680
셀러블153강남의원,의원,02-511-8100,02-511-8100,서울특별시,강남구,"서울특별시 강남구 언주로 720 B3~B1, 지상2층 214호 (논현동) ",5,TRUE,TRUE,TRUE,TRUE,TRUE,06058,수도권,127.035895495721,37.5180738951162,11_680
청담이든의원,의원,02-515-1131,02-515-1131,서울특별시,강남구,"서울특별시 강남구 테헤란로 226 태왕빌딩 1층,2층 (역삼동) ",0,FALSE,FALSE,FALSE,FALSE,FALSE,06221,수도권,127.041091058175,37.5017572619977,11_680
대치더블유내과의원,내과의원,02-539-9939,02-539-9939,서울특별시,강남구,"서울특별시 강남구 도곡로 438 6층 (대치동, 삼아빌딩 )",5,TRUE,TRUE,TRUE,TRUE,TRUE,06279,수도권,127.058425833023,37.4978295929759,11_680
강남리즈산부인과의원,의원,02-558-5538,02-558-5538,서울특별시,강남구,서울특별시 강남구 강남대로 430 8층 (역삼동),0,FALSE,FALSE,FALSE,FALSE,FALSE,06129,수도권,127.026671739019,37.5009662599378,11_680
강남미즈힐산부인과의원,의원,02-577-5488,577-5488,서울특별시,강남구,서울특별시 강남구 강남대로 242 크리스탈빌딩 3층 (도곡동) ,0,FALSE,FALSE,FALSE,FALSE,FALSE,06267,수도권,127.034082861809,37.4853735070328,11_680
청담베스트내과의원,내과의원,02-543-8383,02-543-8383,서울특별시,강남구,"서울특별시 강남구 학동로53길 3-2 지하1층, 3~5층 (논현동)",5,TRUE,TRUE,TRUE,TRUE,TRUE,06060,수도권,127.040134161132,37.5173459617876,11_680
서울배내과의원,내과의원,-1833-2939,02-529-3002,서울특별시,강남구,"서울특별시 강남구 논현로 509 송암II빌딩 2,4층 (역삼동)",4,TRUE,TRUE,TRUE,TRUE,FALSE,06132,수도권,127.036089184436,37.501931889086,11_680
프린세스산부인과의원,의원,02-541-6864,02-541-6864,서울특별시,강남구,서울특별시 강남구 봉은사로 107 6층 (논현동),0,FALSE,FALSE,FALSE,FALSE,FALSE,06120,수도권,127.025394503945,37.5050190845973,11_680
리더스내과가정의학과의원,내과의원,02-573-8188,02-573-8188,서울특별시,강남구,서울특별시 강남구 논현로 98 문화빌딩 2층 (개포동),5,TRUE,TRUE,TRUE,TRUE,TRUE,06303,수도권,127.044797853783,37.4786083095645,11_680
주연여성의원,의원,02-6338-1000,02-6338-1000,서울특별시,강남구,서울특별시 강남구 가로수길 31-3 2~3층 (신사동) ,0,FALSE,FALSE,FALSE,FALSE,FALSE,06034,수도권,127.022873390616,37.5200058222252,11_680
조병수의원,의원,02-541-3991,02-541-3991,서울특별시,강남구,서울특별시 강남구 도산대로 507 3층 (청담동),1,TRUE,FALSE,FALSE,FALSE,FALSE,06011,수도권,127.048532261589,37.5247511251313,11_680
강남베스트내과의원,내과의원,02-6181-3855,02-6181-3855,서울특별시,강남구,"서울특별시 강남구 광평로 281 (수서동, 2층일부)",5,TRUE,TRUE,TRUE,TRUE,TRUE,06349,수도권,127.103068802127,37.4881167693611,11_680
도곡함춘산부인과의원,의원,-1661-9722,02-1661-9722,서울특별시,강남구,서울특별시 강남구 논현로 142 동현빌딩 2~6층 (도곡동) ,0,FALSE,FALSE,FALSE,FALSE,FALSE,06301,수도권,127.043027525405,37.4824190644276,11_680
압구정함춘산부인과의원,의원,02-3445-0789,02-3445-0789,서울특별시,강남구,서울특별시 강남구 논현로168길 20 5층 (신사동),0,FALSE,FALSE,FALSE,FALSE,FALSE,06025,수도권,127.029876321095,37.5237508981594,11_680
연세스타내과의원,내과의원,02-515-3305,02-515-3305,서울특별시,강남구,"서울특별시 강남구 선릉로 719 (논현동, 와이앤케이빌딩 5층)",4,TRUE,TRUE,TRUE,TRUE,FALSE,06059,수도권,127.040404675575,37.5189157777001,11_680
쉬즈굿여성의원,의원,02-2052-7900,2052-7900,서울특별시,강남구,"서울특별시 강남구 테헤란로64길 24 2층 (대치동, 유경빌딩)",0,FALSE,FALSE,FALSE,FALSE,FALSE,06198,수도권,127.051440761262,37.5033351942461,11_680
청담산부인과의원,의원,02-544-7888,02-544-7888,서울특별시,강남구,"서울특별시 강남구 학동로 215 3,6(일부),7층 601호 (논현동) ",1,FALSE,FALSE,FALSE,FALSE,TRUE,06052,수도권,127.03256824271,37.5148747650558,11_680
신유외과의원,의원,02-557-6075,02-557-6075,서울특별시,강남구,"서울특별시 강남구 강남대로 256 2층 (도곡동, 대우양재디오빌) ",1,FALSE,FALSE,FALSE,FALSE,TRUE,06266,수도권,127.033537582361,37.4864868587499,11_680
로즈여성의원,의원,02-512-8900,02-512-8900,서울특별시,강남구,"서울특별시 강남구 논현로115길 72 2,3층 (논현동)",0,FALSE,FALSE,FALSE,FALSE,FALSE,06115,수도권,127.027160200922,37.5085183756902,11_680
청담이룸의원,의원,02-6949-3652,02-6949-3652,서울특별시,강남구,서울특별시 강남구 삼성로 620 블래스톤리조트 2(일부)층 (삼성동) ,0,FALSE,FALSE,FALSE,FALSE,FALSE,06085,수도권,127.05262341302,37.5149654717602,11_680
재단법인서울의과학연구소 하나로리더스의원,의원,02-590-1111,02-590-1111,서울특별시,강남구,서울특별시 강남구 테헤란로 326 태보 역삼 아이타워 6~11층 (역삼동) ,5,TRUE,TRUE,TRUE,TRUE,TRUE,06211,수도권,127.047033596011,37.5035470555751,11_680
김영찬내과의원,내과의원,02-3444-8875,3444-8875,서울특별시,강남구,서울특별시 강남구 도산대로 333 K+ 메디칼타워 5층 (신사동) ,4,TRUE,TRUE,TRUE,TRUE,FALSE,06019,수도권,127.038381231393,37.523358666868,11_680
연세정앤김내과의원,내과의원,02-6205-7582,6205-7582,서울특별시,강남구,서울특별시 강남구 강남대로 240 양재SK허브프리모 3층 315호 (도곡동) ,4,TRUE,TRUE,TRUE,TRUE,FALSE,06267,수도권,127.034429700831,37.4852596091178,11_680
미즈봄산부인과의원,의원,02-6959-6040,02-6959-6040,서울특별시,강남구,"서울특별시 강남구 선릉로 227 (도곡동, 진달래상가) 3층 (도곡동) ",0,FALSE,FALSE,FALSE,FALSE,FALSE,06275,수도권,127.052736077626,37.4958391534271,11_680
서울베스트의원,의원,02-3411-9500,02-3411-9500,서울특별시,강남구,"서울특별시 강남구 자곡로3길 21 (자곡동, LH강남힐스테이트상가 B201호)",0,FALSE,FALSE,FALSE,FALSE,FALSE,06374,수도권,127.088231183221,37.4718526866405,11_680
이영희산부인과의원,의원,02-596-9229,02-596-9229,서울특별시,강남구,"서울특별시 강남구 봉은사로 474 2층 202호 (삼성동, 쌍용플래티넘)",0,FALSE,FALSE,FALSE,FALSE,FALSE,06154,수도권,127.052026639291,37.5123672407678,11_680
수서가정의학과의원,의원,02-459-6688,02-459-6688,서울특별시,강남구,"서울특별시 강남구 광평로51길 49 102호 (수서동, 수서주공아파트) ",0,FALSE,FALSE,FALSE,FALSE,FALSE,06347,수도권,127.099765336108,37.4921394490477,11_680
서울손내과의원,내과의원,02-543-3211,02-543-3211,서울특별시,강남구,"서울특별시 강남구 압구정로34길 11 402호 (신사동, 압구정스퀘어)",1,TRUE,FALSE,FALSE,FALSE,FALSE,06023,수도권,127.030974118804,37.52737633824,11_680
이지스로앤산부인과의원,의원,02-542-0100,02-542-0100,서울특별시,강남구,서울특별시 강남구 테헤란로 337 3층 (역삼동) ,0,FALSE,FALSE,FALSE,FALSE,FALSE,06150,수도권,127.048457476412,37.5047949131565,11_680
최진명내과의원,내과의원,02-573-6550,573-6550,서울특별시,강남구,서울특별시 강남구 언주로30길 10 현대비전21 410호 (도곡동) ,4,TRUE,TRUE,TRUE,TRUE,FALSE,06295,수도권,127.05155394203,37.4873386711834,11_680
김현수내과의원,내과의원,02-511-1101,511-1101,서울특별시,강남구,서울특별시 강남구 언주로 874 쌍봉빌딩 7층 (신사동) ,4,TRUE,TRUE,TRUE,TRUE,FALSE,06017,수도권,127.034133513054,37.5285885762172,11_680
루미나산부인과의원,의원,02-6273-7080,02-6273-7080,서울특별시,강남구,서울특별시 강남구 테헤란로 139-1 (역삼동),0,FALSE,FALSE,FALSE,FALSE,FALSE,06132,수도권,127.034471388344,37.5004396757708,11_680
호산여성의원,의원,02-546-3499,02-546-3493,서울특별시,강남구,"서울특별시 강남구 언주로 871 호산병원,3층일부 A동 101호 (신사동) ",1,TRUE,FALSE,FALSE,FALSE,FALSE,06023,수도권,127.033354132164,37.5285677154605,11_680
닥터유내과의원,내과의원,02-3484-7575,02-3484-7575,서울특별시,강남구,서울특별시 강남구 영동대로 416 케이티앤지 타워 지하1층일부 (대치동),4,TRUE,TRUE,TRUE,TRUE,FALSE,06176,수도권,127.065326637295,37.5065841136869,11_680
케이플러스청담의원,의원,02-514-7566,02-514-7566,서울특별시,강남구,"서울특별시 강남구 도산대로 333 K+ 메디칼타워 2,3,13층 (신사동) ",1,TRUE,FALSE,FALSE,FALSE,FALSE,06019,수도권,127.038381231393,37.523358666868,11_680
김미진내과의원,내과의원,02-568-1312,02-568-1312,서울특별시,강남구,"서울특별시 강남구 역삼로 306 4층 404~406호 (역삼동, 개나리래미안아파트)",1,TRUE,FALSE,FALSE,FALSE,FALSE,06216,수도권,2055.5760451463134,4655282.125189498,11_680
박종태유바외과의원,의원,02-556-0011,02-556-0011,서울특별시,강남구,"서울특별시 강남구 도곡로 408 305호 (대치동, 디마크 빌딩)",1,FALSE,FALSE,FALSE,FALSE,TRUE,06278,수도권,127.055233195315,37.4966225187716,11_680
와이퀸산부인과의원,의원,02-555-8278,02-555-8278,서울특별시,강남구,"서울특별시 강남구 선릉로 820 1층, 지하1층 (청담동)",0,FALSE,FALSE,FALSE,FALSE,FALSE,06014,수도권,127.040210980624,37.5249602205031,11_680
예다여성의원,의원,02-517-7125,02-517-7125,서울특별시,강남구,서울특별시 강남구 봉은사로 331 SH타워 6층 (논현동),0,FALSE,FALSE,FALSE,FALSE,FALSE,06103,수도권,127.042972144359,37.5102810924204,11_680
성심내과의원,내과의원,02-556-6668,02-556-6668,서울특별시,강남구,"서울특별시 강남구 삼성로 150 201호 (대치동, 한보미도맨션)",4,TRUE,TRUE,TRUE,TRUE,FALSE,06288,수도권,127.068564672209,37.4956953356085,11_680
엘로이여성의원,의원,02-6203-8275,02-6203-8275,서울특별시,강남구,서울특별시 강남구 압구정로 152 2층 (신사동),0,FALSE,FALSE,FALSE,FALSE,FALSE,06030,수도권,127.026048899405,37.5255648913174,11_680
강남성모내과의원,내과의원,02-459-0105,02-459-0105,서울특별시,강남구,"서울특별시 강남구 개포로 615 4층 402-2호 (개포동, 석탑프라자)",4,TRUE,TRUE,TRUE,TRUE,FALSE,06335,수도권,127.07558248914,37.4926580850327,11_680
강남아름다운유외과의원,의원,02-3453-7575,02-3453-7575,서울특별시,강남구,"서울특별시 강남구 테헤란로 410 금강타워 5층 503~505, 508호 (대치동)",1,FALSE,FALSE,FALSE,FALSE,TRUE,06192,수도권,127.050729430264,37.5045559137175,11_680
레아산부인과의원,의원,02-558-5678,02-558-5678,서울특별시,강남구,"서울특별시 강남구 강남대로 340 4층 (역삼동, 경원빌딩)",0,FALSE,FALSE,FALSE,FALSE,FALSE,06242,수도권,127.030306438541,37.4935728051632,11_680
삼성서울유외과의원,의원,02-6941-3313,02-6941-3313,서울특별시,강남구,"서울특별시 강남구 광평로 280 로즈데일오피스텔 2층 202,204-1호 (수서동)",1,FALSE,FALSE,FALSE,FALSE,TRUE,06367,수도권,127.103108072457,37.4873191631489,11_680
강남삼성내과의원,내과의원,02-546-8004,02-546-8004,서울특별시,강남구,서울특별시 강남구 봉은사로 111 7층 (논현동) ,2,TRUE,FALSE,TRUE,FALSE,FALSE,06120,수도권,127.025700266315,37.5051960660157,11_680
압구정연세산부인과의원,의원,02-548-9008,02-548-9008,서울특별시,강남구,서울특별시 강남구 선릉로 815 신한양빌딩 2층 (신사동) ,0,FALSE,FALSE,FALSE,FALSE,FALSE,06019,수도권,127.03932763326,37.5248658226122,11_680
서울삼성내과의원,내과의원,02-445-7070,02-445-7070,서울특별시,강남구,서울특별시 강남구 일원로 115 삼성생명 일원역 빌딩 2층 204-3호 (일원동) ,5,TRUE,TRUE,TRUE,TRUE,TRUE,06355,수도권,127.084459720088,37.4840224010593,11_680
보통의의원,의원,02-517-3650,02-000-0000,서울특별시,강남구,"서울특별시 강남구 압구정로29길 65 442빌딩, 3층일부 (압구정동) ",1,TRUE,FALSE,FALSE,FALSE,FALSE,06005,수도권,127.027000294801,37.5318069076157,11_680
나를위한산부인과의원,의원,02-539-5004,02-539-5004,서울특별시,강남구,서울특별시 강남구 강남대로 364 미왕빌딩 9층 (역삼동),0,FALSE,FALSE,FALSE,FALSE,FALSE,06241,수도권,127.029293901519,37.4955498697675,11_680
서울연세21세기의원,의원,02-512-5121,02-512-5121,서울특별시,강남구,서울특별시 강남구 강남대로128길 20 영동프라자 2층 206호 (논현동),1,TRUE,FALSE,FALSE,FALSE,FALSE,06114,수도권,127.023823242641,37.5099952118083,11_680
그린몰의원,의원,02-517-5433,02-517-9122,서울특별시,강남구,"서울특별시 강남구 도산대로 107 BIO, 5층일부, 7층, 8층일부 (신사동) ",5,TRUE,TRUE,TRUE,TRUE,TRUE,06035,수도권,127.02010810325,37.5167802830689,11_680
학동본내과의원,내과의원,02-6205-7788,02-6205-7788,서울특별시,강남구,서울특별시 강남구 학동로 203 2층 (논현동),4,TRUE,TRUE,TRUE,TRUE,FALSE,06052,수도권,127.031186730157,37.514422743867,11_680
퀸스유의원,의원,02-575-7588,02-575-7588,서울특별시,강남구,서울특별시 강남구 강남대로 250 심현빌딩 4층 (도곡동) ,1,FALSE,FALSE,FALSE,FALSE,TRUE,06266,수도권,127.033894942182,37.4858710978671,11_680
우아한여성의원,의원,02-541-4501,02-541-4501,서울특별시,강남구,서울특별시 강남구 압구정로28길 49 유림아트홀 602호 (신사동),0,FALSE,FALSE,FALSE,FALSE,FALSE,06031,수도권,127.027711483385,37.5232586676671,11_680
트리니티여성의원,의원,02-512-8875,0507-1326-8875,서울특별시,강남구,서울특별시 강남구 도산대로 108 3층 (논현동),0,FALSE,FALSE,FALSE,FALSE,FALSE,06038,수도권,127.020655869811,37.5161918332017,11_680
청담봄여성의원,의원,02-6191-0030,02-6191-0030,서울특별시,강남구,서울특별시 강남구 삼성로 620 블래스톤리조트 3층 (삼성동),0,FALSE,FALSE,FALSE,FALSE,FALSE,06085,수도권,127.05262341302,37.5149654717602,11_680
다움산부인과의원,의원,02-555-5799,02-555-5799,서울특별시,강남구,서울특별시 강남구 강남대로 390 미진프라자 1301호 (역삼동) ,0,FALSE,FALSE,FALSE,FALSE,FALSE,06232,수도권,127.028578846319,37.4978399531903,11_680
에이퀸산부인과의원,의원,02-451-7001,02-451-7001,서울특별시,강남구,서울특별시 강남구 개포로 615 석탑프라자 4층 401-2호 (개포동),0,FALSE,FALSE,FALSE,FALSE,FALSE,06335,수도권,127.07558248914,37.4926580850327,11_680
강남박내과의원,내과의원,02-6318-8800,02-6318-8800,서울특별시,강남구,서울특별시 강남구 강남대로84길 8 우인빌딩 2층 (역삼동),4,TRUE,TRUE,TRUE,TRUE,FALSE,06241,수도권,127.029326833418,37.4964807817238,11_680
강남드림내과의원,내과의원,02-459-9777,02-459-9777,서울특별시,강남구,"서울특별시 강남구 자곡로 120 세곡드림프라자 403, 404, 405호 (자곡동)",5,TRUE,TRUE,TRUE,TRUE,TRUE,06373,수도권,127.096502429368,37.4721456267663,11_680
바른길산부인과의원,의원,02-512-0998,02-512-0998,서울특별시,강남구,서울특별시 강남구 강남대로 528 6층 (논현동),0,FALSE,FALSE,FALSE,FALSE,FALSE,06114,수도권,127.022643236224,37.5092956336041,11_680
안효승내과의원,내과의원,02-6223-8000,02-6223-8000,서울특별시,강남구,서울특별시 강남구 선릉로 406 4층 (대치동),2,TRUE,FALSE,TRUE,FALSE,FALSE,06198,수도권,127.050832530148,37.5011545732697,11_680
마디힐신경외과의원,의원,02-515-0466,02-515-0466,서울특별시,강남구,서울특별시 강남구 선릉로131길 8 노벨빌딩 6층 (논현동) ,1,TRUE,FALSE,FALSE,FALSE,FALSE,06059,수도권,127.040276007202,37.5179752643562,11_680
더편한현내과의원,내과의원,02-563-7588,02-563-7588,서울특별시,강남구,서울특별시 강남구 도곡로 323 다른빌딩 2층 (역삼동),4,TRUE,TRUE,TRUE,TRUE,FALSE,06218,수도권,127.051336283187,37.4960980886032,11_680
강남바른내과의원,내과의원,02-6232-7500,02-6232-7500,서울특별시,강남구,서울특별시 강남구 선릉로 324 SH타워 4층 (대치동),5,TRUE,TRUE,TRUE,TRUE,TRUE,06205,수도권,127.052094163626,37.4985303841214,11_680
수서나을산부인과의원,의원,02-2226-2939,02-2226-2939,서울특별시,강남구,서울특별시 강남구 광평로 280 로즈데일오피스텔 2층 204호 (수서동),0,FALSE,FALSE,FALSE,FALSE,FALSE,06367,수도권,127.103108072457,37.4873191631489,11_680
에펠산부인과의원,의원,02-2039-7597,02-2039-7597,서울특별시,강남구,서울특별시 강남구 도곡로 408 디마크 빌딩 404호 (대치동),0,FALSE,FALSE,FALSE,FALSE,FALSE,06278,수도권,127.055233195315,37.4966225187716,11_680
헤스티아여성의원,의원,02-6219-0123,02-6219-0123,서울특별시,강남구,서울특별시 강남구 도산대로 119 4층 (신사동),0,FALSE,FALSE,FALSE,FALSE,FALSE,06035,수도권,127.021465412617,37.5173261424208,11_680
삼성유외과의원,의원,02-3412-7775,02-3412-7775,서울특별시,강남구,서울특별시 강남구 일원로 37 하나은행 일원중앙 201호 (일원동),1,FALSE,FALSE,FALSE,FALSE,TRUE,06343,수도권,127.081242652976,37.4904826306587,11_680
신사우리베스트내과의원,내과의원,02-6958-8676,02-6958-8676,서울특별시,강남구,서울특별시 강남구 강남대로 652 6층 (신사동),5,TRUE,TRUE,TRUE,TRUE,TRUE,06027,수도권,127.019091004701,37.5195659036492,11_680
오크우드봄의원,의원,02-6925-5755,02-6925-5755,서울특별시,강남구,서울특별시 강남구 테헤란로87길 46 호텔오크우드프리미어 1B1호 (삼성동) ,5,TRUE,TRUE,TRUE,TRUE,TRUE,06164,수도권,127.058205573267,37.5109823973192,11_680
대치성모여성의원,의원,02-557-0810,02-557-0810,서울특별시,강남구,서울특별시 강남구 선릉로64길 9 대성빌딩 3층 (대치동),0,FALSE,FALSE,FALSE,FALSE,FALSE,06205,수도권,127.053059427689,37.4979803406838,11_680
윤영석내과의원,내과의원,02-508-7781,02-508-7781,서울특별시,강남구,"서울특별시 강남구 남부순환로 2912 (대치동, 305,306,307호)",2,TRUE,FALSE,TRUE,FALSE,FALSE,06289,수도권,127.056142941592,37.4907059879875,11_680
두번째봄여성의원,의원,02-6369-0771,02-6369-0771,서울특별시,강남구,서울특별시 강남구 압구정로36길 8 2층 (신사동) ,0,FALSE,FALSE,FALSE,FALSE,FALSE,06023,수도권,127.031320992326,37.5279511760453,11_680
청담헤라산부인과의원,의원,02-512-7800,0507-1376-7806,서울특별시,강남구,서울특별시 강남구 학동로53길 3-2 6층 (논현동) ,0,FALSE,FALSE,FALSE,FALSE,FALSE,06060,수도권,127.040134161132,37.5173459617876,11_680
세상의반여성의원,의원,02-555-7582,02-555-7582,서울특별시,강남구,서울특별시 강남구 삼성로92길 29 도일빌딩 3층 (삼성동) ,0,FALSE,FALSE,FALSE,FALSE,FALSE,06169,수도권,127.058778402547,37.5083178432764,11_680
세곡이화산부인과의원,의원,02-451-2220,02-451-2220,서울특별시,강남구,"서울특별시 강남구 자곡로 201 강남 더샵 라르고 2층 203호, 204호 (자곡동) ",0,FALSE,FALSE,FALSE,FALSE,FALSE,06372,수도권,127.104713854582,37.4753775851032,11_680
삼성드림내과의원,내과의원,02-555-7112,02-555-7112,서울특별시,강남구,"서울특별시 강남구 선릉로 309-1 더 스톤 한티빌딩 2,3층 (역삼동) ",5,TRUE,TRUE,TRUE,TRUE,TRUE,06218,수도권,127.052238234615,37.4970659148576,11_680
이사벨라여성의원,의원,02-555-0025,02-555-0025,서울특별시,강남구,"서울특별시 강남구 남부순환로 2912 우성아파트상가 3층 304호일부, 304-1호 (대치동) ",0,FALSE,FALSE,FALSE,FALSE,FALSE,06289,수도권,127.056142941592,37.4907059879875,11_680
서울에스유외과의원,의원,02-546-6800,02-546-6800,서울특별시,강남구,서울특별시 강남구 강남대로 518 8층 (논현동) ,1,FALSE,FALSE,FALSE,FALSE,TRUE,06114,수도권,127.023082492741,37.5084375217607,11_680
연세연여성외과의원,의원,02-508-4056,02-508-4056,서울특별시,강남구,서울특별시 강남구 남부순환로 2941 대치탑프라자 302호 (대치동) ,1,FALSE,FALSE,FALSE,FALSE,TRUE,06280,수도권,127.061934331534,37.4942633335042,11_680
삼성더건강내과의원,내과의원,02-6953-0815,02-6953-0815,서울특별시,강남구,서울특별시 강남구 선릉로 34 4층 (개포동) ,5,TRUE,TRUE,TRUE,TRUE,TRUE,06325,수도권,127.060754455027,37.4828272746585,11_680
은혜산부인과의원,의원,02-3453-3205,02-3453-3205,서울특별시,강남구,서울특별시 강남구 논현로 340 3층 (역삼동) ,0,FALSE,FALSE,FALSE,FALSE,FALSE,06227,수도권,127.039630476234,37.4957744487635,11_680
조아라산부인과의원,의원,02-561-7777,02-561-7777,서울특별시,강남구,서울특별시 강남구 논현로 503 송촌빌딩 9층 2호 (역삼동) ,0,FALSE,FALSE,FALSE,FALSE,FALSE,06132,수도권,127.036366846779,37.5012739795743,11_680
삼성퍼스티어산부인과의원,의원,02-6239-5000,02-6239-5000,서울특별시,강남구,서울특별시 강남구 선릉로 34 8층 (개포동) ,0,FALSE,FALSE,FALSE,FALSE,FALSE,06325,수도권,127.060754455027,37.4828272746585,11_680
더서울유외과의원,의원,02-563-5777,02-563-5777,서울특별시,강남구,"서울특별시 강남구 삼성로 155 대치퍼스트빌딩 206호,207(일부)호 (대치동) ",1,FALSE,FALSE,FALSE,FALSE,TRUE,06291,수도권,127.062951852624,37.4938813994708,11_680
서울대치탑의원,의원,02-566-9110,566-9110,서울특별시,강남구,서울특별시 강남구 남부순환로 2936 304호 (대치동) ,0,FALSE,FALSE,FALSE,FALSE,FALSE,06291,수도권,127.06191661451,37.4933489108525,11_680
강남웰니스내과의원,내과의원,02-6958-7590,02-6958-7590,서울특별시,강남구,"서울특별시 강남구 언주로 563 지하1층 101~108,114~121,123~126호 (역삼동) ",5,TRUE,TRUE,TRUE,TRUE,TRUE,06135,수도권,127.038168392484,37.5079337330229,11_680
연세메이저내과의원,내과의원,02-6207-5700,02-6207-5700,서울특별시,강남구,"서울특별시 강남구 도곡로 431 강남 동산 빌딩 2,3,4(일부)층 (대치동) ",5,TRUE,TRUE,TRUE,TRUE,TRUE,06208,수도권,127.057478345385,37.4980590034795,11_680
김주희유외과의원,의원,02-563-7900,02-563-7900,서울특별시,강남구,서울특별시 강남구 선릉로 301 501호 (역삼동) ,1,FALSE,FALSE,FALSE,FALSE,TRUE,06218,수도권,127.052465006347,37.4964706995569,11_680
개포삼성앤서울내과의원,내과의원,02-451-1105,02-451-1105,서울특별시,강남구,"서울특별시 강남구 삼성로 14 3층 310,311,313호 (개포동, 개포자이 프레지던스) ",5,TRUE,TRUE,TRUE,TRUE,TRUE,06331,수도권,127.068451024326,37.4861548149371,11_680
더연세미즈산부인과의원,의원,02-565-7575,02-565-7575,서울특별시,강남구,서울특별시 강남구 선릉로 301 6~7층 (역삼동) ,0,FALSE,FALSE,FALSE,FALSE,FALSE,06218,수도권,127.052465006347,37.4964706995569,11_680
압구정하나내과의원,내과의원,02-3443-7550,02-3443-7550,서울특별시,강남구,서울특별시 강남구 압구정로 328 효정빌딩 3층 (신사동) ,5,TRUE,TRUE,TRUE,TRUE,TRUE,06018,수도권,127.037467975824,37.5283378978473,11_680
연세이롬산부인과의원,의원,02-558-2255,02-558-2255,서울특별시,강남구,서울특별시 강남구 테헤란로87길 17 마젤란 21 아스테리움 1동 3층 301호 (삼성동) ,0,FALSE,FALSE,FALSE,FALSE,FALSE,06169,수도권,127.058342385872,37.5087436940538,11_680
첫걸음산부인과의원,의원,02-2038-7375,02-2038-7375,서울특별시,강남구,서울특별시 강남구 선릉로 431 에스케이허브오피스텔 3층 306호 (역삼동) ,0,FALSE,FALSE,FALSE,FALSE,FALSE,06212,수도권,127.049106892969,37.503435658512,11_680
연세거평의원,의원,02-518-0123,02-518-0123,서울특별시,강남구,"서울특별시 강남구 봉은사로 129 지하1층 (논현동, 거평타운) ",4,FALSE,TRUE,TRUE,TRUE,TRUE,06121,수도권,127.028313428889,37.5059164529797,11_680
서울프라임하트내과의원,내과의원,02-515-1575,02-515-1575,서울특별시,강남구,서울특별시 강남구 선릉로131길 12 로뎀2빌딩 2층 (논현동) ,1,TRUE,FALSE,FALSE,FALSE,FALSE,06059,수도권,127.039854496609,37.5179044983754,11_680
리나여성의원,의원,02-577-0303,02-577-2025,서울특별시,강남구,서울특별시 강남구 남부순환로 2609 하늘빌딩 401호 (도곡동) ,0,FALSE,FALSE,FALSE,FALSE,FALSE,06267,수도권,127.035096207425,37.4849629812617,11_680
라피스여성의원,의원,02-511-8454,02-511-8454,서울특별시,강남구,서울특별시 강남구 선릉로 823 5층 (신사동) ,0,FALSE,FALSE,FALSE,FALSE,FALSE,06018,수도권,127.039342517747,37.5256355438421,11_680
연세유나유외과의원,의원,02-553-7501,02-553-7501,서울특별시,강남구,"서울특별시 강남구 선릉로 206 2층 201,202호 (대치동, 동부센트레빌) ",1,FALSE,FALSE,FALSE,FALSE,TRUE,06281,수도권,127.055641674701,37.4914644228405,11_680
경찰병원,종합병원,02-3400-1365,02-3400-1114,서울특별시,송파구,서울특별시 송파구 송이로 123 국립경찰병원 (가락동),4,FALSE,TRUE,TRUE,TRUE,TRUE,05715,수도권,127.123487484921,37.4964145655333,11_710
재단법인아산사회복지재단 서울아산병원,종합병원,02-3010-1896,02-3010-3114,서울특별시,송파구,서울특별시 송파구 올림픽로43길 88 서울아산병원 (풍납동),0,FALSE,FALSE,FALSE,FALSE,FALSE,05505,수도권,127.109380463701,37.525171129004,11_710
한솔병원,병원,02-2147-6000,02-2147-6000,서울특별시,송파구,서울특별시 송파구 송파대로 445 한솔병원 (석촌동),5,TRUE,TRUE,TRUE,TRUE,TRUE,05616,수도권,127.105912362918,37.5060777045103,11_710
뉴스타트병원,병원,02-409-1177,02-407-7700,서울특별시,송파구,서울특별시 송파구 송이로 76 뉴스타트병원 (가락동),5,TRUE,TRUE,TRUE,TRUE,TRUE,05707,수도권,127.119513008234,37.4990977042848,11_710
강남힘찬병원,병원,-1899-2225,1899-2225,서울특별시,송파구,"서울특별시 송파구 백제고분로 407 (송파동, 지하 2층~7층)",1,TRUE,FALSE,FALSE,FALSE,FALSE,05621,수도권,127.109884689423,37.5075933501505,11_710
서울병원,병원,02-405-8642,02-405-8500,서울특별시,송파구,서울특별시 송파구 오금로 290 (가락동),5,TRUE,TRUE,TRUE,TRUE,TRUE,05700,수도권,127.124708246107,37.5039052343651,11_710
서울석병원,병원,02-403-7585,02-403-7585,서울특별시,송파구,서울특별시 송파구 송이로 148 (가락동),5,TRUE,TRUE,TRUE,TRUE,TRUE,05829,수도권,127.124025748272,37.4937372920686,11_710
서울세계로병원,병원,-1670-9111,02-1670-9111,서울특별시,송파구,"서울특별시 송파구 위례서로 248 지하1층, 2층, 5~12층 (거여동) ",5,TRUE,TRUE,TRUE,TRUE,TRUE,05790,수도권,127.142262855079,37.4866427532962,11_710
연세우리병원,병원,02-1533-1755,02-1533-1755,서울특별시,송파구,서울특별시 송파구 백제고분로 185 2~9층 (잠실동) ,5,TRUE,TRUE,TRUE,TRUE,TRUE,05567,수도권,127.087307841535,37.504811961495,11_710
다나움요양병원,병원,070-4179-1720,02-412-7272,서울특별시,송파구,서울특별시 송파구 가락로 278 지하1층~지상6층 (방이동),0,FALSE,FALSE,FALSE,FALSE,FALSE,05635,수도권,127.119851822897,37.5124701632775,11_710
김정훈내과의원,내과의원,02-421-8067,02-421-8067,서울특별시,송파구,"서울특별시 송파구 삼전로 99 (잠실동, 2층)",2,TRUE,FALSE,TRUE,FALSE,FALSE,05566,수도권,127.090133910971,37.507262374315,11_710
김정자산부인과의원,의원,02-415-7718,02-415-7718,서울특별시,송파구,서울특별시 송파구 석촌호수로 234 (석촌동),0,FALSE,FALSE,FALSE,FALSE,FALSE,05610,수도권,127.102735192556,37.5076453754084,11_710
김혜숙산부인과의원,의원,02-403-7300,02-403-7300,서울특별시,송파구,서울특별시 송파구 마천로41길 22 (마천동),0,FALSE,FALSE,FALSE,FALSE,FALSE,05757,수도권,127.14994730411,37.4968946341351,11_710
성모자애의원,의원,02-419-3464,02-419-3464,서울특별시,송파구,서울특별시 송파구 가락로 158 (송파동),3,TRUE,TRUE,TRUE,FALSE,FALSE,05675,수도권,127.113257730697,37.5031209999929,11_710
연세메디칼내과의원,내과의원,02-423-6001,02-423-6001,서울특별시,송파구,"서울특별시 송파구 가락로 166 (송파동, 2층)",2,TRUE,FALSE,TRUE,FALSE,FALSE,05675,수도권,127.113823181539,37.5035544706884,11_710
연세가정의학과의원,의원,02-400-7450,02-400-7450,서울특별시,송파구,서울특별시 송파구 새말로 134 2층 (문정동) ,3,TRUE,TRUE,TRUE,FALSE,FALSE,05810,수도권,127.128833865415,37.4829769123873,11_710
윤석중내과의원,내과의원,02-421-9366,02-421-9357,서울특별시,송파구,"서울특별시 송파구 올림픽로35길 124 장미아파트 에이상가 1동 4층 1,6,11,12,13,14,15호 (신천동)",5,TRUE,TRUE,TRUE,TRUE,TRUE,05504,수도권,127.10071613049,37.5173394829102,11_710
김기우내과의원,내과의원,02-408-7107,02-408-7107,서울특별시,송파구,"서울특별시 송파구 오금로 507 (거여동, 2층)",4,TRUE,TRUE,TRUE,TRUE,FALSE,05768,수도권,127.145182400016,37.4932343921124,11_710
포유문산부인과의원,의원,02-443-1600,02-443-1600,서울특별시,송파구,서울특별시 송파구 양재대로60길 3-13 가락동 문산부인과 (가락동),1,FALSE,FALSE,FALSE,FALSE,TRUE,05708,수도권,127.116710874557,37.498712352604,11_710
이가정의학과의원,의원,02-407-1002,02-407-1002,서울특별시,송파구,"서울특별시 송파구 동남로 189 506호 (가락동, 가락쌍용@26동 프라자상가 )",0,FALSE,FALSE,FALSE,FALSE,FALSE,05823,수도권,127.129853687565,37.4946614092198,11_710
중앙내과의원,내과의원,02-408-3914,02-408-3914,서울특별시,송파구,서울특별시 송파구 마천로57길 5 마천빌딩 4층 (마천동),2,TRUE,FALSE,TRUE,FALSE,FALSE,05758,수도권,127.151910198472,37.4945339234892,11_710
지파이브(G5)연합의원,의원,02-2047-1133,02-2047-1133,서울특별시,송파구,"서울특별시 송파구 충민로 52 가든파이브웍스 3층 S305,S306호 (문정동)",1,TRUE,FALSE,FALSE,FALSE,FALSE,05839,수도권,127.122746043108,37.4777176293094,11_710
상덕의원,의원,02-486-9284,02-486-9284,서울특별시,송파구,"서울특별시 송파구 바람드리길 62 (풍납동, 2층)",5,TRUE,TRUE,TRUE,TRUE,TRUE,05519,수도권,127.122365863486,37.5367003001398,11_710
메디스콥영상의학과의원,의원,02-406-5588,02-406-5588,서울특별시,송파구,"서울특별시 송파구 송파대로28길 27 102동 211,212호 (가락동, 송파성원쌍떼빌)",2,TRUE,FALSE,TRUE,FALSE,FALSE,05718,수도권,127.120132764747,37.4948121610825,11_710
국민체력센터의원,의원,02-413-5336,02-413-5336,서울특별시,송파구,서울특별시 송파구 올림픽로 424 국민체력센터의원 (방이동) ,4,TRUE,TRUE,FALSE,TRUE,TRUE,05540,수도권,127.115517876627,37.5203396980951,11_710
행복한서내과의원,내과의원,02-443-7826,02-443-7826,서울특별시,송파구,"서울특별시 송파구 마천로 264 2층 3호 (거여동, 흥일빌딩)",5,TRUE,TRUE,TRUE,TRUE,TRUE,05735,수도권,127.146149512256,37.4980805219712,11_710
송파본내과의원,내과의원,02-423-6655,02-423-6655,서울특별시,송파구,서울특별시 송파구 송파대로 385 성룡빌딩 지하1~지상1층 (석촌동),5,TRUE,TRUE,TRUE,TRUE,TRUE,05697,수도권,127.109755559722,37.5016662990031,11_710
삼성산부인과의원,의원,02-449-7582,02-449-7582,서울특별시,송파구,"서울특별시 송파구 법원로11길 11 A동 2층 203호 (문정동, 문정현대지지식산업센터1-1)",0,FALSE,FALSE,FALSE,FALSE,FALSE,05836,수도권,127.118322322397,37.4846302643031,11_710
김윤숙산부인과의원,의원,02-422-7779,02-422-7779,서울특별시,송파구,서울특별시 송파구 올림픽로 108 (잠실동),0,FALSE,FALSE,FALSE,FALSE,FALSE,05557,수도권,127.082765031389,37.5114261730629,11_710
성림내과의원,내과의원,02-420-3308,02-420-3308,서울특별시,송파구,"서울특별시 송파구 백제고분로 276 (석촌동, 공익빌딩 203호)",4,TRUE,TRUE,TRUE,TRUE,FALSE,05679,수도권,127.097258552535,37.5021081097948,11_710
김철우내과의원,내과의원,02-407-4202,02-407-4202,서울특별시,송파구,"서울특별시 송파구 양산로 42 (거여동, 2층)",4,TRUE,TRUE,TRUE,TRUE,FALSE,05773,수도권,127.14448399601,37.4926338265085,11_710
송파우리들의원,의원,02-448-8275,02-448-8275,서울특별시,송파구,"서울특별시 송파구 송파대로 345 2037호,2038호 (가락동, 헬리오시티)",0,FALSE,FALSE,FALSE,FALSE,FALSE,05698,수도권,127.102531804188,37.4976145695004,11_710
최원준내과의원,내과의원,02-418-6258,02-418-6258,서울특별시,송파구,"서울특별시 송파구 올림픽로 145 5층 14호,15호 (잠실동, 리센츠상가)",4,TRUE,TRUE,TRUE,TRUE,FALSE,05502,수도권,127.087041904838,37.5119804600106,11_710
공내과의원,내과의원,02-402-1230,02-402-1230,서울특별시,송파구,서울특별시 송파구 마천로5길 4 삼대양빌딩 4층 (오금동),5,TRUE,TRUE,TRUE,TRUE,TRUE,05657,수도권,127.126738418257,37.5087196639741,11_710
이미정산부인과의원,의원,02-407-2702,02-407-2702,서울특별시,송파구,서울특별시 송파구 동남로 138 3층 (문정동),0,FALSE,FALSE,FALSE,FALSE,FALSE,05796,수도권,127.126242693759,37.4911230155082,11_710
이석호내과의원,내과의원,02-420-7582,02-420-7582,서울특별시,송파구,서울특별시 송파구 백제고분로 469 2층 (방이동),4,TRUE,TRUE,TRUE,TRUE,FALSE,05546,수도권,127.113267654848,37.5125340544667,11_710
연세차내과의원,내과의원,02-431-1257,02-431-1257,서울특별시,송파구,"서울특별시 송파구 문정로4길 14 2층 (문정동, 동산빌딩)",3,TRUE,TRUE,TRUE,FALSE,FALSE,05807,수도권,127.12598509748,37.4849908540459,11_710
두얼의원,의원,02-421-2284,02-421-2284,서울특별시,송파구,서울특별시 송파구 마천로 35 2층 (방이동),0,FALSE,FALSE,FALSE,FALSE,FALSE,05639,수도권,127.124872436196,37.5093225310059,11_710
참내과의원,내과의원,02-430-9168,02-430-9168,서울특별시,송파구,"서울특별시 송파구 동남로 141 2층 (가락동, 옥산빌딩)",5,TRUE,TRUE,TRUE,TRUE,TRUE,05827,수도권,127.126252486711,37.4919026462716,11_710
참사랑가정의원,의원,02-407-7588,02-407-7588,서울특별시,송파구,"서울특별시 송파구 새말로8길 6 (문정동, 2층)",2,TRUE,FALSE,TRUE,FALSE,FALSE,05817,수도권,127.126350492288,37.4822158095347,11_710
엠버여성의원,의원,02-422-0333,02-422-0333,서울특별시,송파구,서울특별시 송파구 송파대로 374 3층 301호 (송파동) ,0,FALSE,FALSE,FALSE,FALSE,FALSE,05676,수도권,127.111218586474,37.5013306576198,11_710
서종내과의원,내과의원,02-419-7579,02-419-7579,서울특별시,송파구,"서울특별시 송파구 백제고분로 168 (잠실동, 2층)",4,TRUE,TRUE,TRUE,TRUE,FALSE,05577,수도권,127.085313533194,37.5048483776498,11_710
김성희마리안산부인과의원,의원,02-419-2009,02-419-2009,서울특별시,송파구,"서울특별시 송파구 올림픽로35가길 9 2층 (신천동, 잠실푸르지오월드마크 )",0,FALSE,FALSE,FALSE,FALSE,FALSE,05510,수도권,127.103444795508,37.5174846188512,11_710
서울아산샘내과의원,내과의원,02-431-0075,02-431-0075,서울특별시,송파구,"서울특별시 송파구 오금로 505 상호빌딩 4층 401호,402호 (거여동)",5,TRUE,TRUE,TRUE,TRUE,TRUE,05768,수도권,127.144848887595,37.49321290704,11_710
서울삼성내과의원,내과의원,02-415-7588,02-415-7588,서울특별시,송파구,서울특별시 송파구 백제고분로 126 오룡빌딩 2층3층4층5층 (잠실동),5,TRUE,TRUE,TRUE,TRUE,TRUE,05574,수도권,127.08075330646,37.5061702039866,11_710
굿앤웰내과소아청소년과의원,내과의원,02-2145-4126,02-2145-4126,서울특별시,송파구,"서울특별시 송파구 올림픽로 212 207호,208호 (잠실동, 갤러리아팰리스)",4,TRUE,TRUE,TRUE,TRUE,FALSE,05553,수도권,127.094231575378,37.5107067799275,11_710
한사랑의원,의원,02-423-5334,02-423-5334,서울특별시,송파구,"서울특별시 송파구 올림픽로 435 (신천동, 파크리오B상가 307호)",0,FALSE,FALSE,FALSE,FALSE,FALSE,05507,수도권,127.104971745978,37.5213592954462,11_710
삼전내과의원,내과의원,02-425-1401,02-425-1401,서울특별시,송파구,서울특별시 송파구 백제고분로 210 2층 (삼전동),3,TRUE,TRUE,TRUE,FALSE,FALSE,05582,수도권,127.089854979646,37.5035609879437,11_710
더블유산부인과의원,의원,02-421-0430,02-421-0430,서울특별시,송파구,"서울특별시 송파구 올림픽로 119 2층 B1,B2호 (잠실동, 잠실파인애플상가)",0,FALSE,FALSE,FALSE,FALSE,FALSE,05501,수도권,127.084186279267,37.5120843432468,11_710
송파GF의원,의원,02-413-9977,02-413-9977,서울특별시,송파구,서울특별시 송파구 백제고분로 261 202호 (삼전동),1,TRUE,FALSE,FALSE,FALSE,FALSE,05603,수도권,127.095534223877,37.5027267956952,11_710
아미산부인과의원,의원,02-3432-7373,02-3432-7373,서울특별시,송파구,"서울특별시 송파구 백제고분로 204 (삼전동, 4층)",0,FALSE,FALSE,FALSE,FALSE,FALSE,05581,수도권,127.089234537921,37.5037486871523,11_710
미소와산부인과의원,의원,02-2135-7585,02-2135-7585,서울특별시,송파구,서울특별시 송파구 법원로 114 엠스테이트 C동 204호 (문정동),0,FALSE,FALSE,FALSE,FALSE,FALSE,05854,수도권,127.12100938212,37.4860552797801,11_710
킴스의원,의원,02-402-6555,02-402-6555,서울특별시,송파구,서울특별시 송파구 오금로 518 2~6층 (거여동),5,TRUE,TRUE,TRUE,TRUE,TRUE,05773,수도권,127.14634805575,37.4927882171137,11_710
햇살가득내과의원,내과의원,02-401-7566,02-476-7566,서울특별시,송파구,"서울특별시 송파구 동남로 236 (가락동, 영빌딩 3,4층)",5,TRUE,TRUE,TRUE,TRUE,TRUE,05769,수도권,127.133518912828,37.497535407404,11_710
한국건강관리협회 건강증진의원,의원,02-2140-6000,02-2140-6000,서울특별시,송파구,"서울특별시 송파구 올림픽로 269 3,5,9층 (신천동, 롯데캐슬골드)",5,TRUE,TRUE,TRUE,TRUE,TRUE,05510,수도권,127.100611434725,37.5144273491608,11_710
고은빛산부인과의원,의원,02-421-3030,02-421-3030,서울특별시,송파구,"서울특별시 송파구 오금로 95 국제빌딩 지하1층, 2~8층 (방이동)",0,FALSE,FALSE,FALSE,FALSE,FALSE,05548,수도권,127.107697279627,37.5137872449326,11_710
송파가정의학과의원,의원,02-417-6165,02-417-6165,서울특별시,송파구,"서울특별시 송파구 오금로32길 28 (송파동, 수정빌딩 201호)",0,FALSE,FALSE,FALSE,FALSE,FALSE,05672,수도권,127.119251232146,37.5039476303006,11_710
Dr홍연합의원,의원,02-483-0075,02-483-0075,서울특별시,송파구,서울특별시 송파구 토성로 78 203호 (풍납동) ,1,TRUE,FALSE,FALSE,FALSE,FALSE,05538,수도권,127.118409964876,37.5280338232329,11_710
잠실연세내과의원,내과의원,02-417-7600,02-417-7600,서울특별시,송파구,"서울특별시 송파구 올림픽로 116 (잠실동, 메디시티빌딩 6층)",5,TRUE,TRUE,TRUE,TRUE,TRUE,05558,수도권,127.083493797373,37.5113414162929,11_710
서울삼성여성의원,의원,02-2202-0230,02-2202-0230,서울특별시,송파구,서울특별시 송파구 석촌호수로 61 트리지움 413호 (잠실동) ,0,FALSE,FALSE,FALSE,FALSE,FALSE,05555,수도권,127.086224807954,37.5106960472158,11_710
유비아여성의원,의원,02-414-9922,02-414-9922,서울특별시,송파구,"서울특별시 송파구 올림픽로 106 (잠실동, 10층) ",0,FALSE,FALSE,FALSE,FALSE,FALSE,05557,수도권,127.082554280386,37.5113962270067,11_710
본가정의학과의원,의원,02-3431-7937,02-3431-7937,서울특별시,송파구,"서울특별시 송파구 올림픽로 435 (신천동, 파크리오B상가 411호)",0,FALSE,FALSE,FALSE,FALSE,FALSE,05507,수도권,127.104971745978,37.5213592954462,11_710
건강한내과의원,내과의원,02-424-2842,02-424-2842,서울특별시,송파구,"서울특별시 송파구 충민로2길 24 (장지동, 리더스플라자 401호)",4,TRUE,TRUE,TRUE,TRUE,FALSE,05816,수도권,127.127283305984,37.4776438114231,11_710
(스카이메디)연세건강증진내과의원,내과의원,02-418-9999,02-418-9999,서울특별시,송파구,"서울특별시 송파구 송파대로 371 2층,3층,4층 (석촌동) ",5,TRUE,TRUE,TRUE,TRUE,TRUE,05697,수도권,127.110750931193,37.5007800420051,11_710
메디큐내과의원,내과의원,02-6032-7001,02-6032-7001,서울특별시,송파구,서울특별시 송파구 삼전로 77 성원빌딩 2층 (잠실동),4,TRUE,TRUE,TRUE,TRUE,FALSE,05567,수도권,127.088725786582,37.5056186560075,11_710
사랑아이여성의원,의원,02-419-7502,02-419-7501,서울특별시,송파구,"서울특별시 송파구 백제고분로 69 2,3층 (잠실동, 애플타워)",0,FALSE,FALSE,FALSE,FALSE,FALSE,05556,수도권,127.079041855687,37.5105318635531,11_710
서울아산탑내과의원,내과의원,02-412-5800,02-412-5800,서울특별시,송파구,서울특별시 송파구 마천로 25 민성빌딩 2층 (방이동),5,TRUE,TRUE,TRUE,TRUE,TRUE,05639,수도권,127.123907241992,37.5096840391612,11_710
연세믿음내과의원,내과의원,02-3432-8851,02-3432-9951,서울특별시,송파구,"서울특별시 송파구 올림픽로 119 잠실파인애플상가 3층 B11, B12호 (잠실동)",4,TRUE,TRUE,TRUE,TRUE,FALSE,05501,수도권,127.084186279267,37.5120843432468,11_710
서울권앤김내과의원,내과의원,02-421-8811,02-421-8811,서울특별시,송파구,"서울특별시 송파구 석촌호수로 61 3층 308호 (잠실동, 트리지움상가)",5,TRUE,TRUE,TRUE,TRUE,TRUE,05555,수도권,127.086211355223,37.5107020036631,11_710
위례별가정의학과의원,의원,02-443-8275,02-443-8275,서울특별시,송파구,"서울특별시 송파구 위례광장로 136 상가D동 202,203,204호 (장지동, 위례아이파크) ",4,TRUE,TRUE,TRUE,TRUE,FALSE,05852,수도권,127.142374845651,37.4771958181254,11_710
오금우리내과의원,내과의원,02-409-3030,02-409-3030,서울특별시,송파구,서울특별시 송파구 마천로 190 청전빌딩 3층 (오금동) ,4,TRUE,TRUE,TRUE,TRUE,FALSE,05739,수도권,127.139709410782,37.5025486507772,11_710
미래연여성의원,의원,02-6012-2220,02-6012-2220,서울특별시,송파구,"서울특별시 송파구 올림픽로35다길 42 2층 202호 (신천동, 한국루터회관)",0,FALSE,FALSE,FALSE,FALSE,FALSE,05510,수도권,127.103068896795,37.5152535228382,11_710
송파성모내과의원,내과의원,02-6080-1721,02-6080-1721,서울특별시,송파구,"서울특별시 송파구 법원로 114 엠스테이트 C동 2층 207,208,220,221호 (문정동) ",5,TRUE,TRUE,TRUE,TRUE,TRUE,05854,수도권,127.12100938212,37.4860552797801,11_710
오수연유외과의원,의원,02-423-6152,02-423-6152,서울특별시,송파구,"서울특별시 송파구 법원로 114 C동 209, 210호 (문정동, 엠스테이트)",1,FALSE,FALSE,FALSE,FALSE,TRUE,05854,수도권,127.12100938212,37.4860552797801,11_710
다온헬스케어의원,의원,02-6941-0101,02-6941-0101,서울특별시,송파구,"서울특별시 송파구 송파대로 111 (문정동, 파크하비오 하비오타워 법조대로 205동 401~419호)",5,TRUE,TRUE,TRUE,TRUE,TRUE,05837,수도권,127.124979804141,37.4796870553794,11_710
이민규내과의원,내과의원,02-401-0058,02-401-0058,서울특별시,송파구,"서울특별시 송파구 새말로 125 4층 403호 (문정동, 어은회관)",4,TRUE,TRUE,TRUE,TRUE,FALSE,05809,수도권,37.48306713457664,127.12805919259907,11_710
삼성어울림의원,의원,02-2038-0179,02-2038-0179,서울특별시,송파구,"서울특별시 송파구 송파대로 562 9층 일부 호 (신천동, 한빛프라자,삼성웰리스아파트)",1,TRUE,FALSE,FALSE,FALSE,FALSE,05510,수도권,127.099502662936,37.5153235254771,11_710
김미경산부인과의원,의원,02-402-2700,02-401-2256,서울특별시,송파구,"서울특별시 송파구 송파대로 111 205동 313호 (문정동, 파크하비오)",0,FALSE,FALSE,FALSE,FALSE,FALSE,05837,수도권,127.124979804141,37.4796870553794,11_710
송파항외과의원,의원,02-402-2777,02-402-2777,서울특별시,송파구,서울특별시 송파구 오금로 420 한라산업개발빌딩 6층 (가락동),4,TRUE,TRUE,TRUE,TRUE,FALSE,05769,수도권,127.136277101616,37.4969894018022,11_710
비너스산부인과의원,의원,02-2138-3675,02-2138-3675,서울특별시,송파구,서울특별시 송파구 송파대로 284 소석빌딩 4층 (가락동) ,0,FALSE,FALSE,FALSE,FALSE,FALSE,05711,수도권,127.117287159025,37.4948013251605,11_710
속속내과의원,내과의원,02-408-7555,02-408-7555,서울특별시,송파구,서울특별시 송파구 양재대로 1164 홍일빌딩 6층 (오금동),5,TRUE,TRUE,TRUE,TRUE,TRUE,05652,수도권,127.128258090026,37.5110472091949,11_710
송파윌내과의원,내과의원,02-406-3611,02-406-3611,서울특별시,송파구,"서울특별시 송파구 오금로 404 (가락동, 303호)",4,TRUE,TRUE,TRUE,TRUE,FALSE,05769,수도권,127.135121781578,37.4975927810188,11_710
이브여성의원,의원,02-3402-3378,02-3402-3378,서울특별시,송파구,"서울특별시 송파구 오금로 507 (거여동, 거여빌딩 401호)",0,FALSE,FALSE,FALSE,FALSE,FALSE,05768,수도권,127.145182400016,37.4932343921124,11_710
연세국민건강내과소아청소년과의원,내과의원,02-6954-7525,02-6954-7525,서울특별시,송파구,"서울특별시 송파구 중대로 105 가락 ID TOWER 201~203, 301, 303호 (가락동)",5,TRUE,TRUE,TRUE,TRUE,TRUE,05719,수도권,127.120052549745,37.493586152986,11_710
삼성강내과의원,내과의원,02-407-7950,02-407-7950,서울특별시,송파구,"서울특별시 송파구 양재대로 1222 올림픽프라자 2층 70,3호 (방이동)",4,TRUE,TRUE,TRUE,TRUE,FALSE,05648,수도권,127.131063164753,37.5157276361757,11_710
잠실연세하와유외과의원,의원,02-415-7001,02-415-7001,서울특별시,송파구,"서울특별시 송파구 송파대로 562 4층 (신천동, 한빛프라자,삼성웰리스아파트)",1,FALSE,FALSE,FALSE,FALSE,TRUE,05510,수도권,127.099502662936,37.5153235254771,11_710
민성가정의학과의원,의원,02-422-9970,02-422-9970,서울특별시,송파구,서울특별시 송파구 백제고분로 216 401호 (삼전동),0,FALSE,FALSE,FALSE,FALSE,FALSE,05582,수도권,127.090519177046,37.5033659538082,11_710
서울박현경내과의원,내과의원,02-6952-0094,02-6952-0094,서울특별시,송파구,서울특별시 송파구 가락로 111 영보빌딩 2층 201호 (석촌동),4,TRUE,TRUE,TRUE,TRUE,FALSE,05687,수도권,127.108341744476,37.5015526358242,11_710
닥터예스팀산부인과의원,의원,02-423-6614,02-423-6614,서울특별시,송파구,서울특별시 송파구 마천로 29 6층 (방이동),0,FALSE,FALSE,FALSE,FALSE,FALSE,05639,수도권,127.124243586707,37.5095312359703,11_710
호수내과의원,내과의원,02-422-4566,02-422-4566,서울특별시,송파구,"서울특별시 송파구 송파대로 438 녹십초빌딩 2,3층 (송파동)",5,TRUE,TRUE,TRUE,TRUE,TRUE,05626,수도권,127.107019269988,37.5059260588638,11_710
아산미즈영상의학과의원,의원,02-474-5599,02-474-5599,서울특별시,송파구,"서울특별시 송파구 강동대로 74 5층 501,502호 (풍납동)",1,FALSE,FALSE,FALSE,FALSE,TRUE,05506,수도권,127.114931882654,37.5264402340298,11_710
아산사랑의원,의원,02-485-8508,02-485-8508,서울특별시,송파구,"서울특별시 송파구 풍성로 52 상가동 1층 16,17호 (풍납동, 대아아파트)",0,FALSE,FALSE,FALSE,FALSE,FALSE,05528,수도권,127.118097938009,37.5334814070449,11_710
송파베스트내과의원,내과의원,02-6213-5200,,서울특별시,송파구,서울특별시 송파구 법원로 128 문정에스케이브이원지엘메트로시티 C동 2층 208~210호 (문정동),5,TRUE,TRUE,TRUE,TRUE,TRUE,05854,수도권,127.120453991896,37.4868314347245,11_710
연세송앤김내과의원,내과의원,02-423-3242,02-423-3242,서울특별시,송파구,"서울특별시 송파구 삼전로10길 11 1~2층 103~105, 2층전체호 (삼전동)",4,TRUE,TRUE,TRUE,TRUE,FALSE,05600,수도권,127.090762393196,37.5057532505897,11_710
연세수피아산부인과의원,의원,02-408-8275,02-408-8275,서울특별시,송파구,서울특별시 송파구 위례서로 248 301~302호 (거여동),0,FALSE,FALSE,FALSE,FALSE,FALSE,05790,수도권,127.142262855079,37.4866427532962,11_710
강플러스내과의원,내과의원,02-400-8827,02-400-8827,서울특별시,송파구,"서울특별시 송파구 마천로 295-1 메디파크빌딩 2,3층 (마천동)",5,TRUE,TRUE,TRUE,TRUE,TRUE,05757,수도권,127.149199609227,37.4962804641087,11_710
더힐병원,병원,02-401-2119,1555-1627,서울특별시,송파구,서울특별시 송파구 송이로 81 지하2층~지상7층층 (가락동) ,2,TRUE,FALSE,TRUE,FALSE,FALSE,05706,수도권,127.120406004335,37.4987777513439,11_710
연세라이프내과의원,내과의원,02-6956-7579,02-6956-7579,서울특별시,송파구,서울특별시 송파구 올림픽로 114 서경빌딩 4층 (잠실동),5,TRUE,TRUE,TRUE,TRUE,TRUE,05558,수도권,127.083186991735,37.5113890255791,11_710
닥터오즈여성의원,의원,02-420-5350,02-420-5350,서울특별시,송파구,"서울특별시 송파구 올림픽로35길 112 장미상가 B동 224,225,232,233호 (신천동) (신천동)",0,FALSE,FALSE,FALSE,FALSE,FALSE,05504,수도권,127.101917258808,37.5178866228576,11_710
마천서울내과의원,내과의원,02-408-8119,02-408-8119,서울특별시,송파구,서울특별시 송파구 거마로 61 강동중앙의원 2층 (마천동),5,TRUE,TRUE,TRUE,TRUE,TRUE,05734,수도권,127.14641603571,37.4984748324042,11_710
하나산부인과의원,의원,02-408-3814,02-408-3814,서울특별시,송파구,서울특별시 송파구 마천로 53 3층 (오금동),0,FALSE,FALSE,FALSE,FALSE,FALSE,05657,수도권,127.126658283213,37.5085512621356,11_710
연세행복내과의원,내과의원,02-2088-7768,02-2088-7768,서울특별시,송파구,서울특별시 송파구 오금로 414 명문빌딩 3층 301호 (가락동),2,TRUE,FALSE,TRUE,FALSE,FALSE,05769,수도권,127.13591630406,37.4972078608831,11_710
백상기백광현내과의원,내과의원,02-484-4377,02-484-4377,서울특별시,송파구,"서울특별시 송파구 토성로 65 202-4호 (풍납동, 태양상가)",5,TRUE,TRUE,TRUE,TRUE,TRUE,05531,수도권,127.117345632021,37.5289079557842,11_710
연세헬리오산부인과의원,의원,02-6482-0008,02-6482-0008,서울특별시,송파구,"서울특별시 송파구 송파대로 345 1A동 4006호 (가락동, 헬리오시티)",0,FALSE,FALSE,FALSE,FALSE,FALSE,05698,수도권,127.102531804188,37.4976145695004,11_710
연세샘유영상의학과의원,의원,02-419-7700,02-419-7700,서울특별시,송파구,"서울특별시 송파구 올림픽로35가길 10 상가동 2층 (신천동, 잠실 더샵스타파크) ",1,FALSE,FALSE,FALSE,FALSE,TRUE,05510,수도권,127.102633008407,37.516940130045,11_710
세온내과의원,내과의원,02-6471-7576,02-6471-7575,서울특별시,송파구,"서울특별시 송파구 올림픽로 212 2층 201호일부,213,214호 (잠실동, 갤러리아팰리스) ",5,TRUE,TRUE,TRUE,TRUE,TRUE,05553,수도권,127.094231575378,37.5107067799275,11_710
드림권내과의원,내과의원,02-6224-7575,02-6224-7575,서울특별시,송파구,"서울특별시 송파구 송파대로 345 A동 5층 5001,5002,5003,5004일부,5011호 (가락동, 헬리오시티) ",5,TRUE,TRUE,TRUE,TRUE,TRUE,05698,수도권,127.102531804188,37.4976145695004,11_710
연세리센츠산부인과의원,의원,02-412-7788,02-412-7788,서울특별시,송파구,"서울특별시 송파구 올림픽로 145 리센츠 4층 4B17일부, 4B18호 (잠실동) ",0,FALSE,FALSE,FALSE,FALSE,FALSE,05502,수도권,127.087041904838,37.5119804600106,11_710
문정유외과의원,의원,02-401-1220,02-401-1220,서울특별시,송파구,"서울특별시 송파구 법원로 128 문정역SKV1 A동 208, 209호 (문정동) ",1,FALSE,FALSE,FALSE,FALSE,TRUE,05854,수도권,127.120453991896,37.4868314347245,11_710
삼성포근한내과의원,내과의원,02-409-7127,02-409-7127,서울특별시,송파구,서울특별시 송파구 백제고분로 446 송암빌딩 201호 (방이동) ,4,TRUE,TRUE,TRUE,TRUE,FALSE,05641,수도권,127.112744120149,37.5104581017222,11_710
송파서울산부인과의원,의원,02-2088-4880,02-2088-4880,서울특별시,송파구,서울특별시 송파구 법원로 114 엠스테이트 c동 2층 213호 (문정동) ,0,FALSE,FALSE,FALSE,FALSE,FALSE,05854,수도권,127.12100938212,37.4860552797801,11_710
프리샤산부인과의원,의원,02-6412-1234,02-6412-1234,서울특별시,송파구,"서울특별시 송파구 송파대로 562 4층 (신천동, 웰리스타워,삼성웰리스아파트) ",0,FALSE,FALSE,FALSE,FALSE,FALSE,05510,수도권,127.099502662936,37.5153235254771,11_710
윤선웅내과의원,내과의원,02-421-5628,02-421-5628,서울특별시,송파구,서울특별시 송파구 삼학사로 100 그랜드 빌딩 6층 601호 (석촌동) ,4,TRUE,TRUE,TRUE,TRUE,FALSE,05612,수도권,127.097509133661,37.5061702651501,11_710
드림365내과의원,내과의원,02-401-7277,02-401-7277,서울특별시,송파구,서울특별시 송파구 동남로 200 2층 (가락동) ,2,TRUE,FALSE,TRUE,FALSE,FALSE,05784,수도권,127.130915993674,37.4951255164423,11_710
새봄여성의원,의원,02-6677-7576,02-6677-7576,서울특별시,송파구,서울특별시 송파구 석촌호수로 160 수연빌딩 4층 (삼전동) ,0,FALSE,FALSE,FALSE,FALSE,FALSE,05601,수도권,127.094781280361,37.5066902027774,11_710
애플산부인과의원,의원,02-417-4004,02-417-4004,서울특별시,송파구,"서울특별시 송파구 올림픽로 114 8층 (잠실동, 서경빌딩) ",0,FALSE,FALSE,FALSE,FALSE,FALSE,05558,수도권,127.08320714963,37.5114114463838,11_710
잠실유외과의원,의원,02-421-7575,02-421-7575,서울특별시,송파구,서울특별시 송파구 올림픽로 289 잠실시그마타워 4층 (신천동) ,1,FALSE,FALSE,FALSE,FALSE,TRUE,05510,수도권,127.102522142353,37.5146152773177,11_710
서울리센츠내과 영상의학과의원,내과의원,02-6426-3388,02-6426-3388,서울특별시,송파구,서울특별시 송파구 올림픽로 145 리센츠 4층 4씨 03호 (잠실동) ,5,TRUE,TRUE,TRUE,TRUE,TRUE,05502,수도권,127.087041904838,37.5119804600106,11_710
연세굿샘내과의원,내과의원,02-6475-1234,02-6475-1234,서울특별시,송파구,서울특별시 송파구 올림픽로 289 잠실시그마타워 4층 (신천동) ,1,TRUE,FALSE,FALSE,FALSE,FALSE,05510,수도권,127.102522142353,37.5146152773177,11_710
한국보훈복지의료공단 중앙보훈병원,종합병원,02-2225-1526,02-2225-1111,서울특별시,강동구,서울특별시 강동구 진황도로61길 53 (둔촌동) ,1,TRUE,FALSE,FALSE,FALSE,FALSE,05368,수도권,127.147925555901,37.5284637471127,11_740
성심의료재단강동성심병원,종합병원,02-2224-2177,02-2224-2114,서울특별시,강동구,서울특별시 강동구 성안로 150 (길동),5,TRUE,TRUE,TRUE,TRUE,TRUE,05355,수도권,127.135335702535,37.5361555499193,11_740
강동경희대학교의대병원,종합병원,02-440-7000,02-440-7114,서울특별시,강동구,서울특별시 강동구 동남로 892 (상일동),5,TRUE,TRUE,TRUE,TRUE,TRUE,05278,수도권,127.157084787845,37.5520459324005,11_740
양병원,병원,02-480-8000,02-480-8000,서울특별시,강동구,서울특별시 강동구 천호대로 1159 (길동) ,5,TRUE,TRUE,TRUE,TRUE,TRUE,05356,수도권,127.140123786539,37.5340665832454,11_740
리더스병원,병원,02-333-3080,02-333-3080,서울특별시,강동구,서울특별시 강동구 천호대로 1044 (성내동),4,TRUE,TRUE,TRUE,TRUE,FALSE,05379,수도권,127.127728449459,37.536946811626,11_740
청병원,병원,02-2202-3114,02-2202-3114,서울특별시,강동구,서울특별시 강동구 올림픽로 546 G.M.F.빌딩 (성내동),5,TRUE,TRUE,TRUE,TRUE,TRUE,05398,수도권,127.121022361639,37.530247187452,11_740
조은마디병원,병원,02-487-1121,02-487-1121,서울특별시,강동구,서울특별시 강동구 천호대로170길 19 (성내동),5,TRUE,TRUE,TRUE,TRUE,TRUE,05381,수도권,1874.1903914713334,4655183.1904351,11_740
사랑플러스병원,병원,02-1661-9991,02-1661-9991,서울특별시,강동구,서울특별시 강동구 양재대로 1580 (명일동) ,5,TRUE,TRUE,TRUE,TRUE,TRUE,05295,수도권,127.143605912129,37.5466848586676,11_740
달려라병원,병원,-1600-7511,1600-7511,서울특별시,강동구,서울특별시 강동구 천호대로 1110 지하5~지상9층 (성내동) ,4,TRUE,TRUE,TRUE,TRUE,FALSE,05373,수도권,127.134730497383,37.534710587344,11_740
허리나은병원,병원,02-472-0114,02-472-0114,서울특별시,강동구,"서울특별시 강동구 양재대로 1415 지하4, 지상5층 (성내동) ",2,TRUE,FALSE,TRUE,FALSE,FALSE,05375,수도권,127.137628283086,37.5324911454378,11_740
올바른서울병원,병원,-1588-7740,02-1588-7740,서울특별시,강동구,서울특별시 강동구 양재대로 1525 명품빌딩 (천호동),5,TRUE,TRUE,TRUE,TRUE,TRUE,05316,수도권,127.141295131037,37.542099851435,11_740
고은빛여성병원,병원,-1577-0082,1577-0082,서울특별시,강동구,서울특별시 강동구 천호대로 1151 (길동),4,TRUE,TRUE,FALSE,TRUE,TRUE,05356,수도권,127.139335813162,37.5341560838916,11_740
서울미즈병원,병원,02-470-9114,02-470-9114,서울특별시,강동구,서울특별시 강동구 천호대로 1043 (천호동) ,5,TRUE,TRUE,TRUE,TRUE,TRUE,05335,수도권,127.128104569889,37.537623055094,11_740
서울현대요양병원,병원,02-484-7588,02-484-7588,서울특별시,강동구,서울특별시 강동구 올림픽로 684 서울현대요양병원 (천호동) ,1,TRUE,FALSE,FALSE,FALSE,FALSE,05327,수도권,127.125299088829,37.542278195613,11_740
지엘여성의원,의원,02-470-0167,02-470-0167,서울특별시,강동구,서울특별시 강동구 양재대로 1479 (길동),0,FALSE,FALSE,FALSE,FALSE,FALSE,05342,수도권,127.139809407179,37.5380875778472,11_740
김창환산부인과의원,의원,02-487-7199,02-487-7199,서울특별시,강동구,서울특별시 강동구 구천면로 322 (천호동),0,FALSE,FALSE,FALSE,FALSE,FALSE,05309,수도권,127.135613296399,37.5480534642613,11_740
한나산부인과의원,의원,02-428-7880,02-428-7880,서울특별시,강동구,"서울특별시 강동구 구천면로 287-1 1층,2층3층 (천호동)",0,FALSE,FALSE,FALSE,FALSE,FALSE,05320,수도권,127.133333852453,37.5457551807589,11_740
고내과의원,내과의원,02-477-2529,02-477-2529,서울특별시,강동구,서울특별시 강동구 구천면로 232 (천호동),2,TRUE,FALSE,TRUE,FALSE,FALSE,05334,수도권,127.130302232039,37.5411461715748,11_740
김상곤내과의원,내과의원,02-429-1159,02-429-1159,서울특별시,강동구,서울특별시 강동구 고덕로83길 14 (고덕동),3,TRUE,TRUE,TRUE,FALSE,FALSE,05222,수도권,127.16891138348,37.5577459800108,11_740
연세내과의원,내과의원,02-483-7825,02-483-7825,서울특별시,강동구,서울특별시 강동구 양재대로 1603 (천호동),3,TRUE,TRUE,TRUE,FALSE,FALSE,05306,수도권,127.143362463805,37.5487905167291,11_740
이종수내과의원,내과의원,02-441-6905,02-441-6905,서울특별시,강동구,서울특별시 강동구 동남로81길 100 2층 (고덕동),3,TRUE,TRUE,TRUE,FALSE,FALSE,05227,수도권,127.151708546616,37.5589862229867,11_740
연세이내과의원,내과의원,02-475-2935,02-475-2935,서울특별시,강동구,"서울특별시 강동구 진황도로61길 7 202호 (둔촌동, 둔촌동현대아파트)",3,TRUE,TRUE,TRUE,FALSE,FALSE,05367,수도권,127.143825172961,37.5294017081741,11_740
정형진내과의원,내과의원,02-470-5864,02-470-5864,서울특별시,강동구,서울특별시 강동구 천호대로 1199 3층 (길동),4,TRUE,TRUE,TRUE,TRUE,FALSE,05350,수도권,127.144152893093,37.5350887838688,11_740
노민관가정의학과의원,의원,02-489-2410,02-489-2410,서울특별시,강동구,서울특별시 강동구 천호대로 1210 3층 (둔촌동),3,TRUE,TRUE,TRUE,FALSE,FALSE,05360,수도권,127.145659416639,37.534930341506,11_740
정인성내과의원,내과의원,02-3427-5161,02-3427-5161,서울특별시,강동구,서울특별시 강동구 올림픽로 775 (암사동),5,TRUE,TRUE,TRUE,TRUE,TRUE,05241,수도권,127.127315684764,37.5503817811933,11_740
명일건내과의원,내과의원,02-428-2407,02-428-2407,서울특별시,강동구,"서울특별시 강동구 동남로73길 26 2층 204호 (명일동, 고덕복합빌딩)",1,TRUE,FALSE,FALSE,FALSE,FALSE,05269,수도권,127.154782936805,37.5532988356176,11_740
우정희산부인과의원,의원,02-473-8883,02-473-8883,서울특별시,강동구,"서울특별시 강동구 천호대로 1027 (천호동, 일동통상천호빌딩)",0,FALSE,FALSE,FALSE,FALSE,FALSE,05329,수도권,127.126395521678,37.5381084632581,11_740
고운맘의원,의원,02-471-6045,02-471-6045,서울특별시,강동구,"서울특별시 강동구 천호대로 1089 4층 3호 (천호동, 강동헤르셔)",0,FALSE,FALSE,FALSE,FALSE,FALSE,05339,수도권,127.133115595362,37.5366048791746,11_740
예은산부인과의원,의원,02-426-7488,02-426-7488,서울특별시,강동구,서울특별시 강동구 고덕로 256 명성프라자 3층 303호 (명일동) ,0,FALSE,FALSE,FALSE,FALSE,FALSE,05269,수도권,127.154105278912,37.5546198628524,11_740
퀸즈여성의원,의원,02-428-2223,02-428-2223,서울특별시,강동구,서울특별시 강동구  양재대로 1365 (성내동),0,FALSE,FALSE,FALSE,FALSE,FALSE,05404,수도권,127.135874866354,37.5280657478158,11_740
조희준내과의원,내과의원,02-477-7545,02-477-7545,서울특별시,강동구,서울특별시 강동구 올림픽로 651 예경빌딩 (천호동) ,4,TRUE,TRUE,TRUE,TRUE,FALSE,05248,수도권,127.123313958545,37.5397559555383,11_740
송산부인과의원,의원,02-485-1369,02-485-1369,서울특별시,강동구,서울특별시 강동구 천호대로170길 19 조은마디병원 (성내동),0,FALSE,FALSE,FALSE,FALSE,FALSE,05381,수도권,127.133211287427,37.5343626326079,11_740
유나산부인과의원,의원,02-477-1110,02-477-1110,서울특별시,강동구,"서울특별시 강동구 천호대로 1116 205,206호 (성내동)",0,FALSE,FALSE,FALSE,FALSE,FALSE,05373,수도권,127.135156170058,37.5346033324204,11_740
365열린의원,의원,02-478-0365,02-478-0365,서울특별시,강동구,"서울특별시 강동구 올림픽로 664 3층 (천호동, 대우한강베네시티)",1,TRUE,FALSE,FALSE,FALSE,FALSE,05328,수도권,127.124975762766,37.540555377209,11_740
서울준내과의원,내과의원,02-6925-5154,02-6925-5154,서울특별시,강동구,서울특별시 강동구 양재대로 1477 4층 (길동),4,TRUE,TRUE,TRUE,TRUE,FALSE,05353,수도권,127.139680280513,37.537770398582,11_740
김형철신경과의원,의원,02-478-5856,02-478-5856,서울특별시,강동구,서울특별시 강동구  양재대로 1477 (길동),1,TRUE,FALSE,FALSE,FALSE,FALSE,05353,수도권,127.139680280513,37.537770398582,11_740
조한준가정의학과의원,의원,02-472-3396,02-472-3396,서울특별시,강동구,서울특별시 강동구 천호대로187길 53 2층 (길동),4,TRUE,TRUE,TRUE,TRUE,FALSE,05351,수도권,127.142789735267,37.5366226804055,11_740
오수혁내과의원,내과의원,02-478-2489,02-478-2489,서울특별시,강동구,"서울특별시 강동구 천호대로 997 (천호동, 신라빌딩)",4,TRUE,TRUE,TRUE,TRUE,FALSE,05248,수도권,127.123301730964,37.5393391659214,11_740
강동구보건소,보건기관,02-3425-6813,02-3425-6655,서울특별시,강동구,서울특별시 강동구 성내로 45 (성내동),1,TRUE,FALSE,FALSE,FALSE,FALSE,05397,수도권,127.125585505976,37.5295419850552,11_740
위앤장참사랑내과의원,내과의원,02-471-9134,02-471-9133,서울특별시,강동구,"서울특별시 강동구 천호대로 1123 (길동, 건영빌딩)",4,TRUE,TRUE,TRUE,TRUE,FALSE,05355,수도권,127.136504379245,37.5350443530047,11_740
이준상내과의원,내과의원,02-475-9941,02-475-9941,서울특별시,강동구,"서울특별시 강동구 양재대로89길 16 2층 204,205,212,221,222호 (성내동, 파크프라자)",4,TRUE,TRUE,TRUE,FALSE,TRUE,05404,수도권,127.134695601656,37.5268826423806,11_740
푸른산부인과의원,의원,02-485-0078,02-485-0078,서울특별시,강동구,서울특별시 강동구 양재대로 1325 (성내동),0,FALSE,FALSE,FALSE,FALSE,FALSE,05405,수도권,127.134585326904,37.5248196548049,11_740
강동내과의원,내과의원,02-472-4836,02-478-2002,서울특별시,강동구,서울특별시 강동구 올림픽로 624 (성내동),5,TRUE,TRUE,TRUE,TRUE,TRUE,05378,수도권,127.1232435281,37.5370435694342,11_740
늘편한내과의원,내과의원,02-489-2343,02-489-2343,서울특별시,강동구,서울특별시 강동구 양재대로 1325 (성내동),2,TRUE,FALSE,TRUE,FALSE,FALSE,05405,수도권,127.134585326904,37.5248196548049,11_740
명성연세내과의원,내과의원,02-441-9905,02-441-9905,서울특별시,강동구,"서울특별시 강동구 구천면로 428 308호 (명일동, 센트로빌)",2,TRUE,FALSE,TRUE,FALSE,FALSE,05292,수도권,127.146158111488,37.550156245641,11_740
예사랑의원,의원,02-478-6070,02-478-6070,서울특별시,강동구,서울특별시 강동구 구천면로 372 (천호동),0,FALSE,FALSE,FALSE,FALSE,FALSE,05305,수도권,127.139907134007,37.5504833114959,11_740
영림내과의원,내과의원,02-476-1615,02-476-1615,서울특별시,강동구,"서울특별시 강동구 구천면로 233 한양메디스퀘어 8,9층 (천호동)",5,TRUE,TRUE,TRUE,TRUE,TRUE,05326,수도권,127.130124238718,37.5416637215789,11_740
강동연세내과의원,내과의원,02-3426-7575,02-3426-7575,서울특별시,강동구,"서울특별시 강동구 올림픽로 782 3층 (암사동, 501타워)",5,TRUE,TRUE,TRUE,TRUE,TRUE,05264,수도권,127.128126213246,37.5508657313861,11_740
김윤아산부인과의원,의원,02-488-8383,02-488-8383,서울특별시,강동구,"서울특별시 강동구 올림픽로78길 60 3-228호 (천호동, 강동 밀레니얼 중흥S-클래스) ",0,FALSE,FALSE,FALSE,FALSE,FALSE,05326,수도권,127.128499316444,37.5409734434557,11_740
가람내과의원,내과의원,02-427-7575,02-427-7575,서울특별시,강동구,"서울특별시 강동구 아리수로50길 50 4층 11호 (고덕동, 래미안힐스테이트고덕)",2,TRUE,FALSE,TRUE,FALSE,FALSE,05229,수도권,127.148577708994,37.5576864625383,11_740
미애로여성의원,의원,02-426-0785,02-426-0785,서울특별시,강동구,"서울특별시 강동구 올림픽로 782 (암사동, 501타워)",0,FALSE,FALSE,FALSE,FALSE,FALSE,05264,수도권,127.128126213246,37.5508657313861,11_740
다사랑산부인과의원,의원,02-484-0868,02-484-0868,서울특별시,강동구,서울특별시 강동구 천호대로 1124 (성내동),0,FALSE,FALSE,FALSE,FALSE,FALSE,05373,수도권,127.136192062668,37.5343360769717,11_740
강동서울의원,의원,02-488-1190,02-488-1190,서울특별시,강동구,서울특별시 강동구 천호대로 1119 (길동),5,TRUE,TRUE,TRUE,TRUE,TRUE,05355,수도권,127.136042655006,37.5351744496191,11_740
서울삼성내과의원,내과의원,02-441-9114,02-441-9114,서울특별시,강동구,"서울특별시 강동구 고덕로 133 512호 (암사동, 강동롯데캐슬퍼스트아파트 상가동) ",4,TRUE,TRUE,TRUE,TRUE,FALSE,05236,수도권,127.140347239304,37.5552528493133,11_740
훈훈한내과의원,내과의원,02-484-7600,02-484-7600,서울특별시,강동구,서울특별시 강동구 양재대로 1488 (길동),5,TRUE,TRUE,TRUE,TRUE,TRUE,05351,수도권,127.14057632813,37.5385752794508,11_740
강동김내과의원,내과의원,02-479-0075,02-479-0075,서울특별시,강동구,서울특별시 강동구 풍성로 178 (성내동),5,TRUE,TRUE,TRUE,TRUE,TRUE,05395,수도권,127.131398994025,37.5300450859692,11_740
류마내과의원,내과의원,02-474-5450,474-5450,서울특별시,강동구,서울특별시 강동구 천호대로 1099 5층 502호 (천호동) ,2,TRUE,FALSE,TRUE,FALSE,FALSE,05339,수도권,127.1341185836,37.5357610390815,11_740
로앤산부인과의원,의원,02-474-6622,02-474-6622,서울특별시,강동구,서울특별시 강동구 천호대로 1015 (천호동),0,FALSE,FALSE,FALSE,FALSE,FALSE,05328,수도권,127.125107663778,37.5385041121306,11_740
하나의원,의원,02-477-7585,477-7585,서울특별시,강동구,서울특별시 강동구 양재대로 1355 (성내동) ,0,FALSE,FALSE,FALSE,FALSE,FALSE,05404,수도권,127.135616051172,37.5273952498819,11_740
길동미래로내과의원,내과의원,02-482-7511,02-482-7511,서울특별시,강동구,서울특별시 강동구 천중로 237 (길동),4,TRUE,TRUE,TRUE,TRUE,FALSE,05304,수도권,127.146722637782,37.5408324645707,11_740
강일성모내과의원,내과의원,02-429-1212,429-1212,서울특별시,강동구,"서울특별시 강동구 아리수로93길 9 (강일동, 골드프라자 502) ",4,TRUE,TRUE,TRUE,TRUE,FALSE,05211,수도권,127.174353860744,37.5652410196081,11_740
둔촌웰니스의원,의원,02-554-7979,02-554-7979,서울특별시,강동구,서울특별시 강동구 양재대로 1360 포레온스테이션5 4층 4001~4008호 (둔촌동) ,5,TRUE,TRUE,TRUE,TRUE,TRUE,05409,수도권,127.137046059861,37.5274758605763,11_740
상일에이치(H)내과의원,내과의원,02-481-7575,02-481-7575,서울특별시,강동구,"서울특별시 강동구 상일로 74 2층 (상일동, 고덕리엔파크3단지아파트)",4,TRUE,TRUE,TRUE,TRUE,FALSE,05287,수도권,127.174785524346,37.5513683747695,11_740
진산부인과의원,의원,02-484-4488,02-484-4488,서울특별시,강동구,"서울특별시 강동구 천호대로 1006 101동 604,605호 (성내동, 브라운스톤)",0,FALSE,FALSE,FALSE,FALSE,FALSE,05378,수도권,127.123788971242,37.5380513979559,11_740
이준호내과의원,내과의원,02-6927-2175,02-6927-2175,서울특별시,강동구,"서울특별시 강동구 구천면로 328 2층 (천호동, 인성빌딩)",4,TRUE,TRUE,TRUE,TRUE,FALSE,05309,수도권,127.136051396534,37.548454354945,11_740
닥터손의원,의원,02-477-8885,02-477-8885,서울특별시,강동구,"서울특별시 강동구 천호대로 1027 748동 3층 (천호동, 일동빌딩)",4,TRUE,TRUE,TRUE,TRUE,FALSE,05329,수도권,127.126395521678,37.5381084632581,11_740
강동한내과의원,내과의원,02-488-0878,02-488-0878,서울특별시,강동구,"서울특별시 강동구 성안로 156 7층 (길동, 우주빌딩)",2,TRUE,FALSE,TRUE,FALSE,FALSE,05354,수도권,127.135411566567,37.5368756321635,11_740
연세바른내과의원,내과의원,02-6417-7575,02-6417-7575,서울특별시,강동구,"서울특별시 강동구 천호대로 1089 6층 602호 (천호동, 강동헤르셔)",4,TRUE,TRUE,TRUE,TRUE,FALSE,05339,수도권,127.133115595362,37.5366048791746,11_740
연세용한내과의원,내과의원,02-484-6677,02-484-6677,서울특별시,강동구,서울특별시 강동구 명일로 270 2층 (길동),4,TRUE,TRUE,TRUE,TRUE,FALSE,05300,수도권,127.147753764923,37.542600110181,11_740
강동드림산부인과의원,의원,02-441-4567,02-441-4567,서울특별시,강동구,서울특별시 강동구 상일로12길 97 (상일제2동) ,1,FALSE,FALSE,FALSE,FALSE,TRUE,05285,수도권,127.172651986457,37.556862908927,11_740
강동중앙내과외과의원,내과의원,02-6953-0790,02-6953-0790,서울특별시,강동구,서울특별시 강동구 양재대로 1458 3층 (길동),5,TRUE,TRUE,TRUE,TRUE,TRUE,05352,수도권,127.139601204274,37.5358959620107,11_740
한마음의원,의원,02-1644-5122,02-1644-5122,서울특별시,강동구,서울특별시 강동구 양재대로89가길 29 치탑타워 5층6층 7층 (성내동) ,4,TRUE,TRUE,TRUE,FALSE,TRUE,05405,수도권,127.134598482633,37.525278790252,11_740
알비안녕의원,의원,02-429-4575,02-429-4575,서울특별시,강동구,서울특별시 강동구 고덕로 391 8층 (고덕동) ,0,FALSE,FALSE,FALSE,FALSE,FALSE,05222,수도권,127.168978454847,37.5572260091644,11_740
고덕편한내과의원,내과의원,02-441-7333,02-441-7333,서울특별시,강동구,서울특별시 강동구 고덕로 391 4층 (고덕동),5,TRUE,TRUE,TRUE,TRUE,TRUE,05222,수도권,127.168978454847,37.5572260091644,11_740
류마변세진내과의원,내과의원,02-6952-8288,02-6952-8288,서울특별시,강동구,서울특별시 강동구 양재대로 1473 희헌타워 5층 (길동),2,TRUE,FALSE,TRUE,FALSE,FALSE,05353,수도권,127.139588829365,37.5375121901099,11_740
서울플러스내과의원,내과의원,02-6949-2442,02-6949-2442,서울특별시,강동구,서울특별시 강동구 진황도로 190 4층 (둔촌동),5,TRUE,TRUE,TRUE,TRUE,TRUE,05370,수도권,127.142992352633,37.5292613524201,11_740
아산본내과의원,내과의원,02-488-0075,02-488-0075,서울특별시,강동구,"서울특별시 강동구 양재대로 1465 마루홈타운 4,6층 (길동) ",2,TRUE,FALSE,TRUE,FALSE,FALSE,05353,수도권,127.139314330701,37.5368399179472,11_740
문앤장내과의원,내과의원,02-6479-8275,02-6479-8275,서울특별시,강동구,"서울특별시 강동구 고덕로 390 고덕아르테온아파트(상가1동) 2층 209,211,212호 (상일제1동) ",5,TRUE,TRUE,TRUE,TRUE,TRUE,05274,수도권,127.168780176356,37.5566264093618,11_740
서울아산내과의원,내과의원,02-442-2080,02-442-2080,서울특별시,강동구,"서울특별시 강동구 아리수로93나길 60 골드프라자 4층 403,404,405호 (강일동)",5,TRUE,TRUE,TRUE,TRUE,TRUE,05415,수도권,127.175179201458,37.5722862056733,11_740
고덕바른속내과의원,내과의원,02-3427-1500,02-3427-1500,서울특별시,강동구,서울특별시 강동구 고덕로 262 고덕역 효성해링턴 타워 더퍼스트 203~208호 (명일동),5,TRUE,TRUE,TRUE,TRUE,TRUE,05269,수도권,127.154622234195,37.5546676606413,11_740
명일연세내과의원,내과의원,02-428-8003,02-428-8003,서울특별시,강동구,서울특별시 강동구 양재대로 1576 삼익빌딩 4층 (명일동),5,TRUE,TRUE,TRUE,TRUE,TRUE,05296,수도권,127.143454293865,37.5461618332538,11_740
조은삼성내과의원,내과의원,02-442-5575,02-442-5575,서울특별시,강동구,서울특별시 강동구 올림픽로98길 15 LS지산빌딩 2층 (암사동),5,TRUE,TRUE,TRUE,TRUE,TRUE,05263,수도권,127.129027833895,37.551404987819,11_740
강동맘유의원,의원,02-442-3770,02-442-3770,서울특별시,강동구,"서울특별시 강동구 고덕로 266 4층 420, 421호 (명일동)",1,FALSE,FALSE,FALSE,FALSE,TRUE,05269,수도권,127.15511458665,37.5546936843646,11_740
고덕민산부인과의원,의원,02-3427-3131,02-3427-3131,서울특별시,강동구,"서울특별시 강동구 고덕로 266 고덕역 대명벨리온 3층 320,321호 (명일동) ",0,FALSE,FALSE,FALSE,FALSE,FALSE,05269,수도권,127.15511458665,37.5546936843646,11_740
메리제이산부인과의원,의원,02-477-8090,02-477-8090,서울특별시,강동구,서울특별시 강동구 양재대로 1477 삼환빌딩 7층 (길동),0,FALSE,FALSE,FALSE,FALSE,FALSE,05353,수도권,127.139680280513,37.537770398582,11_740
서울아이앤여성의원,의원,02-6953-7119,02-6953-7119,서울특별시,강동구,서울특별시 강동구 천호대로 1053 이안 강동 컴홈스테이 1차 4-5층 (천호동),0,FALSE,FALSE,FALSE,FALSE,FALSE,05336,수도권,127.128970409625,37.5373857804198,11_740
기쁨내과의원,내과의원,02-477-8288,02-477-8288,서울특별시,강동구,서울특별시 강동구 양재대로 1319 대성빌딩 6층 601호호 (성내동),5,TRUE,TRUE,TRUE,TRUE,TRUE,05408,수도권,127.134439064819,37.5241954271851,11_740
강일서울산부인과의원,의원,02-428-0924,02-428-0924,서울특별시,강동구,서울특별시 강동구 아리수로 427 (강일동),0,FALSE,FALSE,FALSE,FALSE,FALSE,05211,수도권,127.174603355856,37.5649623335076,11_740
아산이화산부인과의원,의원,02-6428-0100,02-6428-0100,서울특별시,강동구,"서울특별시 강동구 올림픽로 664 4층 402호 (천호동, 대우 한강 베네시티)",0,FALSE,FALSE,FALSE,FALSE,FALSE,05328,수도권,127.124975762766,37.540555377209,11_740
강동성모내과의원,내과의원,02-428-8886,02-428-8886,서울특별시,강동구,"서울특별시 강동구 올림픽로 806 2층 (암사동, 까사팔공육)",5,TRUE,TRUE,TRUE,TRUE,TRUE,05251,수도권,127.128830262682,37.5529279795177,11_740
바른마음내과의원,내과의원,02-476-7553,02-476-7553,서울특별시,강동구,서울특별시 강동구 양재대로 1349 2층 (성내동),5,TRUE,TRUE,TRUE,TRUE,TRUE,05404,수도권,127.135361421877,37.5267222236995,11_740
이룸내과의원,내과의원,02-477-7539,02-477-7539,서울특별시,강동구,서울특별시 강동구 양재대로 1625 숨결TOWER 2층 (천호동) ,5,TRUE,TRUE,TRUE,TRUE,TRUE,05306,수도권,127.143517866289,37.550576465974,11_740
속든든내과의원,내과의원,02-470-7275,02-470-7275,서울특별시,강동구,서울특별시 강동구 올림픽로 658 오복빌딩 5층 502호 (천호동) ,5,TRUE,TRUE,TRUE,TRUE,TRUE,05328,수도권,127.124409366822,37.5399646493638,11_740
강일바른내과의원,내과의원,02-3427-5507,02-3427-5507,서울특별시,강동구,서울특별시 강동구 아리수로93나길 80 성산타워2 405~410호 (강일동) ,5,TRUE,TRUE,TRUE,TRUE,TRUE,05415,수도권,127.176236567245,37.5725645707407,11_740
에스엔유서울외과의원,의원,02-441-7775,02-441-7775,서울특별시,강동구,서울특별시 강동구 양재대로 1661 3층 (명일동) ,5,TRUE,TRUE,TRUE,TRUE,TRUE,05257,수도권,127.143944021144,37.5538571094692,11_740
강동이엠365의원,의원,02-428-9111,02-428-9111,서울특별시,강동구,"서울특별시 강동구 아리수로93나길 76 2,3,4,5층 (강일동) ",0,FALSE,FALSE,FALSE,FALSE,FALSE,05415,수도권,127.175933655982,37.5724724003773,11_740
강동천호내과의원,내과의원,02-470-7575,02-470-7575,서울특별시,강동구,"서울특별시 강동구 올림픽로 664 2층 (천호동, 대우한강베네시티) ",5,TRUE,TRUE,TRUE,TRUE,TRUE,05328,수도권,127.124975762766,37.540555377209,11_740
강동세브란스내과의원,내과의원,02-6953-0111,02-6953-0111,서울특별시,강동구,"서울특별시 강동구 성내로 19 (주)서경산업개발 2층 201,202호 (성내동) ",5,TRUE,TRUE,TRUE,TRUE,TRUE,05392,수도권,127.122830787843,37.5303607386477,11_740
비즈밸리여성의원,의원,02-6471-1117,02-6471-1117,서울특별시,강동구,서울특별시 강동구 고덕비즈밸리로 26 강동U1센터 A동 218호 (고덕동) ,0,FALSE,FALSE,FALSE,FALSE,FALSE,05203,수도권,127.160472742415,37.5652057425559,11_740
와이산부인과의원,의원,02-427-8275,02-427-8275,서울특별시,강동구,"서울특별시 강동구 상암로 41 301-302호 (암사동, 암사동양덱스빌) ",0,FALSE,FALSE,FALSE,FALSE,FALSE,05264,수도권,127.128189760726,37.5501745970905,11_740
늘오른가정의학과의원,의원,02-6958-7598,02-6958-7598,서울특별시,강동구,서울특별시 강동구 성안로 187 가온타워 3층 (천호동) ,2,TRUE,FALSE,TRUE,FALSE,FALSE,05332,수도권,127.136326557637,37.5398510316005,11_740
강동유외과의원,의원,02-470-2410,02-470-2410,서울특별시,강동구,서울특별시 강동구 양재대로 1377 삼원빌딩 508-509호 (성내동) ,1,FALSE,FALSE,FALSE,FALSE,TRUE,05376,수도권,127.136262071919,37.5292227276953,11_740
애플산부인과의원,의원,02-489-6672,02-0000-0000,서울특별시,강동구,서울특별시 강동구 천호대로 1024 힐스테이트 천호역 젠트리스 210~216호 (성내동) ,0,FALSE,FALSE,FALSE,FALSE,FALSE,05378,수도권,127.12572887033,37.5373738689796,11_740
강동삼성산부인과의원,의원,02-2038-9999,02-0000-0000,서울특별시,강동구,서울특별시 강동구 양재대로 1360 3층 3011-3013호 (둔촌동) ,0,FALSE,FALSE,FALSE,FALSE,FALSE,05409,수도권,127.137046059861,37.5274758605763,11_740
오후세시여성의원,의원,02-2135-5975,02-2135-5975,서울특별시,강동구,서울특별시 강동구 양재대로 1360 포레온스테이션5 2층 2024호 (둔촌동) ,1,FALSE,FALSE,FALSE,FALSE,TRUE,05409,수도권,127.137046059861,37.5274758605763,11_740
은하여성의원,의원,02-6953-0990,070-4009-0890,서울특별시,강동구,서울특별시 강동구 양재대로 1383 동성빌딩 2층 (성내동) ,0,FALSE,FALSE,FALSE,FALSE,FALSE,05376,수도권,127.136567895828,37.5296700818214,11_740
포레온더조아내과의원,내과의원,02-471-3335,02-471-3335,서울특별시,강동구,서울특별시 강동구 양재대로 1360 포레온스테이션5 2층 2044-2046호 (둔촌동) ,1,TRUE,FALSE,FALSE,FALSE,FALSE,05409,수도권,127.137046059861,37.5274758605763,11_740
삼성속내과의원,내과의원,02-428-1501,02-428-1501,서울특별시,강동구,서울특별시 강동구 양재대로 1574 6층 (명일동) ,5,TRUE,TRUE,TRUE,TRUE,TRUE,05296,수도권,127.143349163756,37.5459227458636,11_740
더조은내과의원,내과의원,02-426-6500,02-426-6500,서울특별시,강동구,"서울특별시 강동구 구천면로 664 2, 3층 201, 301, 302호 (상일동) ",5,TRUE,TRUE,TRUE,TRUE,TRUE,05282,수도권,127.171761963136,37.5507923893164,11_740
경기도의료원 수원병원,종합병원,031-888-0114,031-888-0114,경기도,수원시,경기도 수원시 장안구 수성로245번길 69 (정자동) ,4,FALSE,TRUE,TRUE,TRUE,TRUE,16316,수도권,126.996380749927,37.2918594997553,41_111
성모척관병원,병원,031-242-2266,031-242-2266,경기도,수원시,경기도 수원시 장안구 수성로 330 (영화동),5,TRUE,TRUE,TRUE,TRUE,TRUE,16271,수도권,127.008429889045,37.2919418800756,41_111
다인병원,병원,031-8014-1382,031-8014-1300,경기도,수원시,경기도 수원시 장안구 창룡대로 159 다인병원 (연무동) ,4,FALSE,TRUE,TRUE,TRUE,TRUE,16221,수도권,127.027523668345,37.2919224010584,41_111
(사)한국건강관리협회건강증진의원,의원,031-250-5800,031-250-5800,경기도,수원시,경기도 수원시 장안구 경수대로 857 (조원동),5,TRUE,TRUE,TRUE,TRUE,TRUE,16309,수도권,127.01359355597,37.2971701203123,41_111
효원산부인과의원,의원,031-256-5577,031-256-5577,경기도,수원시,경기도 수원시 장안구 정조로 985 (정자동),0,FALSE,FALSE,FALSE,FALSE,FALSE,16311,수도권,127.009371945541,37.2948824358087,41_111
제일성모의원,의원,031-269-8055,031-269-8055,경기도,수원시,경기도 수원시 장안구 서부로2181번길 46 (율전동),3,TRUE,TRUE,TRUE,FALSE,FALSE,16357,수도권,126.970166456964,37.3032632843834,41_111
심종걸내과의원,내과의원,031-257-1670,031-257-1670,경기도,수원시,경기도 수원시 장안구 경수대로 1020 (송죽동),3,TRUE,TRUE,TRUE,FALSE,FALSE,16299,수도권,127.000513013713,37.306940296505,41_111
베스트산부인과의원,의원,031-269-8833,031-269-8833,경기도,수원시,경기도 수원시 장안구 만석로5번길 12-10 (천천동),1,FALSE,FALSE,FALSE,FALSE,TRUE,16329,수도권,126.983084729416,37.2954948441968,41_111
박영부내과의원,내과의원,031-247-5032,031-247-5032,경기도,수원시,경기도 수원시 장안구 송정로 195 (조원동),3,TRUE,TRUE,TRUE,FALSE,FALSE,16286,수도권,127.017467004769,37.2994010300135,41_111
수원한국내과의원,내과의원,031-207-8881,031-207-8881,경기도,수원시,경기도 수원시 장안구 경수대로 969 3층 (송죽동),5,TRUE,TRUE,TRUE,TRUE,TRUE,16304,수도권,127.004740225352,37.3039405642449,41_111
화인내과의원,내과의원,031-269-8875,031-269-8875,경기도,수원시,경기도 수원시 장안구 만석로19번길 25-3 (천천동),3,TRUE,TRUE,TRUE,FALSE,FALSE,16329,수도권,126.983269169994,37.2963292309449,41_111
우먼플러스산부인과의원,의원,031-248-8100,031-248-8100,경기도,수원시,경기도 수원시 장안구 경수대로 892 (조원동),1,FALSE,FALSE,FALSE,FALSE,TRUE,16285,수도권,127.011890811795,37.2998762976417,41_111
연세내과의원,내과의원,031-294-9797,031-294-9797,경기도,수원시,경기도 수원시 장안구 서부로 2123 (율전동),4,TRUE,TRUE,TRUE,TRUE,FALSE,16362,수도권,126.970921221825,37.2981326097568,41_111
수원중앙내과의원,내과의원,031-246-8008,031-246-8008,경기도,수원시,경기도 수원시 장안구 수성로 356 (영화동),0,FALSE,FALSE,FALSE,FALSE,FALSE,16271,수도권,127.010898848495,37.2929694923334,41_111
코코의원,의원,031-256-7582,256-7582,경기도,수원시,경기도 수원시 장안구 조원로 87 (조원동),0,FALSE,FALSE,FALSE,FALSE,FALSE,16286,수도권,127.015747155262,37.3007884172659,41_111
장내과의원,내과의원,031-294-8768,031-294-8768,경기도,수원시,경기도 수원시 장안구 서부로 2149 5층 (율전동),5,TRUE,TRUE,TRUE,TRUE,TRUE,16360,수도권,126.972261276335,37.3001849525656,41_111
주내과의원,내과의원,031-227-7555,031-227-7555,경기도,수원시,"경기도 수원시 장안구 서부로 2112 2, 3층 (율전동)",5,TRUE,TRUE,TRUE,TRUE,TRUE,16417,수도권,126.971039047406,37.2970511239169,41_111
신세계항의원,의원,031-271-2252,031-271-2252,경기도,수원시,경기도 수원시 장안구 덕영대로 559 (천천동) ,4,TRUE,TRUE,TRUE,TRUE,FALSE,16329,수도권,126.982113457104,37.2949645309996,41_111
서울삼성내과의원,내과의원,031-892-8275,031-892-8275,경기도,수원시,경기도 수원시 장안구 덕영대로407번길 34-22 (율전동),4,TRUE,TRUE,TRUE,TRUE,FALSE,16357,수도권,126.968636870933,37.3029478866808,41_111
한마음가정의학과의원,의원,031-267-1590,031-267-1590,경기도,수원시,경기도 수원시 장안구 이목로 24 상가2동 202호 (정자동),0,FALSE,FALSE,FALSE,FALSE,FALSE,16336,수도권,126.983517493049,37.3093751892028,41_111
파티마내과의원,내과의원,031-255-2299,031-255-2299,경기도,수원시,경기도 수원시 장안구 덕영대로 559 (천천동),5,TRUE,TRUE,TRUE,TRUE,TRUE,16329,수도권,126.982113457104,37.2949645309996,41_111
365스마트의원,의원,031-268-7234,031-268-7234,경기도,수원시,"경기도 수원시 장안구 만석로19번길 25-10 (천천동, 롯데마트)",0,FALSE,FALSE,FALSE,FALSE,FALSE,16329,수도권,126.982250485114,37.2964134196466,41_111
장안내과의원,내과의원,031-246-1888,031-246-1888,경기도,수원시,경기도 수원시 장안구 경수대로 963 농협 2층 (송죽동),2,TRUE,FALSE,TRUE,FALSE,FALSE,16304,수도권,127.005272033472,37.3036248187002,41_111
연세류내과의원,내과의원,031-241-2171,031-241-2171,경기도,수원시,경기도 수원시 장안구 송원로 81 203호 (조원동),4,TRUE,TRUE,TRUE,TRUE,FALSE,16295,수도권,127.00922880939,37.3021366951623,41_111
장안속내과의원,내과의원,070-5015-1012,070-5015-1012,경기도,수원시,경기도 수원시 장안구 정자로 146 4층 장안속내과 (정자동) ,5,TRUE,TRUE,TRUE,TRUE,TRUE,16339,수도권,126.992356532922,37.303957802349,41_111
굿모닝내과의원,내과의원,031-253-8575,031-253-8575,경기도,수원시,경기도 수원시 장안구 경수대로1073번길 3 (파장동),5,TRUE,TRUE,TRUE,TRUE,TRUE,16348,수도권,126.994937644019,37.3087953312876,41_111
메디365플러스의원,의원,031-890-1365,031-890-1365,경기도,수원시,경기도 수원시 장안구 경수대로 930 북수원홈플러스 4층 (조원동),0,FALSE,FALSE,FALSE,FALSE,FALSE,16295,수도권,127.008809068617,37.3027673624559,41_111
드림메디 임승길내과의원,내과의원,031-244-8890,031-244-8890,경기도,수원시,경기도 수원시 장안구 정조로 925 2층 (영화동),1,TRUE,FALSE,FALSE,FALSE,FALSE,16270,수도권,127.012908196539,37.2901232717471,41_111
수원바로내과의원,내과의원,031-890-1799,031-890-1799,경기도,수원시,경기도 수원시 장안구 파장로 74 303·304호 (파장동),5,TRUE,TRUE,TRUE,TRUE,TRUE,16349,수도권,126.992725378373,37.3062528541304,41_111
김라미 유외과의원,의원,031-268-4545,031-268-4545,경기도,수원시,경기도 수원시 장안구 만석로19번길 11-3 601호 (천천동),1,FALSE,FALSE,FALSE,FALSE,TRUE,16329,수도권,126.983686064382,37.29559989946,41_111
바른생활내과의원,내과의원,031-243-9995,031-243-9995,경기도,수원시,경기도 수원시 장안구 송원로 71 301호 (송죽동),5,TRUE,TRUE,TRUE,TRUE,TRUE,16305,수도권,127.008794011746,37.3013235429065,41_111
다선의원,의원,031-243-3375,031-243-3375,경기도,수원시,경기도 수원시 장안구 정조로 1039 송죽빌딩 2층 (송죽동) ,4,TRUE,TRUE,TRUE,TRUE,FALSE,16306,수도권,127.006356484623,37.2987513293284,41_111
반듯한내과이비인후과의원,내과의원,031-690-1202,031-690-1202,경기도,수원시,"경기도 수원시 장안구 수성로 175 스타필드 수원 지하2층 B220,B230호 (정자동) ",1,TRUE,FALSE,FALSE,FALSE,FALSE,16318,수도권,126.991574559571,37.2874453391147,41_111
하나로내과의원,내과의원,031-269-4242,031-269-8321,경기도,수원시,"경기도 수원시 장안구 정자천로 163 (정자동, 하나로빌딩) ",5,TRUE,TRUE,TRUE,TRUE,TRUE,16334,수도권,126.994116276421,37.2949805132777,41_111
장안더건강한내과의원,내과의원,031-891-3333,031-891-3333,경기도,수원시,경기도 수원시 장안구 정자로 165 동신프라자 2층 (정자동) ,5,TRUE,TRUE,TRUE,TRUE,TRUE,16337,수도권,126.993117641267,37.3055792632474,41_111
의료법인 명인의료재단 화홍병원,종합병원,031-8021-6948,031-278-0119,경기도,수원시,경기도 수원시 권선구 호매실로90번길 98 (호매실동),5,TRUE,TRUE,TRUE,TRUE,TRUE,16630,수도권,126.963908363508,37.2601268018843,41_113
수원중앙병원,병원,031-229-9572,031-229-9777,경기도,수원시,경기도 수원시 권선구 권선로 654 (권선동),3,FALSE,TRUE,TRUE,FALSE,TRUE,16565,수도권,127.022598713466,37.2599787709099,41_113
수여성병원,병원,031-8012-7000,031-8012-7000,경기도,수원시,경기도 수원시 권선구 서부로 1592 (고색동),5,TRUE,TRUE,TRUE,TRUE,TRUE,16625,수도권,126.97634931641,37.251247544708,41_113
에덴메디여성병원,병원,031-222-3535,031-236-2000,경기도,수원시,경기도 수원시 권선구 동수원로 220 (권선동),1,FALSE,FALSE,FALSE,FALSE,TRUE,16554,수도권,127.034023488851,37.2493416527345,41_113
세인트마리여성병원,병원,031-289-3000,031-289-3000,경기도,수원시,"경기도 수원시 권선구 금곡로197번길 70 1~5, 9층 (금곡동)",5,TRUE,TRUE,TRUE,TRUE,TRUE,16391,수도권,126.953934152081,37.2754458226204,41_113
삼성큰병원,병원,031-294-7575,031-294-7575,경기도,수원시,경기도 수원시 권선구 매송고색로 724 (고색동) ,5,TRUE,TRUE,TRUE,TRUE,TRUE,16649,수도권,126.983721422334,37.2513481728591,41_113
제이에스병원,병원,031-293-1004,1800-5446,경기도,수원시,경기도 수원시 권선구 금곡로196번길 76 3~7층 (금곡동),5,TRUE,TRUE,TRUE,TRUE,TRUE,16393,수도권,126.955517982831,37.2735435209122,41_113
(재)한국의학연구소 KMI경기의원,의원,031-231-0114,031-231-0114,경기도,수원시,경기도 수원시 권선구 동수원로 232 센터블스파 1~2층 (권선동) ,5,TRUE,TRUE,TRUE,TRUE,TRUE,16553,수도권,127.034690950669,37.2502595331007,41_113
한마음외과의원,의원,031-235-7766,031-235-7766,경기도,수원시,경기도 수원시 권선구 경수대로 321 (세류동),5,TRUE,TRUE,TRUE,TRUE,TRUE,16580,수도권,127.021097495503,37.2555487090748,41_113
성모의원,의원,031-233-4519,031-233-4519,경기도,수원시,"경기도 수원시 권선구 경수대로302번길 32 203호 (권선동, 성지상가)",0,FALSE,FALSE,FALSE,FALSE,FALSE,16585,수도권,127.022296598599,37.2527149773501,41_113
미래여성의원,의원,031-305-8000,031-305-8000,경기도,수원시,경기도 수원시 권선구 동수원로 232 센터블스파 2층 (권선동),0,FALSE,FALSE,FALSE,FALSE,FALSE,16553,수도권,127.034690950669,37.2502595331007,41_113
현대의원,의원,031-297-7575,031-297-7575,경기도,수원시,경기도 수원시 권선구 금호로 238 (탑동),4,TRUE,TRUE,TRUE,TRUE,FALSE,16604,수도권,126.976141630848,37.275386154748,41_113
메디모아의원,의원,031-294-1575,031-294-1575,경기도,수원시,경기도 수원시 권선구 수인로 291 서수원버스터미널 3층 (구운동) ,0,FALSE,FALSE,FALSE,FALSE,FALSE,16405,수도권,126.97014551047,37.28262996578,41_113
한마음가정의원,의원,031-296-8904,031-296-8904,경기도,수원시,경기도 수원시 권선구 상탑로 106 1층 (서둔동),0,FALSE,FALSE,FALSE,FALSE,FALSE,16615,수도권,126.982697660698,37.2708591141079,41_113
전재훈내과의원,내과의원,031-225-9116,031-225-9116,경기도,수원시,경기도 수원시 권선구 정조로 523 4-5층 (세류동),5,TRUE,TRUE,TRUE,TRUE,TRUE,16587,수도권,127.011043550559,37.2559647338361,41_113
양내과의원,내과의원,031-233-0700,031-233-0700,경기도,수원시,경기도 수원시 권선구 세권로 197 2층 202호 (권선동),0,FALSE,FALSE,FALSE,FALSE,FALSE,16568,수도권,127.025785173994,37.255467948575,41_113
성심내과의원,내과의원,031-292-1678,031-292-1678,경기도,수원시,경기도 수원시 권선구 세화로169번길 25 (서둔동),4,TRUE,TRUE,TRUE,TRUE,FALSE,16619,수도권,126.991731886056,37.2667236788272,41_113
신세계외과의원,의원,031-271-2251,031-271-2251,경기도,수원시,경기도 수원시 권선구 서수원로 515 2~4층 (금곡동),5,TRUE,TRUE,TRUE,TRUE,TRUE,16393,수도권,126.959823085152,37.2721160996955,41_113
당수성모내과의원,내과의원,031-419-0377,031-419-0377,경기도,수원시,"경기도 수원시 권선구 당진로 29-4 301,302호 (당수동, 기와프라자)",2,TRUE,FALSE,TRUE,FALSE,FALSE,16376,수도권,126.940191460177,37.2915972899334,41_113
참가정의원,의원,031-222-5667,031-222-5667,경기도,수원시,경기도 수원시 권선구 권선로 639 2층 (권선동),1,TRUE,FALSE,FALSE,FALSE,FALSE,16569,수도권,127.021562856373,37.2608287374646,41_113
준내과의원,내과의원,031-239-1188,031-239-1188,경기도,수원시,경기도 수원시 권선구 덕영대로 1093 (세류동),5,TRUE,TRUE,TRUE,TRUE,TRUE,16588,수도권,127.011679239435,37.2540292313139,41_113
박희붕외과의원,의원,031-233-5051,031-233-5571,경기도,수원시,"경기도 수원시 권선구 효원로256번길 7 105-108,111,113,114,203-206호 (권선동)",5,TRUE,TRUE,TRUE,TRUE,TRUE,16571,수도권,127.029775410184,37.2616485275676,41_113
다솔내과의원,내과의원,031-293-0971,031-293-0971,경기도,수원시,경기도 수원시 권선구 탑동로 9 2층 (탑동),4,TRUE,TRUE,TRUE,TRUE,FALSE,16606,수도권,126.97499535916,37.2696728686881,41_113
아산탑내과의원,내과의원,031-294-5400,031-294-5400,경기도,수원시,경기도 수원시 권선구 금호로 226 3층 (탑동),5,TRUE,TRUE,TRUE,TRUE,TRUE,16604,수도권,126.974895337457,37.2751588348255,41_113
연세패밀리의원,의원,031-8067-4005,031-8067-4005,경기도,수원시,"경기도 수원시 권선구 세화로 134 2층 (서둔동, 롯데몰 수원점)",0,FALSE,FALSE,FALSE,FALSE,FALSE,16621,수도권,37.26352682761708,126.9961467153565,41_113
서울연합의원,의원,031-235-1055,031-235-1055,경기도,수원시,"경기도 수원시 권선구 경수대로 295 2,4층 (세류동)",3,TRUE,TRUE,TRUE,FALSE,FALSE,16580,수도권,127.019992119778,37.2533694565819,41_113
강양욱내과의원,내과의원,031-233-3552,031-233-3552,경기도,수원시,경기도 수원시 권선구 정조로 576 (세류동),4,TRUE,TRUE,TRUE,TRUE,FALSE,16577,수도권,127.013283225499,37.2602637406325,41_113
연세아이웰의원,의원,031-225-8677,031-225-8677,경기도,수원시,경기도 수원시 권선구 동수원로 232 3층 (권선동),0,FALSE,FALSE,FALSE,FALSE,FALSE,16553,수도권,127.034690950669,37.2502595331007,41_113
오월희망의원,의원,031-225-7777,031-225-7777,경기도,수원시,경기도 수원시 권선구 경수대로 358 (권선동),2,TRUE,FALSE,FALSE,FALSE,TRUE,16566,수도권,127.023453255051,37.2583216769479,41_113
하나내과의원,내과의원,031-227-1511,031-227-1511,경기도,수원시,"경기도 수원시 권선구 금곡로 106 403호 (금곡동, 우성메디피아)",4,TRUE,TRUE,TRUE,TRUE,FALSE,16388,수도권,126.941996899715,37.2739733214264,41_113
권선연세내과의원,내과의원,031-222-6224,031-222-6224,경기도,수원시,"경기도 수원시 권선구 권광로 68 4층 (권선동, 교연빌딩)",4,TRUE,TRUE,TRUE,TRUE,FALSE,16556,수도권,127.029086938708,37.2539855975904,41_113
호매실드림내과의원,내과의원,031-278-1175,031-278-1175,경기도,수원시,"경기도 수원시 권선구 서수원로 519 204호 (금곡동, 성광프라자)",5,TRUE,TRUE,TRUE,TRUE,TRUE,16393,수도권,126.959492332896,37.2724436955417,41_113
민가정의학과의원,의원,031-293-0114,031-293-0114,경기도,수원시,경기도 수원시 권선구 탑동로3번길 13 2층 (탑동),1,TRUE,FALSE,FALSE,FALSE,FALSE,16606,수도권,126.974513078149,37.268888769772,41_113
최태혁내과의원,내과의원,031-294-1700,031-294-1700,경기도,수원시,"경기도 수원시 권선구 삼천병마로1598번길 48 2층 (오목천동, 혜윤빌딩)",4,TRUE,TRUE,TRUE,TRUE,FALSE,16635,수도권,126.966008718517,37.2461436744566,41_113
맑은샘내과의원,내과의원,031-8009-0007,031-8009-0007,경기도,수원시,"경기도 수원시 권선구 곡선로49번길 2 3층 (곡반정동, 하이디프라자)",5,TRUE,TRUE,TRUE,TRUE,TRUE,16670,수도권,127.030224744669,37.2390327443666,41_113
새서울내과의원,내과의원,031-296-3475,031-296-3475,경기도,수원시,경기도 수원시 권선구 금호로 60 (호매실동),4,TRUE,TRUE,TRUE,TRUE,FALSE,16395,수도권,126.958088071677,37.2697642315498,41_113
권선삼성내과의원,내과의원,031-305-7764,031-305-7764,경기도,수원시,경기도 수원시 권선구 덕영대로1201번길 34 (권선동),5,TRUE,TRUE,TRUE,TRUE,TRUE,16584,수도권,127.022924469505,37.2505696518097,41_113
아주바른내과의원,내과의원,031-234-0078,031-234-0078,경기도,수원시,경기도 수원시 권선구 동수원로242번길 22 센타프라자 2층 (권선동),4,TRUE,TRUE,TRUE,TRUE,FALSE,16553,수도권,127.035750691307,37.2507185702104,41_113
입북삼성가정의학과의원,의원,031-295-6370,031-295-6370,경기도,수원시,경기도 수원시 권선구 율전로 2 입북프라자 1층 104호 (입북동),1,TRUE,FALSE,FALSE,FALSE,FALSE,16370,수도권,126.959598659814,37.2947940973102,41_113
수가정의학과의원,의원,031-307-8712,031-307-8712,경기도,수원시,"경기도 수원시 권선구 서수원로47번길 11 그린메디프라자 3층 301,302호 (오목천동)",0,FALSE,FALSE,FALSE,FALSE,FALSE,16640,수도권,126.977843693121,37.2336125723228,41_113
센트럴인내과의원,내과의원,031-296-1190,031-296-1190,경기도,수원시,"경기도 수원시 권선구 금곡로 205 해피라움 301,306,307,308,309호 (금곡동) ",5,TRUE,TRUE,TRUE,TRUE,TRUE,16391,수도권,126.952960325252,37.2743274287064,41_113
프라임메디컬의원,의원,031-8031-7891,031-8031-7891,경기도,수원시,경기도 수원시 권선구 경수대로 193 세류비즈타워 4~7층 (세류동),0,FALSE,FALSE,FALSE,FALSE,FALSE,16660,수도권,127.017204222682,37.2444673949843,41_113
서울삼성플러스내과의원,내과의원,031-895-5353,031-895-5353,경기도,수원시,"경기도 수원시 권선구 매송고색로 526 201, 202호 (오목천동)",5,TRUE,TRUE,TRUE,TRUE,TRUE,16634,수도권,126.962882060237,37.2452109651178,41_113
베스트손내과의원,내과의원,031-225-0088,031-225-0088,경기도,수원시,"경기도 수원시 권선구 효원로 88 제이에스빌딩 201, 202, 301호 (세류동) ",5,TRUE,TRUE,TRUE,TRUE,TRUE,16459,수도권,127.01140110904,37.266425984685,41_113
늘편한내과의원,내과의원,031-295-1311,031-295-1311,경기도,수원시,경기도 수원시 권선구 호매실로218번길 126 4층 (호매실동),5,TRUE,TRUE,TRUE,TRUE,TRUE,16402,수도권,126.960893809511,37.266093447413,41_113
수원본내과의원,내과의원,031-298-2001,031-298-2001,경기도,수원시,경기도 수원시 권선구 금곡로102번길 15 208~215호 (금곡동),5,TRUE,TRUE,TRUE,TRUE,TRUE,16388,수도권,126.941851927412,37.2735010149489,41_113
성모퍼스트내과의원,내과의원,031-8019-8277,031-8019-8277,경기도,수원시,경기도 수원시 권선구 곡반정로 160 라퍼스트 4층 401~406호 (곡반정동) ,5,TRUE,TRUE,TRUE,TRUE,TRUE,16668,수도권,127.034165232558,37.2417399462448,41_113
김유승내과의원,내과의원,031-296-0704,031-296-0704,경기도,수원시,경기도 수원시 권선구 금곡로102번길 20 센타프라자 401~402호 (금곡동) ,4,TRUE,TRUE,TRUE,TRUE,FALSE,16385,수도권,126.94120262075,37.2733301272542,41_113
하늘온내과의원,내과의원,031-293-3500,031-293-3500,경기도,수원시,경기도 수원시 권선구 삼천병마로1566번길 11 404~407호 (오목천동) ,4,TRUE,TRUE,TRUE,TRUE,FALSE,16636,수도권,126.963657754055,37.2427827087659,41_113
새날의원,의원,031-227-1190,031-227-1190,경기도,수원시,"경기도 수원시 권선구 금곡로73번길 71 주상가동 308~309호 (금곡동, 금곡엘지아파트) ",1,TRUE,FALSE,FALSE,FALSE,FALSE,16382,수도권,126.934669539499,37.2749274907352,41_113
의료법인 덕산의료재단 수원덕산병원,종합병원,031-686-2000,010-9382-2401,경기도,수원시,경기도 수원시 권선구 서부로1670번길 9 (고색동) ,5,TRUE,TRUE,TRUE,TRUE,TRUE,16623,수도권,126.974461185614,37.258630123004,41_113
수원웰니스내과의원,내과의원,031-8067-6110,031-8067-6110,경기도,수원시,경기도 수원시 권선구 경수대로 202 IPARK CITY 수원 아이파크 시티 12단지 2층 80~91호 (권선동) ,5,TRUE,TRUE,TRUE,TRUE,TRUE,16662,수도권,127.018191977858,37.245848729605,41_113
삼성리즈산부인과의원,의원,031-227-2003,031-227-2003,경기도,수원시,경기도 수원시 권선구 금곡로 100 401호 (금곡동) ,0,FALSE,FALSE,FALSE,FALSE,FALSE,16385,수도권,126.941297259695,37.2738569225436,41_113
수원기쁨내과의원,내과의원,031-416-7500,031-416-7500,경기도,수원시,경기도 수원시 권선구 당수로 112 눈담봄112 401~407호 (당수동) ,5,TRUE,TRUE,TRUE,TRUE,TRUE,16373,수도권,126.943075489708,37.2841318067672,41_113
가톨릭대학교 성빈센트병원,종합병원,031-249-8245,1577-8588,경기도,수원시,경기도 수원시 팔달구 중부대로 93 (지동) ,5,TRUE,TRUE,TRUE,TRUE,TRUE,16247,수도권,127.027449788982,37.2779235166444,41_115
의료법인 녹산의료재단동수원병원,종합병원,031-210-0285,031-210-0114,경기도,수원시,경기도 수원시 팔달구 중부대로 165 (우만동),4,FALSE,TRUE,TRUE,TRUE,TRUE,16494,수도권,127.034364806927,37.2781675149306,41_115
의료법인 토마스의료재단 윌스기념병원,종합병원,031-610-0501,031-223-2233,경기도,수원시,경기도 수원시 팔달구 경수대로 437 (인계동),5,TRUE,TRUE,TRUE,TRUE,TRUE,16480,수도권,127.025544343702,37.2653228849711,41_115
의료법인송설의료재단수원백병원,병원,031-252-2150,031-252-2150,경기도,수원시,경기도 수원시 팔달구 정조로 793 (팔달로2가),5,TRUE,TRUE,TRUE,TRUE,TRUE,16261,수도권,127.016273596315,37.2790146676008,41_115
의료법인 장산의료재단이춘택병원,병원,031-1588-2927,1588-2927,경기도,수원시,경기도 수원시 팔달구 매산로 138 (교동),3,TRUE,TRUE,FALSE,TRUE,FALSE,16465,수도권,127.015748576508,37.2718928250648,41_115
한독병원,병원,031-232-4511,031-232-4511,경기도,수원시,경기도 수원시 팔달구 경수대로 487 (인계동) ,3,TRUE,TRUE,TRUE,FALSE,FALSE,16481,수도권,127.027227830986,37.2696359761899,41_115
강남여성병원,병원,031-222-7575,031-222-7575,경기도,수원시,경기도 수원시 팔달구 중부대로 96 (인계동),1,FALSE,FALSE,FALSE,FALSE,TRUE,16471,수도권,127.027509912959,37.2767521505458,41_115
쉬즈메디병원,병원,031-231-7300,031-231-7300,경기도,수원시,경기도 수원시 팔달구 장다리로 288 (인계동),5,TRUE,TRUE,TRUE,TRUE,TRUE,16481,수도권,127.029089016262,37.2743365343162,41_115
백성병원,병원,031-238-9121,031-238-9121,경기도,수원시,경기도 수원시 팔달구 인계로 102 (인계동),5,TRUE,TRUE,TRUE,TRUE,TRUE,16489,수도권,127.028595945945,37.2677531077858,41_115
수원아이편한병원,병원,031-546-0019,031-546-0019,경기도,수원시,경기도 수원시 팔달구 권광로 138 수원시청역 선경센트럴파크 4층 (인계동) ,0,FALSE,FALSE,FALSE,FALSE,FALSE,16491,수도권,127.031624380346,37.2598765983303,41_115
수원 복십자의원,의원,031-245-8671,031-245-8671,경기도,수원시,경기도 수원시 팔달구 효원로 18 1층 (매산로3가) ,1,TRUE,FALSE,FALSE,FALSE,FALSE,16456,수도권,127.008950926605,37.2719947210787,41_115
(사)인구보건복지협회경기도지회가족보건의원,의원,031-256-4644,031-256-5920,경기도,수원시,경기도 수원시 팔달구 고화로14번길 11 (매산로3가) ,5,TRUE,TRUE,TRUE,TRUE,TRUE,16456,수도권,127.008307038527,37.2710958894909,41_115
이재옥산부인과의원,의원,031-256-6798,031-256-6798,경기도,수원시,경기도 수원시 팔달구 매산로 9 (매산로1가),0,FALSE,FALSE,FALSE,FALSE,FALSE,16455,수도권,127.002436441906,37.2673863883282,41_115
수원제일산부인과의원,의원,031-253-3011,031-253-3011,경기도,수원시,경기도 수원시 팔달구 덕영대로 691-12 1~6층 (화서동),0,FALSE,FALSE,FALSE,FALSE,FALSE,16435,수도권,126.990708769263,37.2850949146881,41_115
김영순내과의원,내과의원,031-254-3396,031-254-3396,경기도,수원시,"경기도 수원시 팔달구 덕영대로 695 (화서동,201호,202호,203호)",2,TRUE,FALSE,TRUE,FALSE,FALSE,16435,수도권,126.990330145052,37.2847185203821,41_115
대한산업보건협회부설수원의원,의원,031-267-4400,031-267-4400,경기도,수원시,경기도 수원시 팔달구 인계로 126 수원미디어시티 (인계동),0,FALSE,FALSE,FALSE,FALSE,FALSE,16489,수도권,127.031261012062,37.2671423387988,41_115
미스 미즈 산부인과의원,의원,031-255-0904,031-255-0903,경기도,수원시,경기도 수원시 팔달구 덕영대로 923-10 (매산로1가),0,FALSE,FALSE,FALSE,FALSE,FALSE,16461,수도권,127.001690516403,37.2659449147131,41_115
성지내과의원,내과의원,031-253-0188,031-253-0177,경기도,수원시,경기도 수원시 팔달구 팔달로119번길 2 (화서동),5,TRUE,TRUE,TRUE,TRUE,TRUE,16441,수도권,127.003693977734,37.2794302969772,41_115
권혁호내과의원,내과의원,031-236-8770,031-236-8770,경기도,수원시,경기도 수원시 팔달구 권광로 354 (우만동),5,TRUE,TRUE,TRUE,TRUE,TRUE,16498,수도권,127.038062469723,37.2786670015475,41_115
심규식내과의원,내과의원,031-222-7500,031-222-7500,경기도,수원시,경기도 수원시 팔달구 중부대로 130 3층 (인계동),3,TRUE,TRUE,TRUE,FALSE,FALSE,16471,수도권,127.030446344684,37.2780498305174,41_115
구완서내과의원,내과의원,031-222-5257,031-222-5257,경기도,수원시,경기도 수원시 팔달구 중부대로 94 성웅빌딩 (인계동),2,TRUE,FALSE,TRUE,FALSE,FALSE,16471,수도권,127.026963882506,37.2765508936879,41_115
오앤지산부인과의원,의원,031-244-4884,031-244-4884,경기도,수원시,경기도 수원시 팔달구 덕영대로 905 (매산로1가),0,FALSE,FALSE,FALSE,FALSE,FALSE,16455,수도권,127.00056134027,37.2678871208946,41_115
새현대연합의원,의원,031-254-9886,031-254-9886,경기도,수원시,경기도 수원시 팔달구 동말로 48 (화서동),3,TRUE,TRUE,TRUE,FALSE,FALSE,16442,수도권,126.999319620873,37.2786114876142,41_115
위드유내과의원,내과의원,031-241-1997,031-241-1997,경기도,수원시,"경기도 수원시 팔달구 동말로 84 화서프라자 203,204,303호 (화서동) ",5,TRUE,TRUE,TRUE,TRUE,TRUE,16441,수도권,127.003253732578,37.2786202750451,41_115
하나의원,의원,031-232-2435,031-232-2435,경기도,수원시,경기도 수원시 팔달구 세지로 196 202호 (인계동) ,0,FALSE,FALSE,FALSE,FALSE,FALSE,16476,수도권,127.022985070699,37.2686168070084,41_115
의료법인은산의료재단한사랑의원,의원,031-232-7774,031-232-7774,경기도,수원시,경기도 수원시 팔달구 권광로 197 (인계동),4,TRUE,TRUE,TRUE,TRUE,FALSE,16489,수도권,127.032797173699,37.2652309036616,41_115
프라임내과의원,내과의원,031-217-8484,031-217-8484,경기도,수원시,"경기도 수원시 팔달구 경수대로604번길 18 (우만동, 2층)",4,TRUE,TRUE,TRUE,TRUE,FALSE,16240,수도권,127.03185989878,37.2797400796139,41_115
화서강남산부인과의원,의원,031-246-3535,031-246-3535,경기도,수원시,경기도 수원시 팔달구 팔달로 122 (화서동),0,FALSE,FALSE,FALSE,FALSE,FALSE,16440,수도권,127.00424660738,37.2794098248385,41_115
우리맘산부인과의원,의원,031-254-6611,031-254-6611,경기도,수원시,경기도 수원시 팔달구 동말로 83 (화서동),0,FALSE,FALSE,FALSE,FALSE,FALSE,16441,수도권,127.003384997542,37.2789585217485,41_115
아주편한내과의원,내과의원,031-258-0075,031-258-0075,경기도,수원시,"경기도 수원시 팔달구 팔달로 117 (화서동,2층)",5,TRUE,TRUE,TRUE,TRUE,TRUE,16441,수도권,127.003600149552,37.2791599879165,41_115
고려정성의원,의원,031-226-8575,031-226-8575,경기도,수원시,경기도 수원시 팔달구 세지로 148 서진빌딩 2층 (인계동) ,4,TRUE,TRUE,TRUE,TRUE,FALSE,16479,수도권,127.020995417527,37.2646611527586,41_115
성루카의원,의원,031-235-8800,031-235-8800,경기도,수원시,경기도 수원시 팔달구 경수대로 568 1층 (인계동),5,TRUE,TRUE,TRUE,TRUE,TRUE,16484,수도권,127.030911190004,37.2762715073553,41_115
로앤산부인과의원,의원,031-258-0002,031-258-0002,경기도,수원시,"경기도 수원시 팔달구 덕영대로 925 (매산로1가,3층)",0,FALSE,FALSE,FALSE,FALSE,FALSE,16461,수도권,127.001418029727,37.2660887245719,41_115
문세희여성의원,의원,031-223-0988,031-223-0988,경기도,수원시,"경기도 수원시 팔달구 권광로 208 인송빌딩 201, 202호 (인계동)",0,FALSE,FALSE,FALSE,FALSE,FALSE,16488,수도권,127.033938258196,37.2658831165997,41_115
연세혜인내과의원,내과의원,031-254-8254,031-254-8254,경기도,수원시,"경기도 수원시 팔달구 정조로 667 마이온프라자 601,607호 (매교동)",4,TRUE,TRUE,TRUE,TRUE,FALSE,16467,수도권,127.016687925655,37.268029752322,41_115
장편한외과의원,의원,031-8067-8114,031-8067-8114,경기도,수원시,"경기도 수원시 팔달구 중부대로 247 401, 501~503호 (우만동)",3,TRUE,TRUE,FALSE,TRUE,FALSE,16498,수도권,127.043143777386,37.2753040186162,41_115
조아유외과의원,의원,031-8067-8117,031-8067-8117,경기도,수원시,경기도 수원시 팔달구 중부대로 247 301호 (우만동),1,FALSE,FALSE,FALSE,FALSE,TRUE,16498,수도권,127.043143777386,37.2753040186162,41_115
최지우더블유외과의원,의원,031-221-2111,031-221-2111,경기도,수원시,경기도 수원시 팔달구 권광로 197 2층 (인계동),1,FALSE,FALSE,FALSE,FALSE,TRUE,16489,수도권,127.032797173699,37.2652309036616,41_115
화서탑내과의원,내과의원,031-253-7575,031-253-7575,경기도,수원시,경기도 수원시 팔달구 동말로 81 3층 (화서동),5,TRUE,TRUE,TRUE,TRUE,TRUE,16441,수도권,127.003137719175,37.2789609613688,41_115
오케이외과의원,의원,031-243-9100,031-243-9100,경기도,수원시,경기도 수원시 팔달구 중부대로 43 2층 (지동),4,TRUE,TRUE,TRUE,TRUE,FALSE,16245,수도권,127.021777459049,37.2755757743238,41_115
위플러스내과의원,내과의원,031-232-7588,031-232-7588,경기도,수원시,"경기도 수원시 팔달구 권광로 181 씨네파크 207, 209호 (인계동)",5,TRUE,TRUE,TRUE,TRUE,TRUE,16490,수도권,127.032221016662,37.2637484872618,41_115
맑은담내과의원,내과의원,031-891-7000,031-891-7000,경기도,수원시,경기도 수원시 팔달구 팔달로 105 3층 (화서동),5,TRUE,TRUE,TRUE,TRUE,TRUE,16441,수도권,127.003151101708,37.2781050631607,41_115
고등퍼스트내과의원,내과의원,031-546-1575,031-546-1575,경기도,수원시,경기도 수원시 팔달구 팔달로 59 코압빌딩 4층 (고등동),5,TRUE,TRUE,TRUE,TRUE,TRUE,16452,수도권,127.001979450905,37.2739963446304,41_115
수원위편한내과의원,내과의원,031-895-4995,031-895-4995,경기도,수원시,경기도 수원시 팔달구 팔달로 53 403~412호 (고등동),5,TRUE,TRUE,TRUE,TRUE,TRUE,16452,수도권,127.001849773878,37.2734344577536,41_115
연세베스트내과의원,내과의원,031-232-5675,031-232-5675,경기도,수원시,경기도 수원시 팔달구 인계로 20 SK뷰 근린생활시설1 207~212호 (매교동),5,TRUE,TRUE,TRUE,TRUE,TRUE,16469,수도권,127.018212598653,37.2701758081618,41_115
서울올바른내과의원,내과의원,031-236-0775,031-236-0775,경기도,수원시,경기도 수원시 팔달구 중부대로 44 건우 까사미 타워 4층 403~405호 (인계동) ,5,TRUE,TRUE,TRUE,TRUE,TRUE,16470,수도권,127.021676495779,37.2750105701908,41_115
애플산부인과의원,의원,031-222-6600,031-222-6600,경기도,수원시,경기도 수원시 팔달구 권광로 197 6층 (인계동) ,0,FALSE,FALSE,FALSE,FALSE,FALSE,16489,수도권,127.032797173699,37.2652309036616,41_115
비비산부인과의원,의원,031-225-0181,031-225-0181,경기도,수원시,경기도 수원시 팔달구 권광로 181 씨네파크 307호 (인계동) ,0,FALSE,FALSE,FALSE,FALSE,FALSE,16490,수도권,127.032221016662,37.2637484872618,41_115
양진모쏙내과의원,내과의원,031-239-3353,031-239-3353,경기도,수원시,경기도 수원시 팔달구 중부대로 94 성웅빌딩 2층 (인계동) ,4,TRUE,TRUE,TRUE,TRUE,FALSE,16471,수도권,127.026963882506,37.2765508936879,41_115
우리의내과의원,내과의원,031-302-8288,031-302-8288,경기도,수원시,"경기도 수원시 팔달구 중부대로 53 401, 501호 (지동) ",5,TRUE,TRUE,TRUE,TRUE,TRUE,16245,수도권,127.022540829214,37.2756835760706,41_115
아주대학교병원,종합병원,031-1688-2118,031-219-5114,경기도,수원시,경기도 수원시 영통구 월드컵로 164 (원천동),4,FALSE,TRUE,TRUE,TRUE,TRUE,16499,수도권,127.047519373907,37.2794385674316,41_117
시온여성병원,병원,031-201-0746,031-201-0700,경기도,수원시,경기도 수원시 영통구 반달로 107 (영통동),5,TRUE,TRUE,TRUE,TRUE,TRUE,16705,수도권,127.076581558314,37.2526822199282,41_117
의료법인 한성재단 S서울병원,병원,031-225-7000,031-225-7000,경기도,수원시,경기도 수원시 영통구 중부대로246번길 14 (매탄동),5,TRUE,TRUE,TRUE,TRUE,TRUE,16530,수도권,127.041909326834,37.2746309343447,41_117
베데스다병원,병원,031-1544-7955,1544-7955,경기도,수원시,"경기도 수원시 영통구 봉영로 1623 드림피아빌딩 6층일부,7,8,9층 (영통동) ",2,TRUE,FALSE,TRUE,FALSE,FALSE,16703,수도권,127.074734153872,37.2559361671782,41_117
버팀병원,병원,070-4416-6525,1661-0032,경기도,수원시,"경기도 수원시 영통구 영통로 195 골든스퀘어 2, 3, 4, 5층일부, 6층 (망포동) ",4,TRUE,TRUE,TRUE,TRUE,FALSE,16689,수도권,127.055799794469,37.2451815599677,41_117
더웰병원,병원,031-202-1144,031-202-1144,경기도,수원시,"경기도 수원시 영통구 봉영로 1620 (영통동, 대우월드마크영통 3,5,6,7,8층)",5,TRUE,TRUE,TRUE,TRUE,TRUE,16704,수도권,127.075645736168,37.2550197679277,41_117
매듭병원,병원,031-1800-9909,031-1800-9909,경기도,수원시,경기도 수원시 영통구 태장로 68 매듭병원 (망포동) ,4,TRUE,TRUE,TRUE,TRUE,FALSE,16687,수도권,127.05354381098,37.2389316890868,41_117
리베르여성병원,병원,031-203-2300,031-203-2300,경기도,수원시,"경기도 수원시 영통구 삼성로 34 지하1,지상2~4층 (신동) ",1,FALSE,FALSE,FALSE,FALSE,TRUE,16681,수도권,127.049176958347,37.2475828064237,41_117
학교법인 대우학원 아주대학교요양병원,병원,031-5174-5401,031-5174-5000,경기도,수원시,경기도 수원시 영통구 월드컵로150번길 21 아주대학교요양병원 (원천동) ,1,TRUE,FALSE,FALSE,FALSE,FALSE,16500,수도권,127.049126661209,37.2791278635412,41_117
김민희의원,의원,031-215-5052,031-215-5052,경기도,수원시,"경기도 수원시 영통구 효원로 363 310호 (매탄동, 두산위브하늘채B상가)",0,FALSE,FALSE,FALSE,FALSE,FALSE,16543,수도권,127.039524210607,37.2615332244186,41_117
우리의원,의원,031-211-1714,031-211-1714,경기도,수원시,"경기도 수원시 영통구 인계로 219 204호 (매탄동, 삼성1차상가)",0,FALSE,FALSE,FALSE,FALSE,FALSE,16537,수도권,127.04135855012,37.265588639214,41_117
광교우리내과의원,내과의원,031-211-5572,031-211-5572,경기도,수원시,경기도 수원시 영통구 센트럴타운로 98 3층 (이의동),4,TRUE,TRUE,TRUE,TRUE,FALSE,16505,수도권,127.050652669552,37.2921573223499,41_117
차외과의원,의원,031-203-5700,031-203-5700,경기도,수원시,경기도 수원시 영통구 덕영대로 1507 (영통동),5,TRUE,TRUE,TRUE,TRUE,TRUE,16698,수도권,127.055728576528,37.2461180494243,41_117
삼성중앙내과의원,내과의원,031-217-0077,031-217-0077,경기도,수원시,경기도 수원시 영통구 인계로 216-1 1층.2층 (매탄동),5,TRUE,TRUE,TRUE,TRUE,TRUE,16543,수도권,127.041127536804,37.2649430330517,41_117
연세산부인과의원,의원,031-211-5151,031-211-5151,경기도,수원시,경기도 수원시 영통구 중부대로 333 (원천동),0,FALSE,FALSE,FALSE,FALSE,FALSE,16518,수도권,127.052214810976,37.273631998649,41_117
연세내과의원,내과의원,031-203-1245,031-203-1245,경기도,수원시,"경기도 수원시 영통구 봉영로 1623 (영통동, 드림피아, 309호)",4,TRUE,TRUE,TRUE,TRUE,FALSE,16703,수도권,127.074734153872,37.2559361671782,41_117
황인섭내과임수영소아청소년과의원,내과의원,031-214-8300,031-214-8300,경기도,수원시,"경기도 수원시 영통구 매영로 85 401호 (매탄동, 성일코아빌딩) ",5,TRUE,TRUE,TRUE,TRUE,TRUE,16527,수도권,127.052094454646,37.2681563352902,41_117
이화산부인과의원,의원,031-206-7755,031-206-7755,경기도,수원시,"경기도 수원시 영통구 봉영로 1569 (영통동, 뉴월드프라자 301호)",0,FALSE,FALSE,FALSE,FALSE,FALSE,16703,수도권,127.07102269696,37.2520637842978,41_117
세브란스산부인과의원,의원,031-206-7880,031-206-7880,경기도,수원시,"경기도 수원시 영통구 봉영로 1590 (영통동, 밀레니엄프라자 309호)",0,FALSE,FALSE,FALSE,FALSE,FALSE,16704,수도권,127.073445707754,37.2527867453235,41_117
신영통삼성내과의원,내과의원,031-273-0012,031-273-0012,경기도,수원시,경기도 수원시 영통구 영통로 136 센트럴타워 401호 (망포동),5,TRUE,TRUE,TRUE,TRUE,TRUE,16691,수도권,127.056305206854,37.2396174558001,41_117
이승규내과의원,내과의원,031-213-5995,031-213-5995,경기도,수원시,경기도 수원시 영통구 효원로 397 중앙프라자 302호 (매탄동),4,TRUE,TRUE,TRUE,TRUE,FALSE,16545,수도권,127.045166664033,37.2590570333271,41_117
이이형내과의원,내과의원,031-212-3688,031-212-3688,경기도,수원시,"경기도 수원시 영통구 중부대로 266-1 3층, 4층, 5층 (매탄동) ",5,TRUE,TRUE,TRUE,TRUE,TRUE,16531,수도권,127.044860776143,37.2741670782895,41_117
차앤박산부인과의원,의원,031-273-7575,031-273-7575,경기도,수원시,"경기도 수원시 영통구 영통로 195 409.410호 (망포동, 골든스퀘어)",0,FALSE,FALSE,FALSE,FALSE,FALSE,16689,수도권,127.055799794469,37.2451815599677,41_117
김경희산부인과의원,의원,031-203-3583,031-203-3583,경기도,수원시,"경기도 수원시 영통구 영통로 136 403호 (망포동, 센트럴타워)",0,FALSE,FALSE,FALSE,FALSE,FALSE,16691,수도권,127.056305206854,37.2396174558001,41_117
박근석김진휘내과의원,내과의원,031-204-0033,031-204-0033,경기도,수원시,"경기도 수원시 영통구 덕영대로 1505 (영통동, 늘푸른빌딩 201호)",4,TRUE,TRUE,TRUE,TRUE,FALSE,16698,수도권,127.055502140093,37.2461128396094,41_117
서울삼성의원,의원,031-214-3456,031-214-3456,경기도,수원시,경기도 수원시 영통구 동수원로 520 (매탄동),0,FALSE,FALSE,FALSE,FALSE,FALSE,16525,수도권,127.047618033492,37.2729874401922,41_117
강남아산내과의원,내과의원,031-211-8188,031-211-8188,경기도,수원시,경기도 수원시 영통구 중부대로 252 2층 (매탄동),4,TRUE,TRUE,TRUE,TRUE,FALSE,16531,수도권,127.043237745593,37.2745945952002,41_117
삼성탑내과의원,내과의원,031-211-0303,031-211-0303,경기도,수원시,"경기도 수원시 영통구 중부대로 240 3,4층 (매탄동)",5,TRUE,TRUE,TRUE,TRUE,TRUE,16530,수도권,127.042078628398,37.2749438056404,41_117
광교내과의원,내과의원,031-216-7321,031-216-7321,경기도,수원시,"경기도 수원시 영통구 센트럴타운로 15 301,302호 (이의동, 아이플렉스)",5,TRUE,TRUE,TRUE,TRUE,TRUE,16508,수도권,127.057374391434,37.2882191514807,41_117
고려웰가정의학과의원,의원,031-217-8871,031-217-8871,경기도,수원시,"경기도 수원시 영통구 대학로 109 301호, 302호 (이의동)",0,FALSE,FALSE,FALSE,FALSE,FALSE,16224,수도권,127.047162492679,37.3050939587778,41_117
조정훈유바외과의원,의원,031-206-5565,031-206-5565,경기도,수원시,"경기도 수원시 영통구 영통로 195 골든스퀘어 2층 202,203,204,209,214호 (망포동) ",1,FALSE,FALSE,FALSE,FALSE,TRUE,16689,수도권,127.055799794469,37.2451815599677,41_117
삼성행복한내과의원,내과의원,031-205-7582,031-205-7582,경기도,수원시,"경기도 수원시 영통구 봉영로 1623 2층 206호 (영통동, 드림피아빌딩)",4,TRUE,TRUE,TRUE,TRUE,FALSE,16703,수도권,127.074734153872,37.2559361671782,41_117
광교윌내과의원,내과의원,031-548-1103,031-548-1104,경기도,수원시,경기도 수원시 영통구 도청로89번길 30 2층 (이의동),5,TRUE,TRUE,TRUE,TRUE,TRUE,16509,수도권,127.047025151022,37.2899479422842,41_117
아름다운향기유외과의원,의원,031-273-6075,031-273-6075,경기도,수원시,"경기도 수원시 영통구 봉영로 1569 NEW WORLD PLAZA 501호, 502호 (영통동) ",1,FALSE,FALSE,FALSE,FALSE,TRUE,16703,수도권,127.07102269696,37.2520637842978,41_117
광교푸른내과의원,내과의원,031-216-8366,031-216-8366,경기도,수원시,"경기도 수원시 영통구 도청로17번길 10 2층층 201호.202호 (이의동, 성희프라자)",4,TRUE,TRUE,TRUE,TRUE,FALSE,16509,수도권,127.053992323569,37.2861125826494,41_117
김내과의원,내과의원,031-203-7551,031-203-7551,경기도,수원시,"경기도 수원시 영통구 봉영로 1767 한솔프라자 301호, 302호, 306호, 307호 (영통동)",5,TRUE,TRUE,TRUE,TRUE,TRUE,16712,수도권,127.081639821136,37.26678565308,41_117
휴내과의원,내과의원,031-213-5484,031-213-5484,경기도,수원시,"경기도 수원시 영통구 센트럴타운로 114-8 농업회사법인 (주) 농우바이오 1층 101호 일부, 102호, 2층 전체호 (이의동) ",5,TRUE,TRUE,TRUE,TRUE,TRUE,16506,수도권,127.05035437985,37.2936914662498,41_117
매탄삼성내과의원,내과의원,031-217-3119,031-217-3119,경기도,수원시,"경기도 수원시 영통구 인계로 264 2층,3층 (매탄동)",4,TRUE,TRUE,TRUE,TRUE,FALSE,16544,수도권,127.046365448585,37.2637048679625,41_117
정담내과의원,내과의원,031-203-7577,031-203-7577,경기도,수원시,경기도 수원시 영통구 영통로214번길 8 5층 (영통동),4,TRUE,TRUE,TRUE,TRUE,FALSE,16698,수도권,3707.764042290161,4655256.0643048985,41_117
윤상필의원,의원,031-202-8270,031-202-8270,경기도,수원시,"경기도 수원시 영통구 봉영로 1590 (영통동, 밀레니엄프라자 305호)",0,FALSE,FALSE,FALSE,FALSE,FALSE,16704,수도권,127.073445707754,37.2527867453235,41_117
광교제일내과외과의원,내과의원,031-8019-9798,031-8019-9798,경기도,수원시,"경기도 수원시 영통구 대학로 56 리치프라자 5층 502,503,504,505,506호 (이의동) ",5,TRUE,TRUE,TRUE,TRUE,TRUE,16226,수도권,127.045194789719,37.300829131314,41_117
광교은산부인과의원,의원,031-891-3003,031-891-3003,경기도,수원시,"경기도 수원시 영통구 센트럴타운로 106 센트럴프라자 206,207호 (이의동)",0,FALSE,FALSE,FALSE,FALSE,FALSE,16506,수도권,127.050157396526,37.2927376213583,41_117
서울리더스내과의원,내과의원,031-206-8808,031-206-8808,경기도,수원시,"경기도 수원시 영통구 영통로 195 골든스퀘어 6층 601호,605호 (망포동)",5,TRUE,TRUE,TRUE,TRUE,TRUE,16689,수도권,127.055799794469,37.2451815599677,41_117
연세진내과의원,내과의원,031-8067-8200,031-8067-8200,경기도,수원시,"경기도 수원시 영통구 광교호수공원로 277 B2층 24~27호 (원천동, 중흥 S-클래스)",4,TRUE,TRUE,TRUE,TRUE,FALSE,16517,수도권,127.056777997528,37.2839417579058,41_117
진선미여성의원,의원,031-216-5445,031-216-5445,경기도,수원시,경기도 수원시 영통구 중부대로 250-1 3층 (매탄동),0,FALSE,FALSE,FALSE,FALSE,FALSE,16531,수도권,127.04311171008,37.2746309530973,41_117
서울베스트내과의원,내과의원,031-546-5756,031-546-5756,경기도,수원시,"경기도 수원시 영통구 봉영로 1569 NEW WORLD PLAZA 4층 405호,406호 (영통동)",5,TRUE,TRUE,TRUE,TRUE,TRUE,16703,수도권,127.07102269696,37.2520637842978,41_117
영통탑내과의원,내과의원,031-202-7555,031-202-7555,경기도,수원시,"경기도 수원시 영통구 덕영대로 1478 망포역 포레 스퀘어 607호, 608호, 609호 (망포동)",5,TRUE,TRUE,TRUE,TRUE,TRUE,16685,수도권,127.052486401956,37.2451658649812,41_117
루아산부인과의원,의원,031-215-7757,031-215-7757,경기도,수원시,경기도 수원시 영통구 광교중앙로 145 광교엘포트아이파크 205호 (이의동) ,0,FALSE,FALSE,FALSE,FALSE,FALSE,16508,수도권,127.057781422092,37.2870876096225,41_117
광교위드유외과의원,의원,031-211-7711,031-211-7711,경기도,수원시,"경기도 수원시 영통구 센트럴타운로 85 B130~132호 (이의동, 광교C1 호반베르디움, Summit Place광교) ",1,FALSE,FALSE,FALSE,FALSE,TRUE,16507,수도권,127.050470929016,37.2915676707273,41_117
삼성봄내과의원,내과의원,031-204-0002,031-204-0002,경기도,수원시,경기도 수원시 영통구 덕영대로 1470 406-409호 (망포동) ,5,TRUE,TRUE,TRUE,TRUE,TRUE,16685,수도권,127.051036910265,37.245061076317,41_117
윈산부인과의원,의원,031-201-9800,031-201-9800,경기도,수원시,"경기도 수원시 영통구 봉영로1759번길 32 윈 산부인과 2,3,4층 (영통동) ",1,FALSE,FALSE,FALSE,FALSE,TRUE,16712,수도권,127.081033738147,37.2666866845886,41_117
정희정제이산부인과의원,의원,031-212-0301,031-212-0301,경기도,수원시,경기도 수원시 영통구 법조로 25 광교 SK VIEW Lake 에이동 3층 301호 (하동) ,0,FALSE,FALSE,FALSE,FALSE,FALSE,16514,수도권,127.060178440172,37.2874808899042,41_117
유레카내과의원,내과의원,031-215-0365,031-215-0365,경기도,수원시,"경기도 수원시 영통구 효원로 400 레몬스포렉스 4층 402, 403, 404호 (매탄동) ",5,TRUE,TRUE,TRUE,TRUE,TRUE,16547,수도권,127.045385098491,37.2580622885128,41_117
닥터진성장의원,의원,031-212-7078,031-212-7078,경기도,수원시,"경기도 수원시 영통구 광교호수공원로 20 지하1층 B-13~15호 (원천동, 더샵 광교레이크시티) ",0,FALSE,FALSE,FALSE,FALSE,FALSE,16515,수도권,127.060226893407,37.2710166171311,41_117
김지명내과의원,내과의원,031-213-8275,031-213-8275,경기도,수원시,"경기도 수원시 영통구 매봉로 20 2층 201호~203호 (매탄동, 매탄 e-편한세상) ",4,TRUE,TRUE,TRUE,TRUE,FALSE,16527,수도권,127.052622384357,37.2693936820941,41_117
순천의료재단 성남정병원,종합병원,031-750-6090,031-750-6000,경기도,성남시,경기도 성남시 수정구 수정로 76 지하3~10층 (수진동) ,5,TRUE,TRUE,TRUE,TRUE,TRUE,13316,수도권,127.12900455165,37.4398589145499,41_131
성남시의료원,종합병원,031-738-7007,031-738-7000,경기도,성남시,경기도 성남시 수정구 수정로171번길 10 성남시의료원 (태평동) ,5,TRUE,TRUE,TRUE,TRUE,TRUE,13290,수도권,127.139057724536,37.4449845572902,41_131
지우병원,병원,-1544-6686,031-756-8355,경기도,성남시,경기도 성남시 수정구 수정로 183 (태평동),4,TRUE,TRUE,TRUE,TRUE,FALSE,13290,수도권,127.14019403308,37.4437268411117,41_131
성모윌병원,병원,1833-7512,031-751-2075,경기도,성남시,"경기도 성남시 수정구 성남대로 1171 삼성화재빌딩 1층일부, 2~9층 (수진동)",5,TRUE,TRUE,TRUE,TRUE,TRUE,13313,수도권,127.128286585931,37.434448108957,41_131
더미즈병원,병원,031-752-1119,031-752-1119,경기도,성남시,경기도 성남시 수정구 수정로 91 더미즈병원 (태평동) ,2,TRUE,FALSE,FALSE,FALSE,TRUE,13310,수도권,127.130462706055,37.4407791421645,41_131
파티마외과의원,의원,031-756-9663,031-756-9663,경기도,성남시,경기도 성남시 수정구 산성대로 229 10층 (신흥동),3,TRUE,TRUE,FALSE,TRUE,FALSE,13345,수도권,127.142986338732,37.4392505005374,41_131
김정혜산부인과의원,의원,031-744-7147,031-744-7147,경기도,성남시,경기도 성남시 수정구 산성대로 289 3층 (신흥동),0,FALSE,FALSE,FALSE,FALSE,FALSE,13354,수도권,127.148900748888,37.4418064937748,41_131
일신여성의원,의원,031-735-3132,031-735-3132,경기도,성남시,경기도 성남시 수정구 산성대로249번길 3 2층 (신흥동),0,FALSE,FALSE,FALSE,FALSE,FALSE,13353,수도권,127.144697025822,37.4403118862302,41_131
윤앤정내과의원,내과의원,031-744-0238,031-744-0238,경기도,성남시,"경기도 성남시 수정구 산성대로 305 206-213호 (신흥동, 삼부르네상스파크Ⅱ) ",5,TRUE,TRUE,TRUE,TRUE,TRUE,13354,수도권,127.150604106193,37.442466581056,41_131
수정내과의원,내과의원,031-756-4034,031-756-4034,경기도,성남시,"경기도 성남시 수정구 수정로 181 (태평동, 성남빌딩)",3,TRUE,TRUE,TRUE,FALSE,FALSE,13290,수도권,127.14000190695,37.4435958811998,41_131
태평산부인과의원,의원,031-753-9870,031-753-9870,경기도,성남시,경기도 성남시 수정구 수정로 133 1층 (태평동),0,FALSE,FALSE,FALSE,FALSE,FALSE,13305,수도권,127.134980789931,37.4420949560338,41_131
아폴로헬스케어의원,의원,-1588-0837,031-756-2090,경기도,성남시,"경기도 성남시 수정구 창업로 18 3층 303,304호 (시흥동)",5,TRUE,TRUE,TRUE,TRUE,TRUE,13449,수도권,127.098334109561,37.4134038262846,41_131
예나산부인과의원,의원,031-730-2018,031-730-2018,경기도,성남시,"경기도 성남시 수정구 산성대로 331 203호 (신흥동, 한신프라자)",0,FALSE,FALSE,FALSE,FALSE,FALSE,13272,수도권,127.152814661317,37.4437411112274,41_131
선한이웃가정의원,의원,031-734-7587,031-734-7587,경기도,성남시,경기도 성남시 수정구 수정로 59 2층 (태평동),0,FALSE,FALSE,FALSE,FALSE,FALSE,13110,수도권,127.127121575108,37.4397480575269,41_131
연세내과의원,내과의원,031-753-8275,031-753-8275,경기도,성남시,"경기도 성남시 수정구 수정로 106 수진동 SR프라자 2층 202,203,204호 (수진동) ",5,TRUE,TRUE,TRUE,TRUE,TRUE,13327,수도권,127.132218080316,37.4407300685423,41_131
두진웅가정의학과의원,의원,031-757-7582,031-757-7582,경기도,성남시,경기도 성남시 수정구 남문로 106 2층 (태평동),2,TRUE,TRUE,FALSE,FALSE,FALSE,13289,수도권,127.138291592909,37.4471625755368,41_131
정다운산부인과의원,의원,031-747-9944,031-747-9944,경기도,성남시,경기도 성남시 수정구 산성대로295번길 3 (신흥동),0,FALSE,FALSE,FALSE,FALSE,FALSE,13354,수도권,127.149265803676,37.4421204872774,41_131
정애란가정의학과의원,의원,031-742-0047,031-742-0047,경기도,성남시,"경기도 성남시 수정구 수정로 341 산성역포레스티아아파트 2층 204,205,206호 (신흥동)",5,TRUE,TRUE,TRUE,TRUE,TRUE,13260,수도권,127.149398973493,37.454422213025,41_131
참내과의원,내과의원,031-742-7809,031-742-7809,경기도,성남시,"경기도 성남시 수정구 산성대로 331 2층 202, 205호 (신흥동, 한신프라자)",5,TRUE,TRUE,TRUE,TRUE,TRUE,13272,수도권,127.152814661317,37.4437411112274,41_131
오케이내과의원,내과의원,031-754-7509,031-754-7509,경기도,성남시,"경기도 성남시 수정구 수정로 115 (태평동, 만홍빌딩, 4층)",4,TRUE,TRUE,TRUE,TRUE,FALSE,13305,수도권,127.133003202402,37.4415578507024,41_131
연세플러스내과의원,내과의원,031-755-0143,031-755-0875,경기도,성남시,"경기도 성남시 수정구 수정로 162 2,3,4층 (신흥동)",5,TRUE,TRUE,TRUE,TRUE,TRUE,13338,수도권,127.138027478853,37.4425435663787,41_131
참서울의원,의원,031-734-3500,031-734-3502,경기도,성남시,"경기도 성남시 수정구 산성대로 207 401~404호 (신흥동, 에드모스빌딩)",5,TRUE,TRUE,TRUE,TRUE,TRUE,13345,수도권,127.140774086171,37.4380564281722,41_131
라파엘외과의원,의원,031-733-0100,031-733-0100,경기도,성남시,"경기도 성남시 수정구 산성대로 309 5층 (신흥동, 고려빌딩)",2,TRUE,FALSE,TRUE,FALSE,FALSE,13354,수도권,127.151004078811,37.4425504056554,41_131
스마일내과의원,내과의원,031-757-7588,031-757-7588,경기도,성남시,경기도 성남시 수정구 수정로 141-1 8층 (태평동),5,TRUE,TRUE,TRUE,TRUE,TRUE,13305,수도권,127.135852396822,37.4423559723942,41_131
성남속편한내과의원,내과의원,031-735-1088,031-735-1088,경기도,성남시,"경기도 성남시 수정구 수정로 208 4층 (신흥동, 메드위즈)",5,TRUE,TRUE,TRUE,TRUE,TRUE,13346,수도권,127.142816627438,37.4439538202402,41_131
위례나무의원,의원,-1670-6868,1670-6868,경기도,성남시,경기도 성남시 수정구 위례광장로 328 우성위례타워 201~204호 (창곡동) ,5,TRUE,TRUE,TRUE,TRUE,TRUE,13640,수도권,127.142775905947,37.4713404854822,41_131
다솜의원,의원,031-721-7575,721-7575,경기도,성남시,"경기도 성남시 수정구 남문로 110 2층 (태평동, 영성빌딩)",1,TRUE,FALSE,FALSE,FALSE,FALSE,13289,수도권,127.13892330786,37.4473401452656,41_131
서울삼성최내과의원,내과의원,031-757-2882,031-757-2882,경기도,성남시,경기도 성남시 수정구 수정로 116 2층 (수진동),5,TRUE,TRUE,TRUE,TRUE,TRUE,13327,수도권,127.133198569739,37.4410408989084,41_131
365프렌즈내과의원,내과의원,031-731-6614,031-731-6614,경기도,성남시,"경기도 성남시 수정구 위례동로 147 5층 505호 (창곡동, 위례건아타워)",2,TRUE,FALSE,TRUE,FALSE,FALSE,13642,수도권,127.150107505241,37.4730826015455,41_131
등마루신경외과의원,의원,031-718-2211,031-718-2211,경기도,성남시,경기도 성남시 수정구 수정로 208 메드위즈 302-303호 (신흥동) ,1,TRUE,FALSE,FALSE,FALSE,FALSE,13346,수도권,127.142816627438,37.4439538202402,41_131
연세행복한산부인과의원,의원,031-751-9696,031-751-9696,경기도,성남시,경기도 성남시 수정구 수정로 106 SR프라자 502-1호 (수진동),0,FALSE,FALSE,FALSE,FALSE,FALSE,13327,수도권,127.132218080316,37.4407300685423,41_131
항도외과의원,의원,031-753-3000,031-753-3000,경기도,성남시,"경기도 성남시 수정구 수정로 133 3,4층 (태평동)",4,TRUE,TRUE,TRUE,TRUE,FALSE,13305,수도권,127.134980789931,37.4420949560338,41_131
위례성모내과의원,내과의원,031-625-8275,031-625-8275,경기도,성남시,"경기도 성남시 수정구 위례광장로 322 4층 408,409호 (창곡동, 아이플렉스)",4,TRUE,TRUE,TRUE,TRUE,FALSE,13640,수도권,127.142952037927,37.4716996853199,41_131
연세생명나무내과의원,내과의원,031-758-1088,031-758-1088,경기도,성남시,"경기도 성남시 수정구 위례광장로 27 303,304호 (창곡동, 으뜸프라자)",4,TRUE,TRUE,TRUE,TRUE,FALSE,13647,수도권,127.140097773861,37.4669447793981,41_131
위례중앙내과외과의원,내과의원,031-758-2300,031-758-2300,경기도,성남시,"경기도 성남시 수정구 위례광장로 320 5층 504,505호 (창곡동, 아이에스센트럴타워)",5,TRUE,TRUE,TRUE,TRUE,TRUE,13640,수도권,37.47229441567098,127.14282463524834,41_131
아산플러스가정의학과의원,의원,031-753-5551,031-753-5551,경기도,성남시,"경기도 성남시 수정구 위례동로 153 4층 403호 (창곡동, 에이플타워)",0,FALSE,FALSE,FALSE,FALSE,FALSE,13642,수도권,127.150173791638,37.4734979727529,41_131
365위례연세내과의원,내과의원,031-722-0055,031-722-0055,경기도,성남시,"경기도 성남시 수정구 위례동로 153 4층 404호 (창곡동, 에이플타워)",5,TRUE,TRUE,TRUE,TRUE,TRUE,13642,수도권,-1007.0405732385902,4655202.479322303,41_131
더나은내과의원,내과의원,031-744-3339,031-744-3339,경기도,성남시,경기도 성남시 수정구 산성대로 439 4층 (단대동),5,TRUE,TRUE,TRUE,TRUE,TRUE,13144,수도권,127.159268793787,37.4512468605764,41_131
위례아산내과의원,내과의원,031-751-1575,031-751-1575,경기도,성남시,"경기도 성남시 수정구 위례광장로 300 8층 807호 (창곡동, 위례중앙역중앙타워)",5,TRUE,TRUE,TRUE,TRUE,TRUE,13640,수도권,127.14270025965,37.4734715546921,41_131
금빛여성의원,의원,031-757-8500,031-757-8500,경기도,성남시,"경기도 성남시 수정구 수정로171번길 7-1 우일프라자 2층일부, 3~6층, 8층, 9층일부 (태평동) ",2,TRUE,FALSE,FALSE,FALSE,TRUE,13292,수도권,127.138406972632,37.4436026251229,41_131
서울위례산부인과의원,의원,031-758-7001,031-758-7001,경기도,성남시,경기도 성남시 수정구 위례광장로 300 위례중앙역 중앙타워 10층 1002호 (창곡동),0,FALSE,FALSE,FALSE,FALSE,FALSE,13640,수도권,127.14270025965,37.4734715546921,41_131
참편한내과의원,내과의원,031-735-7588,031-735-7588,경기도,성남시,경기도 성남시 수정구 산성대로 247 4층 (신흥동),5,TRUE,TRUE,TRUE,TRUE,TRUE,13353,수도권,127.144579304823,37.4400897500047,41_131
서울더블유(W)내과의원,내과의원,031-746-7588,031-746-7588,경기도,성남시,"경기도 성남시 수정구 수정로 291 상가1동 108,109,112호 (신흥동)",5,TRUE,TRUE,TRUE,TRUE,TRUE,13260,수도권,127.147173393044,37.4510900877003,41_131
위례탑내과의원,내과의원,031-602-7681,031-602-7681,경기도,성남시,"경기도 성남시 수정구 위례광장로 310 우성트램타워 A동 501,502호 (창곡동)",5,TRUE,TRUE,TRUE,TRUE,TRUE,13640,수도권,127.142939037608,37.4727089219441,41_131
베스트내과의원,내과의원,031-755-7542,031-755-7542,경기도,성남시,경기도 성남시 수정구 수정로 174 진영빌딩 301호 (신흥동),5,TRUE,TRUE,TRUE,TRUE,TRUE,13338,수도권,127.13931277535,37.4428484933593,41_131
서울진내과의원,내과의원,031-723-9888,031-721-9888,경기도,성남시,경기도 성남시 수정구 제일로 157 2층 (수진동),5,TRUE,TRUE,TRUE,TRUE,TRUE,13316,수도권,127.131764083347,37.4404940591938,41_131
좋은산부인과의원,의원,031-753-5793,031-753-5793,경기도,성남시,경기도 성남시 수정구 위례동로 153 에이플타워 5층 509호 (창곡동),0,FALSE,FALSE,FALSE,FALSE,FALSE,13642,수도권,127.150173791638,37.4734979727529,41_131
삼성탑내과의원,내과의원,031-745-8875,031-745-8875,경기도,성남시,"경기도 성남시 수정구 산성대로 267 411~418호, 426호 (신흥동) ",5,TRUE,TRUE,TRUE,TRUE,TRUE,13353,수도권,127.146446763662,37.4413240031714,41_131
위례마음의원,의원,031-756-9993,031-756-9993,경기도,성남시,"경기도 성남시 수정구 위례광장로 300 3층 312,334,335호 (창곡동) ",0,FALSE,FALSE,FALSE,FALSE,FALSE,13640,수도권,127.14270025965,37.4734715546921,41_131
원데이항외과의원,의원,031-753-7577,031-753-7577,경기도,성남시,경기도 성남시 수정구 산성대로 241 비와이씨 2층 202호 (신흥동) ,3,TRUE,TRUE,FALSE,TRUE,FALSE,13345,수도권,127.144091064159,37.4399282536923,41_131
위례 애플산부인과의원,의원,031-722-5680,031-722-5680,경기도,성남시,경기도 성남시 수정구 위례광장로 322 아이플렉스 205-206호 (창곡동) ,0,FALSE,FALSE,FALSE,FALSE,FALSE,13640,수도권,127.142952037927,37.4716996853199,41_131
연세웰드림내과의원,내과의원,031-8039-6775,031-8039-6775,경기도,성남시,경기도 성남시 수정구 위례서일로 46 위례엘포트한라비발디 208동 210층 (창곡동) ,5,TRUE,TRUE,TRUE,TRUE,TRUE,13646,수도권,127.1405219714,37.463903364606,41_131
산성베스트내과의원,내과의원,031-8039-6006,031-8039-6006,경기도,성남시,경기도 성남시 수정구 희망로 551 4층 (신흥동) ,5,TRUE,TRUE,TRUE,TRUE,TRUE,13261,수도권,127.149597913056,37.4517098236653,41_131
언제나봄산부인과의원,의원,031-778-6700,031-778-6700,경기도,성남시,"경기도 성남시 수정구 희망로 551 2층 202,204,205호 (신흥동) ",0,FALSE,FALSE,FALSE,FALSE,FALSE,13261,수도권,127.149597913056,37.4517098236653,41_131
고등탑내과의원,내과의원,031-778-6418,031-778-6418,경기도,성남시,경기도 성남시 수정구 고등로 3 현대지식산업센터 성남고등 C동 105호 (고등동) ,5,TRUE,TRUE,TRUE,TRUE,TRUE,13105,수도권,127.093720710667,37.4288805729128,41_131
삼성앤유외과의원,의원,031-755-6875,031-755-6875,경기도,성남시,"경기도 성남시 수정구 위례서일로 46 위례엘포트한라비발디 2층 202,203호 (창곡동) ",1,FALSE,FALSE,FALSE,FALSE,TRUE,13646,수도권,127.1405219714,37.463903364606,41_131
닥터스팟여성의원,의원,031-606-8879,031-606-8879,경기도,성남시,경기도 성남시 수정구 위례동로 147 위례건아타워 2층 202호 (창곡동) ,0,FALSE,FALSE,FALSE,FALSE,FALSE,13642,수도권,127.150107505241,37.4730826015455,41_131
서울속튼튼내과의원,내과의원,031-756-1110,031-756-1110,경기도,성남시,경기도 성남시 수정구 수정로 128 3호 (수진동) ,5,TRUE,TRUE,TRUE,TRUE,TRUE,13327,수도권,127.134586244789,37.441433881196,41_131
위례센텀내과의원,내과의원,031-723-7575,031-723-7575,경기도,성남시,"경기도 성남시 수정구 위례동로 147 위례건아타워 3층 302.,303호 (창곡동) ",5,TRUE,TRUE,TRUE,TRUE,TRUE,13642,수도권,127.150107505241,37.4730826015455,41_131
위례여유외과의원,의원,031-778-8055,031-778-8055,경기도,성남시,"경기도 성남시 수정구 위례광장로 300 창곡동 509번지 6층 611,612호 (창곡동) ",1,FALSE,FALSE,FALSE,FALSE,TRUE,13640,수도권,127.14270025965,37.4734715546921,41_131
성남중앙병원,종합병원,031-799-5500,031-743-3000,경기도,성남시,경기도 성남시 중원구 산성대로476번길 12 (금광동),5,TRUE,TRUE,TRUE,TRUE,TRUE,13161,수도권,127.162001115169,37.4529446188906,41_133
바른마디병원,병원,1599-0015,031-735-9110,경기도,성남시,경기도 성남시 중원구 광명로 330 (금광동),5,TRUE,TRUE,TRUE,TRUE,TRUE,13182,수도권,127.162573534846,37.4452588230858,41_133
양충모내과의원,내과의원,031-741-0021,031-741-0021,경기도,성남시,경기도 성남시 중원구 산성대로372번길 14 (금광동),5,TRUE,TRUE,TRUE,TRUE,TRUE,13180,수도권,127.158590773236,37.4447514674094,41_133
송산부인과의원,의원,031-732-5050,031-732-5050,경기도,성남시,경기도 성남시 중원구 광명로 339 2층 (금광동),0,FALSE,FALSE,FALSE,FALSE,FALSE,13177,수도권,127.163485202809,37.4460043255373,41_133
이승주내과의원,내과의원,031-742-8522,031-742-8522,경기도,성남시,"경기도 성남시 중원구 산성대로372번길 9 원광빌딩 3,4층 (금광동)",2,TRUE,FALSE,TRUE,FALSE,FALSE,13179,수도권,127.158109436178,37.4451605417662,41_133
조현덕내과의원,내과의원,031-756-5068,031-756-5068,경기도,성남시,경기도 성남시 중원구 성남대로 1137 4층 (성남동),4,TRUE,TRUE,TRUE,TRUE,FALSE,13376,수도권,127.128751546883,37.4312838666871,41_133
현대중앙의원,의원,031-746-5584,031-746-5584,경기도,성남시,경기도 성남시 중원구 은이로 8 (은행동),4,TRUE,TRUE,TRUE,TRUE,FALSE,13157,수도권,127.164980352928,37.4575030420502,41_133
사랑의내과소아청소년과의원,내과의원,031-734-4430,031-734-4430,경기도,성남시,경기도 성남시 중원구 둔촌대로 388 크란츠 테크노 202-1호 (상대원동) ,0,FALSE,FALSE,FALSE,FALSE,FALSE,13403,수도권,127.159291940243,37.4326323289144,41_133
송도외과의원,의원,031-735-7169,031-735-7169,경기도,성남시,경기도 성남시 중원구 산성대로372번길 14 3층 (금광동),4,TRUE,TRUE,TRUE,TRUE,FALSE,13180,수도권,127.158590773236,37.4447514674094,41_133
정재용내과의원,내과의원,031-741-2600,031-741-8575,경기도,성남시,경기도 성남시 중원구 산성대로 530 4층.5층 (은행동),4,TRUE,TRUE,TRUE,TRUE,FALSE,13153,수도권,127.164679259369,37.4580213634698,41_133
성남선의원,의원,031-609-1500,031-609-1500,경기도,성남시,경기도 성남시 중원구 광명로 318 2~3층 (금광동) ,5,TRUE,TRUE,TRUE,TRUE,TRUE,13181,수도권,127.161362212289,37.444890526874,41_133
박춘원산부인과의원,의원,031-747-6558,031-747-6558,경기도,성남시,경기도 성남시 중원구 광명로 277 (중앙동),0,FALSE,FALSE,FALSE,FALSE,FALSE,13249,수도권,127.15688038259,37.4439203123116,41_133
연세내과의원,내과의원,031-733-8278,031-733-8278,경기도,성남시,경기도 성남시 중원구 광명로 331 2층 (금광동),4,TRUE,TRUE,TRUE,TRUE,FALSE,13177,수도권,127.162633431352,37.4457299707448,41_133
의료법인성심의료재단성남성심연합영상의원,의원,031-732-3300,031-746-4100,경기도,성남시,경기도 성남시 중원구 둔촌대로 387 지하1~5층 (상대원동),5,TRUE,TRUE,TRUE,TRUE,TRUE,13225,수도권,127.160113122715,37.4337392882102,41_133
현대의원,의원,031-733-1822,031-733-1822,경기도,성남시,경기도 성남시 중원구 희망로380번길 13 1층 (상대원동),3,TRUE,TRUE,TRUE,FALSE,FALSE,13396,수도권,127.160215874636,37.4389016942366,41_133
우리집의원,의원,031-735-5066,031-735-5066,경기도,성남시,"경기도 성남시 중원구 금상로 60 2,3층 (상대원동, 우림빌딩)",0,FALSE,FALSE,FALSE,FALSE,FALSE,13232,수도권,127.162807580335,37.4404120372246,41_133
연세제일의원,의원,031-741-8275,031-741-8275,경기도,성남시,경기도 성남시 중원구 산성대로 520 프린스빌딩 3층 (은행동) ,3,TRUE,TRUE,TRUE,FALSE,FALSE,13157,수도권,127.164043985389,37.4571630423055,41_133
행복한내과의원,내과의원,031-745-8275,031-745-8275,경기도,성남시,경기도 성남시 중원구 금상로 18 2층 (상대원동),4,TRUE,TRUE,TRUE,TRUE,FALSE,13231,수도권,127.159732238578,37.437516227866,41_133
다정산부인과의원,의원,031-748-6465,031-748-6466,경기도,성남시,경기도 성남시 중원구 은이로5번길 1 건영빌딩 6층 (은행동) ,0,FALSE,FALSE,FALSE,FALSE,FALSE,13153,수도권,127.164813713655,37.4579484644004,41_133
이태광내과의원,내과의원,031-752-9600,031-752-9600,경기도,성남시,경기도 성남시 중원구 둔촌대로 163 3층 (성남동),3,TRUE,FALSE,TRUE,TRUE,FALSE,13372,수도권,127.136792877767,37.4298548332826,41_133
샘물내과의원,내과의원,031-759-4554,031-759-4554,경기도,성남시,"경기도 성남시 중원구 도촌남로 37 401호 (도촌동, 도촌프라자)",4,TRUE,TRUE,TRUE,TRUE,FALSE,13426,수도권,127.151645752293,37.4146213252995,41_133
고려드림내과의원,내과의원,031-752-0067,031-752-0067,경기도,성남시,경기도 성남시 중원구 둔촌대로 84 7층 (성남동),4,TRUE,TRUE,TRUE,TRUE,FALSE,13383,수도권,127.128476586004,37.4297248673021,41_133
편한가정의학과의원,의원,031-746-8878,031-746-8878,경기도,성남시,경기도 성남시 중원구 광명로 338 상원빌딩 2층 (금광동) ,0,FALSE,FALSE,FALSE,FALSE,FALSE,13182,수도권,127.163375323767,37.4455204530465,41_133
우리희망내과의원,내과의원,031-757-1717,031-757-1717,경기도,성남시,"경기도 성남시 중원구 산성대로 366 벽산프라자 5,9층 (중앙동) ",5,TRUE,TRUE,TRUE,TRUE,TRUE,13249,수도권,127.156794590317,37.4444515737708,41_133
마음속내과 의원,내과의원,031-757-3800,031-757-3800,경기도,성남시,"경기도 성남시 중원구 성남대로1130번길 3 엠스퀘어빌딩 3층일부,4층 (성남동)",5,TRUE,TRUE,TRUE,TRUE,TRUE,13365,수도권,127.129799776305,37.4307282350286,41_133
중동성모내과의원,내과의원,031-749-7582,031-749-7582,경기도,성남시,"경기도 성남시 중원구 산성대로 354 4,5층 (중앙동)",5,TRUE,TRUE,TRUE,TRUE,TRUE,13249,수도권,127.155670222456,37.4439256065341,41_133
서울바른내과의원,내과의원,031-736-1700,031-736-1700,경기도,성남시,"경기도 성남시 중원구 희망로 336 (상대원동, 금진빌딩)",4,TRUE,TRUE,TRUE,TRUE,FALSE,13241,수도권,127.158382830107,37.4357922397592,41_133
바로나은내과의원,내과의원,031-751-7544,031-751-7544,경기도,성남시,경기도 성남시 중원구 양현로 409 어반스퀘어 501~506호 (여수동),4,TRUE,TRUE,TRUE,TRUE,FALSE,13438,수도권,127.127403122464,37.4171197166796,41_133
단아산부인과의원,의원,031-753-8700,031-753-8700,경기도,성남시,"경기도 성남시 중원구 광명로 5 6층 (성남동, 성남동메디칼센타)",0,FALSE,FALSE,FALSE,FALSE,FALSE,13355,수도권,127.129705118458,37.4331648661797,41_133
수서울내과의원,내과의원,031-748-1112,031-748-1112,경기도,성남시,경기도 성남시 중원구 산성대로 380 5층 (금광동),5,TRUE,TRUE,TRUE,TRUE,TRUE,13179,수도권,127.157814758638,37.4457197442107,41_133
서울아산내과의원,내과의원,031-626-6500,031-626-6500,경기도,성남시,"경기도 성남시 중원구 광명로 176 202,203,204호 (중앙동, 신흥역하늘채랜더스원아파트) ",2,TRUE,FALSE,TRUE,FALSE,FALSE,13256,수도권,127.147743782372,37.4390780520767,41_133
장새로내과의원,내과의원,031-734-7760,031-734-7760,경기도,성남시,경기도 성남시 중원구 금빛로 43 401~405호 (금광동) ,5,TRUE,TRUE,TRUE,TRUE,TRUE,13188,수도권,127.167327699726,37.4457474752159,41_133
삼성조앤여성의원,의원,031-754-7582,031-754-7582,경기도,성남시,경기도 성남시 중원구 성남대로 1146 구정빌딩 2층 (성남동) ,0,FALSE,FALSE,FALSE,FALSE,FALSE,13365,수도권,127.129524009834,37.432057446021,41_133
삼성바른내과의원,내과의원,031-721-8720,031-721-8720,경기도,성남시,경기도 성남시 중원구 광명로 5 성남동메디칼센타 101호 (성남동) ,4,TRUE,TRUE,TRUE,TRUE,FALSE,13355,수도권,127.129705118458,37.4331648661797,41_133
참좋은내과의원,내과의원,031-626-7777,031-626-7777,경기도,성남시,경기도 성남시 중원구 산성대로372번길 18 대촌빌딩 4층 (금광동) ,5,TRUE,TRUE,TRUE,TRUE,TRUE,13180,수도권,127.158947990444,37.4447000802856,41_133
차의과학대학교분당차병원,종합병원,031-780-5700,031-780-5000,경기도,성남시,경기도 성남시 분당구 야탑로 59 (야탑동),5,TRUE,TRUE,TRUE,TRUE,TRUE,13496,수도권,127.125836917568,37.4104661093887,41_135
대진의료재단 분당제생병원,종합병원,031-779-0940,031-779-0114,경기도,성남시,경기도 성남시 분당구 서현로180번길 20 (서현동) ,5,TRUE,TRUE,TRUE,TRUE,TRUE,13590,수도권,127.121778342112,37.3882035182255,41_135
사랑의병원,병원,031-8017-0101,031-8017-0101,경기도,성남시,"경기도 성남시 분당구 분당내곡로 151 6, 7층 (삼평동)",5,TRUE,TRUE,TRUE,TRUE,TRUE,13524,수도권,127.112519155228,37.3973659034438,41_135
분당제일여성병원,병원,031-725-8500,031-725-8500,경기도,성남시,"경기도 성남시 분당구 서현로180번길 27 1~6층 (서현동, 분당제일여성병원)",2,TRUE,FALSE,FALSE,FALSE,TRUE,13590,수도권,127.121805814061,37.3869669262883,41_135
서울나우병원,병원,-1588-2691,1588-2691,경기도,성남시,"경기도 성남시 분당구 분당로 43 나우빌딩 5~11층,12일부층 (서현동) ",3,TRUE,FALSE,TRUE,TRUE,FALSE,13591,수도권,127.12026796713,37.3840712605241,41_135
보바스기념병원,병원,031-786-3200,1877-5661,경기도,성남시,"경기도 성남시 분당구 대왕판교로 155-7 (금곡동, 보바스기념병원) ",5,TRUE,TRUE,TRUE,TRUE,TRUE,13552,수도권,127.098091924359,37.3561079502637,41_135
탁용준내과의원,내과의원,031-707-7715,707-7715,경기도,성남시,"경기도 성남시 분당구 성남대로 926 407,410호 (야탑동, 분당메트로빌딩)",4,TRUE,TRUE,TRUE,TRUE,FALSE,13506,수도권,127.129293683648,37.4125749089603,41_135
분당여성산부인과의원,의원,031-701-0462,031-701-0462,경기도,성남시,"경기도 성남시 분당구 성남대로 926 403호 404호 (야탑동, 분당메트로빌딩)",0,FALSE,FALSE,FALSE,FALSE,FALSE,13506,수도권,127.129293683648,37.4125749089603,41_135
의료법인메디피아메디피움분당의원,의원,031-730-7761,031-701-7333,경기도,성남시,경기도 성남시 분당구 중앙공원로40번길 32 (서현동),4,FALSE,TRUE,TRUE,TRUE,TRUE,13589,수도권,127.132036038202,37.3786886964773,41_135
베일러이화산부인과의원,의원,031-710-9670,031-710-9670,경기도,성남시,"경기도 성남시 분당구 성남대로 385 301호 302호 (정자동, 분당클리닉)",0,FALSE,FALSE,FALSE,FALSE,FALSE,13555,수도권,127.107511843851,37.37056133067,41_135
배희동내과의원,내과의원,031-713-3118,713-3118,경기도,성남시,"경기도 성남시 분당구 내정로17번길 2 4005호 (정자동, 한솔프라자)",3,TRUE,TRUE,TRUE,FALSE,FALSE,13612,수도권,37.362271336194894,127.11444093883807,41_135
젊음 건강 그리고 행복의원,의원,031-708-5600,031-708-5600,경기도,성남시,"경기도 성남시 분당구 서현로 435 1, 2, 3층 (분당동) ",5,TRUE,TRUE,TRUE,TRUE,TRUE,13579,수도권,127.145060036925,37.3741997634921,41_135
분당연합의원,의원,031-709-3850,031-709-0848,경기도,성남시,"경기도 성남시 분당구 판교로 441 202~204호 206호 (야탑동, 남서울프라자)",5,TRUE,TRUE,TRUE,TRUE,TRUE,13522,수도권,127.122777978076,37.4057533888349,41_135
분당연세산부인과의원,의원,031-711-1711,031-711-1711,경기도,성남시,경기도 성남시 분당구 내정로 29 금곡프라자 205호 (정자동),0,FALSE,FALSE,FALSE,FALSE,FALSE,13612,수도권,127.11450673877,37.3627844071852,41_135
메디파크산부인과의원,의원,031-622-7000,031-622-7000,경기도,성남시,경기도 성남시 분당구 돌마로 43 메디파크빌딩 3층 (금곡동) ,0,FALSE,FALSE,FALSE,FALSE,FALSE,13615,수도권,127.106671753839,37.3503567403149,41_135
늘푸른산부인과의원,의원,031-719-1004,031-719-1004,경기도,성남시,"경기도 성남시 분당구 돌마로 79 3층 302~304호 (금곡동, 썬프라자)",0,FALSE,FALSE,FALSE,FALSE,FALSE,13618,수도권,127.110801530964,37.3503955629695,41_135
분당본내과의원,내과의원,031-714-7787,031-714-7787,경기도,성남시,경기도 성남시 분당구 성남대로 168 미도프라자 603호 (금곡동),2,TRUE,FALSE,TRUE,FALSE,FALSE,13618,수도권,127.109492449514,37.3508873918775,41_135
서울중앙내과의원,내과의원,031-714-2363,714-2363,경기도,성남시,"경기도 성남시 분당구 미금로 39 205~206호 (구미동, 로얄프라자)",4,TRUE,TRUE,TRUE,TRUE,FALSE,13625,수도권,127.116020898498,37.3368568254014,41_135
노블진내과의원,내과의원,031-719-2579,031-719-2579,경기도,성남시,"경기도 성남시 분당구 돌마로 87 305호 (금곡동, 골드프라자)",3,TRUE,TRUE,TRUE,FALSE,FALSE,13618,수도권,127.111741798479,37.3503895426853,41_135
메디파크내과의원,내과의원,031-605-7200,605-7200,경기도,성남시,"경기도 성남시 분당구 돌마로 43 메디파크빌딩 4층 401-1호, 401-3호, 401-4호 (금곡동)",5,TRUE,TRUE,TRUE,TRUE,TRUE,13615,수도권,127.106671753839,37.3503567403149,41_135
한양내과의원,내과의원,031-718-8875,718-8875,경기도,성남시,"경기도 성남시 분당구 돌마로 68 404호 (구미동, 분당프라자) ",3,TRUE,TRUE,TRUE,FALSE,FALSE,13627,수도권,127.109531722932,37.3496417736302,41_135
연세유앤유외과의원,의원,031-781-6875,031-781-6875,경기도,성남시,경기도 성남시 분당구 서현로 184 엘지분당에클라트 208호 (서현동),1,FALSE,FALSE,FALSE,FALSE,TRUE,13590,수도권,127.123788962899,37.3883743368635,41_135
연세베스트외과의원,의원,031-707-7100,031-707-7100,경기도,성남시,"경기도 성남시 분당구 서현로 192 403호 (서현동, 야베스밸리)",3,TRUE,TRUE,FALSE,TRUE,FALSE,13590,수도권,127.124426913051,37.3877930483352,41_135
전내과의원,내과의원,031-714-7241,031-714-7241,경기도,성남시,"경기도 성남시 분당구 내정로 29 306,307호 (정자동, 금곡프라자)",3,TRUE,TRUE,TRUE,FALSE,FALSE,13612,수도권,127.11450673877,37.3627844071852,41_135
서현서울내과의원,내과의원,031-706-9669,031-706-1771,경기도,성남시,"경기도 성남시 분당구 황새울로342번길 11 403호 404호 (서현동, 금호리빙스텔)",4,TRUE,TRUE,TRUE,TRUE,FALSE,13591,수도권,127.12365603416,37.38623076251,41_135
우리영상의학과의원,의원,031-716-0025,031-715-0700,경기도,성남시,경기도 성남시 분당구 정자일로 162 젤존타워2 4층 402호 (정자동),3,TRUE,FALSE,TRUE,FALSE,TRUE,13558,수도권,127.106313782659,37.3646268151097,41_135
리체내과신경과의원,내과의원,-1644-2734,710-9510,경기도,성남시,"경기도 성남시 분당구 성남대로 385 402호 (정자동, 분당클리닉)",5,TRUE,TRUE,TRUE,TRUE,TRUE,13555,수도권,127.107511843851,37.37056133067,41_135
장앤전내과이비인후과의원,내과의원,031-715-2688,031-711-2686,경기도,성남시,"경기도 성남시 분당구 내정로173번길 1 5층 (수내동, 우리은행)",0,FALSE,FALSE,FALSE,FALSE,FALSE,13597,수도권,127.119494144369,37.3740989697789,41_135
LH의원,의원,031-738-5180,031-738-5180,경기도,성남시,"경기도 성남시 분당구 성남대로54번길 3 3층 (구미동, 대한주택공사별관)",0,FALSE,FALSE,FALSE,FALSE,FALSE,13637,수도권,127.110382118199,37.3413701650731,41_135
필립의원,의원,031-789-5800,031-789-5800,경기도,성남시,경기도 성남시 분당구 황새울로311번길 10 필립메디컬센터 (서현동),5,TRUE,TRUE,TRUE,TRUE,TRUE,13590,수도권,127.119809076854,37.3852759438586,41_135
의료법인진성 연세모두의원,의원,031-725-7020,781-9229,경기도,성남시,"경기도 성남시 분당구 장미로 78 302,313호 (야탑동, 시그마Ⅲ)",4,FALSE,TRUE,TRUE,TRUE,TRUE,13506,수도권,127.129563673643,37.4135049153131,41_135
노유석내과의원,내과의원,031-714-7512,031-714-7512,경기도,성남시,"경기도 성남시 분당구 미금로 45 310호 (구미동, 진도훼미리프라자)",3,TRUE,TRUE,TRUE,FALSE,FALSE,13625,수도권,127.115784120324,37.3373516330101,41_135
엠디그린의원,의원,031-701-5350,031-701-5350,경기도,성남시,경기도 성남시 분당구 성남대로779번길 50 2~5층 2층일부호 (이매동),5,TRUE,TRUE,TRUE,TRUE,TRUE,13523,수도권,127.122958324276,37.3993058593221,41_135
분당우리산부인과의원,의원,031-713-3700,713-3700,경기도,성남시,"경기도 성남시 분당구 성남대로 168 미도프라자 2층 202, 208호 (금곡동)",0,FALSE,FALSE,FALSE,FALSE,FALSE,13618,수도권,127.109492449514,37.3508873918775,41_135
우리가정의학과의원,의원,070-4120-7581,070-4120-7581,경기도,성남시,"경기도 성남시 분당구 판교원로 207 204호 (판교동, 판교원마을상가동)",0,FALSE,FALSE,FALSE,FALSE,FALSE,13485,수도권,127.088701581194,37.3866351702494,41_135
연세유효민내과의원,내과의원,031-718-0702,031-718-0702,경기도,성남시,"경기도 성남시 분당구 내정로 167 305호 (수내동, 양지프라임)",4,TRUE,TRUE,TRUE,TRUE,FALSE,13597,수도권,127.119149700382,37.373894153921,41_135
삼성편한내과의원,내과의원,031-703-5075,031-703-5075,경기도,성남시,"경기도 성남시 분당구 운중로 233 202,203호 (판교동, 한솔프라자)",4,TRUE,TRUE,TRUE,TRUE,FALSE,13477,수도권,127.088961809459,37.3900330925515,41_135
맑은유영상의학과의원,의원,031-713-0020,031-713-0020,경기도,성남시,"경기도 성남시 분당구 돌마로 68 411호 (구미동, 분당프라자)",1,FALSE,FALSE,FALSE,FALSE,TRUE,13627,수도권,127.109548208072,37.3496466239203,41_135
연세더리더스내과의원,내과의원,031-711-8795,031-711-8795,경기도,성남시,"경기도 성남시 분당구 느티로 27 4층 일부호 (정자동, 하나프라자)",5,TRUE,TRUE,TRUE,TRUE,TRUE,13555,수도권,127.107520764605,37.3688224332226,41_135
21세기미금의원,의원,031-717-9111,717-9111,경기도,성남시,"경기도 성남시 분당구 성남대로 168 801~803호 (금곡동, 미도프라자)",5,TRUE,TRUE,TRUE,TRUE,TRUE,13618,수도권,127.109492449514,37.3508873918775,41_135
21세기연세의원,의원,031-711-7770,031-711-0078,경기도,성남시,"경기도 성남시 분당구 성남대로 345 7층 701~703호 (정자동, 정자역프라자)",5,TRUE,TRUE,TRUE,TRUE,TRUE,13558,수도권,127.107702542508,37.3669418268001,41_135
판교연세내과의원,내과의원,031-8016-8338,031-8016-8338,경기도,성남시,"경기도 성남시 분당구 판교로 376 마크시티 퍼플 501~503, 505호 일부호 (삼평동)",5,TRUE,TRUE,TRUE,TRUE,TRUE,13492,수도권,127.116169115681,37.403956404667,41_135
서울수내과의원,내과의원,031-712-5375,031-712-5375,경기도,성남시,"경기도 성남시 분당구 돌마로366번길 42 3(일부)층 301호 (수내동, 동한프라자)",4,TRUE,TRUE,TRUE,TRUE,FALSE,13600,수도권,127.126748539316,37.3671802834772,41_135
이경미산부인과의원,의원,031-781-0070,031-781-0070,경기도,성남시,"경기도 성남시 분당구 서현로210번길 14 유성트윈프라자2차 305,306호 (서현동)",0,FALSE,FALSE,FALSE,FALSE,FALSE,13591,수도권,127.124594281507,37.386235544259,41_135
메디피움의원,의원,031-724-1734,031-1899-0050,경기도,성남시,"경기도 성남시 분당구 분당내곡로 159 A동 2층 3층 (삼평동, 판교역KCC웰츠타워) ",5,TRUE,TRUE,TRUE,TRUE,TRUE,13524,수도권,127.112519974423,37.3979894094066,41_135
판교연세산부인과의원,의원,031-698-3334,031-698-3334,경기도,성남시,경기도 성남시 분당구 대왕판교로606번길 41 프라임스퀘어 6층 601호 (삼평동) ,0,FALSE,FALSE,FALSE,FALSE,FALSE,13524,수도권,127.111931027754,37.3964807575672,41_135
애플산부인과의원,의원,031-8017-8322,031-8017-8322,경기도,성남시,"경기도 성남시 분당구 황새울로 332 5층일부(서현동, 분당문화센터)",0,FALSE,FALSE,FALSE,FALSE,FALSE,13591,수도권,127.12232991121,37.3855304250026,41_135
황혜원유외과의원,의원,031-622-0011,031-622-0011,경기도,성남시,"경기도 성남시 분당구 야탑로81번길 10 분당아미고타워 2층 205,205-1호 (야탑동) ",1,FALSE,FALSE,FALSE,FALSE,TRUE,13497,수도권,127.128208288628,37.4105972729335,41_135
루비산부인과의원,의원,031-704-3933,031-704-3933,경기도,성남시,"경기도 성남시 분당구 황새울로342번길 23 4층 402호 (서현동, 기영프라자)",0,FALSE,FALSE,FALSE,FALSE,FALSE,13591,수도권,127.124614689096,37.3868993063236,41_135
서울삼성내과의원,내과의원,031-608-4086,031-608-4086,경기도,성남시,경기도 성남시 분당구 운중로 131 스타식스 메트로 504호 (운중동) ,2,TRUE,FALSE,TRUE,FALSE,FALSE,13461,수도권,127.077763282058,37.3919420544236,41_135
티케이정형외과의원,의원,031-1899-5533,1899-5533,경기도,성남시,경기도 성남시 분당구 동판교로 55 로제비앙스퀘어 1~5층 일부호 (백현동) ,1,TRUE,FALSE,FALSE,FALSE,FALSE,13533,수도권,127.114663714934,37.38826901704,41_135
서울행복내과의원,내과의원,031-726-9999,031-726-9999,경기도,성남시,경기도 성남시 분당구 정자로 88 성심빌딩 2층 (정자동),5,TRUE,TRUE,TRUE,TRUE,TRUE,13612,수도권,127.114438686502,37.3631668687279,41_135
행복한내과의원,내과의원,031-703-7401,031-703-7401,경기도,성남시,"경기도 성남시 분당구 양현로94번길 19 새남서울조합상가  303호, 304호 (이매동)",4,TRUE,TRUE,TRUE,TRUE,FALSE,13568,수도권,127.126206511189,37.3911411639124,41_135
탑내과의원,내과의원,031-628-7788,031-628-7788,경기도,성남시,"경기도 성남시 분당구 판교로255번길 9-22 105,106호 (삼평동)",4,TRUE,TRUE,TRUE,TRUE,FALSE,13486,수도권,127.100089555162,37.4040237290805,41_135
21세기의원,의원,031-702-2021,031-702-2021,경기도,성남시,경기도 성남시 분당구 돌마로 482 주영빌딩 2층 (서현동),5,TRUE,TRUE,TRUE,TRUE,TRUE,13586,수도권,127.133661333746,37.3772874902177,41_135
더엘산부인과의원,의원,070-8766-0815,070-8766-0815,경기도,성남시,"경기도 성남시 분당구 판교역로 152 알파돔타워 3층 303호, 304호 (백현동)",0,FALSE,FALSE,FALSE,FALSE,FALSE,13529,수도권,127.110306812433,37.394245407468,41_135
분당서울여성의원,의원,031-711-5322,031-711-5322,경기도,성남시,경기도 성남시 분당구 성남대로331번길 8 킨스타워 3층 325~326호 (정자동),0,FALSE,FALSE,FALSE,FALSE,FALSE,13558,수도권,127.106632297825,37.365948063663,41_135
분당삼성내과의원,내과의원,031-711-5255,031-711-5255,경기도,성남시,"경기도 성남시 분당구 성남대로 32 보명프라자 3층 301호, 302호, 303호 (구미동)",5,TRUE,TRUE,TRUE,TRUE,TRUE,13637,수도권,127.109346727217,37.3386592060769,41_135
미나여성의원,의원,031-717-8277,717-8277,경기도,성남시,"경기도 성남시 분당구 성남대로 349 403호 (정자동, 시그마타워)",0,FALSE,FALSE,FALSE,FALSE,FALSE,13558,수도권,127.107697854179,37.3672948530592,41_135
정자센트럴산부인과의원,의원,031-715-8600,031-752-0017,경기도,성남시,경기도 성남시 분당구 성남대로331번길 3-9 백궁프라자3 503호 (정자동) ,0,FALSE,FALSE,FALSE,FALSE,FALSE,13558,수도권,127.107694692996,37.3648461371195,41_135
분당365일의원,의원,031-711-0365,031-711-0365,경기도,성남시,경기도 성남시 분당구 성남대로 165 천사의도시1 오피스텔 2층 230호 및 231-1호 (금곡동),4,TRUE,TRUE,TRUE,TRUE,FALSE,13615,수도권,127.10830898782,37.3507623373463,41_135
서울누리의원,의원,031-604-7575,031-604-7575,경기도,성남시,"경기도 성남시 분당구 정자일로 121 제상가동 2층 제에이치-07호 (정자동, 더샵스타파크)",1,TRUE,FALSE,FALSE,FALSE,FALSE,13560,수도권,127.105543131014,37.3613376767451,41_135
분당유외과의원,의원,031-604-5080,031-604-5080,경기도,성남시,"경기도 성남시 분당구 돌마로 47 이코노샤르망 3층 305호, 308호 (금곡동)",1,FALSE,FALSE,FALSE,FALSE,TRUE,13615,수도권,127.107194918171,37.3503823071351,41_135
판교가온산부인과의원,의원,031-604-6532,031-604-6532,경기도,성남시,"경기도 성남시 분당구 운중로 142 판교메디칼타워 402, 403호 (운중동)",0,FALSE,FALSE,FALSE,FALSE,FALSE,13466,수도권,127.078835343749,37.3912302576348,41_135
서울리드내과의원,내과의원,031-704-7582,031-704-7582,경기도,성남시,"경기도 성남시 분당구 성남대로926번길 6 야탑 대덕프라자 6층 605호, 606호, 607호 (야탑동) ",5,TRUE,TRUE,TRUE,TRUE,TRUE,13506,수도권,127.129849213472,37.4121837084373,41_135
성모편한내과의원,내과의원,031-8039-7765,031-8039-7765,경기도,성남시,경기도 성남시 분당구 불정로376번길 7 건일빌딩 201호 (서현동),4,TRUE,TRUE,TRUE,TRUE,FALSE,13587,수도권,127.137039054723,37.3737178202958,41_135
분당선내과의원,내과의원,031-719-0875,031-719-0875,경기도,성남시,경기도 성남시 분당구 성남대로331번길 3-9 백궁프라자3 8층 801호 (정자동),5,TRUE,TRUE,TRUE,TRUE,TRUE,13558,수도권,127.107694692996,37.3648461371195,41_135
조아산부인과의원,의원,031-622-7780,031-622-7780,경기도,성남시,경기도 성남시 분당구 분당내곡로 117 크래프톤타워 3층 일부호 (백현동),0,FALSE,FALSE,FALSE,FALSE,FALSE,13529,수도권,127.112200514447,37.3943014713942,41_135
리나산부인과의원,의원,031-706-7582,031-706-7582,경기도,성남시,경기도 성남시 분당구 성남대로926번길 6 야탑 대덕프라자 4층 402호 (야탑동),0,FALSE,FALSE,FALSE,FALSE,FALSE,13506,수도권,127.129849213472,37.4121837084373,41_135
온봄여성의원,의원,031-601-7555,031-601-7555,경기도,성남시,경기도 성남시 분당구 분당내곡로 131 2층 일부(15-1)호 (백현동),0,FALSE,FALSE,FALSE,FALSE,FALSE,13529,수도권,127.112113596734,37.3954648629951,41_135
에이비씨여성의원,의원,031-778-8748,031-778-8748,경기도,성남시,경기도 성남시 분당구 돌마로 75 미금프라자 204호 (금곡동),0,FALSE,FALSE,FALSE,FALSE,FALSE,13618,수도권,127.11044893199,37.3503891349855,41_135
삼성에스(S)내과의원,내과의원,031-604-7000,031-604-7000,경기도,성남시,"경기도 성남시 분당구 야탑로81번길 10 분당아미고타워 406, 407호 (야탑동)",5,TRUE,TRUE,TRUE,TRUE,TRUE,13497,수도권,127.128208288628,37.4105972729335,41_135
지앤이알파돔메디컬센터 의원,의원,031-604-7571,031-604-7571,경기도,성남시,경기도 성남시 분당구 분당내곡로 131 지하 1층 일부호 (백현동),5,TRUE,TRUE,TRUE,TRUE,TRUE,13529,수도권,127.112113596734,37.3954648629951,41_135
판교미래내과의원,내과의원,031-609-1201,031-609-1200,경기도,성남시,"경기도 성남시 분당구 운중로 115 2층 201, 202 호 (운중동)",5,TRUE,TRUE,TRUE,TRUE,TRUE,13461,수도권,127.076069610875,37.3920626316401,41_135
판교바른내과의원,내과의원,031-711-8567,031-711-8567,경기도,성남시,경기도 성남시 분당구 판교대장로6길 10 501~511호 (대장동),5,TRUE,TRUE,TRUE,TRUE,TRUE,13544,수도권,127.068375237846,37.366733408552,41_135
세라의원,의원,070-7537-2792,070-7537-2792,경기도,성남시,경기도 성남시 분당구 분당로53번길 10 동호플라자 301(일부)호 (서현동) ,0,FALSE,FALSE,FALSE,FALSE,FALSE,13591,수도권,127.121780037862,37.383526936654,41_135
성모원내과의원,내과의원,031-778-8480,031-778-8480,경기도,성남시,"경기도 성남시 분당구 야탑로 102 뉴젠빌원룸텔 201~204호, 206~207호 (야탑동)",5,TRUE,TRUE,TRUE,TRUE,TRUE,13517,수도권,127.130137285101,37.4095893576218,41_135
연세아이봄여성의원,의원,031-607-1000,031-607-1000,경기도,성남시,"경기도 성남시 분당구 정자일로 1 코오롱트리폴리스1 2층 223,224호 (금곡동) ",0,FALSE,FALSE,FALSE,FALSE,FALSE,13616,수도권,127.105310564504,37.350812348596,41_135
연세우리내과의원,내과의원,031-602-8200,031-602-8200,경기도,성남시,경기도 성남시 분당구 판교역로192번길 16 판교타워 501~502호 (삼평동) ,4,TRUE,TRUE,TRUE,TRUE,FALSE,13524,수도권,127.11143339349,37.3977452704965,41_135
봄날에산부인과의원,의원,031-8039-7760,031-8039-7760,경기도,성남시,경기도 성남시 분당구 야탑로81번길 10 분당아미고타워 206호 (야탑동) ,0,FALSE,FALSE,FALSE,FALSE,FALSE,13497,수도권,127.128208288628,37.4105972729335,41_135
삼성린산부인과의원,의원,031-8039-7275,031-8039-7275,경기도,성남시,경기도 성남시 분당구 대왕판교로606번길 58 판교푸르지오월드마크 2-46호 (삼평동) ,0,FALSE,FALSE,FALSE,FALSE,FALSE,13525,수도권,127.113554546191,37.3954205092827,41_135
티엘씨분당의원,의원,031-607-5005,031-604-5005,경기도,성남시,"경기도 성남시 분당구 정자일로 197 201, 202, 203호 (정자동) ",0,FALSE,FALSE,FALSE,FALSE,FALSE,13557,수도권,127.105520669444,37.3680299802465,41_135
서현365의원,의원,031-697-8975,031-697-8975,경기도,성남시,경기도 성남시 분당구 황새울로335번길 5 601호 (서현동) ,0,FALSE,FALSE,FALSE,FALSE,FALSE,13590,수도권,127.121697508944,37.3860492558363,41_135
분당 헤스티아 여성의원,의원,031-606-0123,031-606-0123,경기도,성남시,경기도 성남시 분당구 돌마로 68 분당프라자 202호 (구미동) ,0,FALSE,FALSE,FALSE,FALSE,FALSE,13627,수도권,127.109548208072,37.3496466239203,41_135
서현삼성산부인과의원,의원,031-708-7001,031-708-7001,경기도,성남시,경기도 성남시 분당구 황새울로342번길 9 서울문고 4층 (서현동) ,0,FALSE,FALSE,FALSE,FALSE,FALSE,13591,수도권,127.123433426179,37.3860651167411,41_135
연세웰내과의원,내과의원,031-602-5920,031-602-5920,경기도,성남시,경기도 성남시 분당구 서현로210번길 20 코코프라자 서현동 2층 201-5~27호 (서현동) ,5,TRUE,TRUE,TRUE,TRUE,TRUE,13591,수도권,127.12403697062,37.3858574301594,41_135
속속린내과의원,내과의원,031-703-7707,031-703-7707,경기도,성남시,"경기도 성남시 분당구 동판교로 61 자유퍼스트프라자2 601, 602, 603호 (백현동) ",5,TRUE,TRUE,TRUE,TRUE,TRUE,13533,수도권,127.115374419485,37.3884747500877,41_135
오율의원,의원,031-8023-9023,031-8023-9023,경기도,성남시,"경기도 성남시 분당구 정자일로 227 백궁지엔느주차전용빌딩 204,205호 (정자동) ",1,TRUE,FALSE,FALSE,FALSE,FALSE,13556,수도권,127.105603334255,37.3707082053063,41_135
판교이엠365의원,의원,031-703-8475,031-703-8475,경기도,성남시,"경기도 성남시 분당구 운중로 242 104호, 112호, 113호, 301호, 303호, 304호, 308호 (판교동) ",2,TRUE,FALSE,TRUE,FALSE,FALSE,13484,수도권,127.089706356889,37.3892122390199,41_135
분당21세기의원,의원,031-709-1051,031-703-1021,경기도,성남시,"경기도 성남시 분당구 서현로321번길 10 3층일부, 4층 (서현동) ",5,TRUE,TRUE,TRUE,TRUE,TRUE,13577,수도권,127.136041376461,37.3799779371768,41_135
오늘유외과의원,의원,031-718-6541,031-718-6541,경기도,성남시,경기도 성남시 분당구 성남대로 349 시그마타워 7층 일부호 (정자동) ,1,FALSE,FALSE,FALSE,FALSE,TRUE,13558,수도권,127.107697854179,37.3672948530592,41_135
서울최편한내과의원,내과의원,031-719-9846,031-719-9846,경기도,성남시,"경기도 성남시 분당구 백현로 100 정자아이파크 201,202,203,203-1호 (정자동) ",5,TRUE,TRUE,TRUE,TRUE,TRUE,13596,수도권,127.110446285697,37.37615714592,41_135
더키성장의원,의원,031-718-9920,031-718-9920,경기도,성남시,경기도 성남시 분당구 느티로 27 하나플라자빌딩 310호 (정자동) ,0,FALSE,FALSE,FALSE,FALSE,FALSE,13555,수도권,127.107520764605,37.3688224332226,41_135
경기도의료원의정부병원,종합병원,031-828-5112,031-828-5000,경기도,의정부시,경기도 의정부시 흥선로 142 (의정부동) ,5,TRUE,TRUE,TRUE,TRUE,TRUE,11671,수도권,127.042553715604,37.7410882112715,41_150
가톨릭대학교의정부성모병원,종합병원,031-820-3330,1661-7500,경기도,의정부시,경기도 의정부시 천보로 271 의정부성모병원 (금오동),5,TRUE,TRUE,TRUE,TRUE,TRUE,11765,수도권,127.077950587772,37.7586506099181,41_150
의료법인 영동의료재단 의정부백병원,종합병원,031-843-8383,031-856-8111,경기도,의정부시,경기도 의정부시 금신로 322 (신곡동),3,FALSE,TRUE,TRUE,FALSE,TRUE,11778,수도권,127.06214238551,37.7453310934281,41_150
추병원,종합병원,031-845-8182,031-845-7777,경기도,의정부시,경기도 의정부시 평화로 650 (의정부동),5,TRUE,TRUE,TRUE,TRUE,TRUE,11686,수도권,127.045189463213,37.7497798643037,41_150
학교법인 을지학원 의정부을지대학교병원,종합병원,031-951-3020,031-951-1000,경기도,의정부시,경기도 의정부시 동일로 712 을지대학교 의정부캠퍼스 및 부속병원 (금오동),5,TRUE,TRUE,TRUE,TRUE,TRUE,11759,수도권,127.050695679688,37.7518290378344,41_150
호원병원,병원,031-856-6800,031-855-6800,경기도,의정부시,경기도 의정부시 신흥로 145-1 B2-5층 (호원동),5,TRUE,TRUE,TRUE,TRUE,TRUE,11627,수도권,127.043372522511,37.7290297797754,41_150
마스터플러스병원,병원,031-879-2200,031-879-2200,경기도,의정부시,"경기도 의정부시 신흥로 84 지1, 2~6층 (호원동) ",5,TRUE,TRUE,TRUE,TRUE,TRUE,11638,수도권,127.044327492653,37.7236070181913,41_150
의료법인성베드로병원,병원,031-821-3706,1544-1131,경기도,의정부시,경기도 의정부시 평화로 622 (의정부동),4,FALSE,TRUE,TRUE,TRUE,TRUE,11686,수도권,127.045861391458,37.7475197968617,41_150
신여성병원,병원,031-879-3800,031-879-3800,경기도,의정부시,경기도 의정부시 시민로 50 (의정부동) ,2,TRUE,FALSE,FALSE,FALSE,TRUE,11650,수도권,127.040562910315,37.7379629097181,41_150
연세오케이병원,병원,031-848-0881,031-848-0885,경기도,의정부시,경기도 의정부시 경의로 107 2~6(일부제외)층 (의정부동) ,5,TRUE,TRUE,TRUE,TRUE,TRUE,11696,수도권,127.047546616297,37.733391390855,41_150
연세고든병원,병원,031-824-4193,031-8083-0000,경기도,의정부시,경기도 의정부시 천보로 44 5~6층 (민락동),4,TRUE,TRUE,TRUE,FALSE,TRUE,11813,수도권,127.096320882214,37.7443143507212,41_150
오혜숙산부인과의원,의원,031-846-7566,031-846-7566,경기도,의정부시,"경기도 의정부시 시민로146번길 15 2층,3층 일부층 (의정부동) ",0,FALSE,FALSE,FALSE,FALSE,FALSE,11697,수도권,127.050754546052,37.7368379755941,41_150
최내과의원,내과의원,031-844-1101,031-844-1101,경기도,의정부시,경기도 의정부시 태평로 72 (의정부동),4,TRUE,TRUE,TRUE,TRUE,FALSE,11694,수도권,127.051938723823,37.7389463593623,41_150
김재하내과의원,내과의원,031-844-5567,031-844-5577,경기도,의정부시,경기도 의정부시 평화로 550 (의정부동),1,TRUE,FALSE,FALSE,FALSE,FALSE,11695,수도권,127.047395531439,37.7410781650717,41_150
의정부중앙방사선과의원,의원,031-843-0050,031-843-0050,경기도,의정부시,경기도 의정부시 평화로552번길 37 (의정부동),1,FALSE,FALSE,FALSE,FALSE,TRUE,11692,수도권,127.049365971986,37.7415118036198,41_150
대한산업보건협회 경기북부의원,의원,031-828-3810,031-828-3800,경기도,의정부시,"경기도 의정부시 범골로 142 1,2,4층 (의정부동)",0,FALSE,FALSE,FALSE,FALSE,FALSE,11653,수도권,127.041086827238,37.7357083216007,41_150
신소연산부인과의원,의원,031-848-3001,031-848-3001,경기도,의정부시,경기도 의정부시 태평로 70 (의정부동),1,FALSE,FALSE,FALSE,FALSE,TRUE,11694,수도권,127.051954262338,37.7387776910303,41_150
참사랑의원,의원,031-875-8275,031-875-8275,경기도,의정부시,"경기도 의정부시 신흥로 81 2-11호 (호원동, 쌍용스윗닷홈아파트상가) ",0,FALSE,FALSE,FALSE,FALSE,FALSE,11636,수도권,127.043347947017,37.7234549379931,41_150
연세가정의학과의원,의원,031-878-0544,031-878-0544,경기도,의정부시,경기도 의정부시 회룡로 111 201호 (호원동),1,TRUE,FALSE,FALSE,FALSE,FALSE,11633,수도권,127.046509519875,37.725963479768,41_150
노경원산부인과의원,의원,031-878-2341,031-878-2341,경기도,의정부시,"경기도 의정부시 회룡로 135 3층 (호원동, 다낭빌딩)",0,FALSE,FALSE,FALSE,FALSE,FALSE,11703,수도권,127.048822442335,37.7260207473517,41_150
길내과의원,내과의원,031-844-4667,031-844-4667,경기도,의정부시,"경기도 의정부시 평화로 660 3층 (가능동, 동진빌딩)",3,TRUE,TRUE,TRUE,FALSE,FALSE,11685,수도권,127.044779459688,37.7508411805871,41_150
심승식내과의원,내과의원,031-826-9300,031-826-9300,경기도,의정부시,경기도 의정부시 외미로 100 303호 (호원동),5,TRUE,TRUE,TRUE,TRUE,TRUE,11638,수도권,127.046609727857,37.7240477943558,41_150
미소랑의원,의원,031-875-9768,031-875-9768,경기도,의정부시,"경기도 의정부시 외미로 95 404,405호 (호원동, 하나프라자)",2,TRUE,FALSE,TRUE,FALSE,FALSE,11637,수도권,127.045961456479,37.7245622334329,41_150
김태형내과의원,내과의원,031-845-7533,031-845-7533,경기도,의정부시,"경기도 의정부시 추동로 15 201호 (신곡동, 대명프라자)",4,TRUE,TRUE,TRUE,TRUE,FALSE,11740,수도권,127.057768983057,37.7432680276519,41_150
예일항외과의원,의원,031-840-8275,031-840-8275,경기도,의정부시,경기도 의정부시 평화로 540 5층 502호 (의정부동),3,TRUE,TRUE,FALSE,TRUE,FALSE,11695,수도권,127.047780068303,37.7400760419587,41_150
추내과의원,내과의원,031-829-8275,031-829-8275,경기도,의정부시,경기도 의정부시 발곡로 34 3층 301~308호 (신곡동) ,5,TRUE,TRUE,TRUE,TRUE,TRUE,11730,수도권,127.058621055533,37.7308912562809,41_150
새서울의원,의원,031-821-2800,031-821-2800,경기도,의정부시,"경기도 의정부시 평화로 660 2층 (가능동, 동진빌딩)",3,TRUE,TRUE,FALSE,TRUE,FALSE,11685,수도권,127.04480002404,37.7508846895102,41_150
서울가정의학과의원,의원,031-852-0151,031-852-0151,경기도,의정부시,"경기도 의정부시 용현로 158 3층 (민락동, 한영빌딩)",3,TRUE,TRUE,TRUE,FALSE,FALSE,11808,수도권,127.093424902781,37.7404175593251,41_150
로앤산부인과의원,의원,031-856-2288,031-856-2288,경기도,의정부시,"경기도 의정부시 시민로 117 13,14층 (의정부동, 나이키빌딩) ",0,FALSE,FALSE,FALSE,FALSE,FALSE,11695,수도권,127.048390359815,37.7387174915358,41_150
이·문내과의원,내과의원,031-847-0119,031-847-0119,경기도,의정부시,경기도 의정부시 태평로 71 5층 (의정부동),5,TRUE,TRUE,TRUE,TRUE,TRUE,11695,수도권,37.738799872883085,127.05150262584644,41_150
(재)한국산업보건환경연구소부설우리의원,의원,031-871-5671,031-871-5671,경기도,의정부시,"경기도 의정부시 가능로 9 수신빌딩 1,2층 (가능동) ",0,FALSE,FALSE,FALSE,FALSE,FALSE,11675,수도권,127.032117446167,37.7466909475773,41_150
소명의원,의원,031-853-9503,031-853-9503,경기도,의정부시,"경기도 의정부시 부용로 105 플러티넘프라자303호,304호 (금오동)",2,TRUE,FALSE,TRUE,FALSE,FALSE,11757,수도권,127.069353799113,37.7512939113072,41_150
가능성모의원,의원,031-826-9567,031-826-9567,경기도,의정부시,경기도 의정부시 호국로 1125 2층 (가능동),4,TRUE,TRUE,TRUE,TRUE,FALSE,11658,수도권,127.028856365136,37.7428565478107,41_150
지형석내과의원,내과의원,031-853-7750,031-853-7750,경기도,의정부시,"경기도 의정부시 새말로 1 3층 (신곡동, 한남프라자)",5,TRUE,TRUE,TRUE,TRUE,TRUE,11777,수도권,127.064803324582,37.7477095681269,41_150
우먼피아여성병원,병원,031-853-7500,031-853-7500,경기도,의정부시,경기도 의정부시 청사로5번길 16 (신곡동) ,2,TRUE,FALSE,FALSE,FALSE,TRUE,11775,수도권,127.070109857582,37.7488901327388,41_150
이재균내과의원,내과의원,031-873-0013,031-873-0013,경기도,의정부시,경기도 의정부시 의정로 191 (가능동),3,TRUE,TRUE,TRUE,FALSE,FALSE,11675,수도권,127.034172856664,37.7499228628424,41_150
방보영산부인과의원,의원,031-848-9393,031-848-9393,경기도,의정부시,"경기도 의정부시 평화로 660 2층 (가능동, 동진빌딩)",0,FALSE,FALSE,FALSE,FALSE,FALSE,11685,수도권,127.04480002404,37.7508846895102,41_150
소망가정의학과의원,의원,031-856-2200,031-856-2200,경기도,의정부시,경기도 의정부시 능곡로 66 으뜸마을 신명아파트 2층 (신곡동),3,TRUE,TRUE,TRUE,FALSE,FALSE,11741,수도권,127.061763349341,37.7433310522815,41_150
박희철내과의원,내과의원,031-874-5076,031-874-5075,경기도,의정부시,경기도 의정부시 신흥로 219 3층 (의정부동) ,5,TRUE,TRUE,TRUE,TRUE,TRUE,11653,수도권,127.043103371936,37.7357446313564,41_150
한마음내과의원,내과의원,031-853-9003,031-853-9000,경기도,의정부시,경기도 의정부시 용민로 77 5층 (용현동),5,TRUE,TRUE,TRUE,TRUE,TRUE,11786,수도권,127.08664044365,37.7376892906082,41_150
하늘담은의원,의원,031-826-2715,031-826-2715,경기도,의정부시,경기도 의정부시 가능로 50 2층 (가능동) ,0,FALSE,FALSE,FALSE,FALSE,FALSE,11662,수도권,127.036694865455,37.7465760894065,41_150
임혜영산부인과의원,의원,031-852-5335,031-852-5335,경기도,의정부시,경기도 의정부시 충의로 62 3층 (용현동),0,FALSE,FALSE,FALSE,FALSE,FALSE,11788,수도권,127.087451834481,37.7374922800931,41_150
숲속샘터의원,의원,031-874-7800,031-874-7800,경기도,의정부시,경기도 의정부시 진등로 1 1층 (녹양동),0,FALSE,FALSE,FALSE,FALSE,FALSE,11606,수도권,127.03227099817,37.7582680669355,41_150
새서울헤론의원,의원,031-873-0351,031-873-0351,경기도,의정부시,경기도 의정부시 호국로 1141-1 2층 (가능동),1,TRUE,FALSE,FALSE,FALSE,FALSE,11658,수도권,127.030809479511,37.7429693052794,41_150
행복의원,의원,031-872-2311,031-872-2311,경기도,의정부시,경기도 의정부시 평화로 152 3층 (호원동),0,FALSE,FALSE,FALSE,FALSE,FALSE,11715,수도권,127.048347364942,37.7053905528316,41_150
서울하나로의원,의원,031-837-7582,031-837-7582,경기도,의정부시,"경기도 의정부시 평화로 375 501,502호 (호원동, 회룡프라자)",4,TRUE,TRUE,TRUE,TRUE,FALSE,11704,수도권,127.04793490725,37.7254307049494,41_150
무지개연합의원,의원,031-853-9354,031-853-9354,경기도,의정부시,경기도 의정부시 청사로 38 삼성홈플러스 3층 일부호 (금오동),0,FALSE,FALSE,FALSE,FALSE,FALSE,11757,수도권,127.071001320782,37.7521637153577,41_150
제일편한내과의원,내과의원,031-840-2700,031-840-2700,경기도,의정부시,경기도 의정부시 태평로 78 2층 (의정부동),5,TRUE,TRUE,TRUE,TRUE,TRUE,11694,수도권,127.051883473354,37.73959760438,41_150
연세김내과의원,내과의원,031-873-0333,031-873-0333,경기도,의정부시,경기도 의정부시 가능로 97 2층 (가능동),4,TRUE,TRUE,TRUE,TRUE,FALSE,11683,수도권,127.042047971083,37.746974421336,41_150
진내과의원,내과의원,031-853-1266,031-853-1266,경기도,의정부시,"경기도 의정부시 청사로 37 501-1호 (금오동, 신세계프라자)",5,TRUE,TRUE,TRUE,TRUE,TRUE,11757,수도권,127.069881198332,37.7515205534985,41_150
행복한서울의원,의원,031-821-7581,031-821-7581,경기도,의정부시,"경기도 의정부시 상금로 33 203호 (금오동, 이롬프라자)",1,TRUE,FALSE,FALSE,FALSE,FALSE,11764,수도권,127.074450267485,37.7577825395256,41_150
박금비산부인과의원,의원,031-878-0301,031-878-0301,경기도,의정부시,경기도 의정부시 외미로 100 302호 (호원동),0,FALSE,FALSE,FALSE,FALSE,FALSE,11638,수도권,127.046609727857,37.7240477943558,41_150
백세미래의원,의원,031-840-9988,031-840-9988,경기도,의정부시,경기도 의정부시 장곡로 554 광장빌딩 2층 (신곡동),4,TRUE,TRUE,TRUE,TRUE,FALSE,11777,수도권,127.064405477504,37.7487141853009,41_150
봄날에내과의원,내과의원,031-878-7575,031-878-7575,경기도,의정부시,"경기도 의정부시 천보로 38 4층 404호 (민락동, 파스텔시티) ",5,TRUE,TRUE,TRUE,TRUE,TRUE,11813,수도권,127.096859682921,37.7440361406321,41_150
그랜드연합의원,의원,031-852-9897,031-852-9897,경기도,의정부시,"경기도 의정부시 용민로 483 3층 304,305,306,307호 (민락동) ",1,TRUE,FALSE,FALSE,FALSE,FALSE,11815,수도권,127.118081451565,37.7507562105328,41_150
성모수내과의원,내과의원,031-852-8508,031-852-8508,경기도,의정부시,"경기도 의정부시 청사로 50 303~306호,402~404호 (금오동) ",5,TRUE,TRUE,TRUE,TRUE,TRUE,11757,수도권,127.070164631681,37.7528233640935,41_150
맘편한내과의원,내과의원,031-851-7175,031-851-7175,경기도,의정부시,경기도 의정부시 오목로205번길 1 4층 402호 (민락동),5,TRUE,TRUE,TRUE,TRUE,TRUE,11813,수도권,127.098088277184,37.7445905716556,41_150
아람의원,의원,031-843-8600,031-843-8600,경기도,의정부시,"경기도 의정부시 동일로 660 A동202호 (금오동, 금오2차 신도브래뉴업 상가)",4,TRUE,TRUE,TRUE,TRUE,FALSE,11750,수도권,127.054161492901,37.7473752735991,41_150
서울태내과의원,내과의원,031-855-1919,031-855-1919,경기도,의정부시,경기도 의정부시 회룡로 135 2층 (호원동),5,TRUE,TRUE,TRUE,TRUE,TRUE,11703,수도권,127.048822442335,37.7260207473517,41_150
장바로내과의원,내과의원,031-874-8585,031-874-8585,경기도,의정부시,"경기도 의정부시 용민로 493 201~203호, 222~223호 (민락동)",5,TRUE,TRUE,TRUE,TRUE,TRUE,11815,수도권,127.118580219773,37.7500161057265,41_150
하늘가정의학과의원,의원,031-852-4264,031-852-4264,경기도,의정부시,경기도 의정부시 송양로 29 2층 203호 (낙양동),1,TRUE,FALSE,FALSE,FALSE,FALSE,11812,수도권,127.109251894809,37.7523036677327,41_150
강앤강내과의원,내과의원,031-894-7585,031-894-7585,경기도,의정부시,경기도 의정부시 평화로 540 퍼시픽타워 4층 (의정부동),5,TRUE,TRUE,TRUE,TRUE,TRUE,11695,수도권,127.047780068303,37.7400760419587,41_150
라파가정의학과의원,의원,031-879-2500,031-879-2500,경기도,의정부시,경기도 의정부시 비우로 110 2층 (녹양동),2,TRUE,TRUE,FALSE,FALSE,FALSE,11613,수도권,127.039194168303,37.7582615531801,41_150
속편한내과의원,내과의원,031-872-1087,031-844-7575,경기도,의정부시,"경기도 의정부시 평화로 232 4,5층 (호원동, 대광메디칼프라자)",5,TRUE,TRUE,TRUE,TRUE,TRUE,11710,수도권,127.047669413481,37.712586187899,41_150
서울김내과의원,내과의원,031-853-1580,031-853-1580,경기도,의정부시,경기도 의정부시 오목로225번길 162 씨티프라자 402호 (민락동),5,TRUE,TRUE,TRUE,TRUE,TRUE,11813,수도권,127.09581678828,37.7445862233499,41_150
바른내과의원,내과의원,031-928-6767,031-928-6767,경기도,의정부시,"경기도 의정부시 평화로 647 미건메디컬프라자 109~114호, 204~205호 (의정부동)",5,TRUE,TRUE,TRUE,TRUE,TRUE,11686,수도권,127.044621857349,37.7497205265835,41_150
성모편한내과의원,내과의원,031-873-1275,031-873-1275,경기도,의정부시,경기도 의정부시 발곡로 30 4층 1호 (신곡동),5,TRUE,TRUE,TRUE,TRUE,TRUE,11730,수도권,127.058236685309,37.7309900129811,41_150
삼성바른내과의원,내과의원,031-848-9748,031-848-9748,경기도,의정부시,경기도 의정부시 태평로73번길 55 5층 (의정부동),5,TRUE,TRUE,TRUE,TRUE,TRUE,11695,수도권,127.048407250817,37.7388712800926,41_150
서울원내과의원,내과의원,031-928-7474,031-928-7474,경기도,의정부시,경기도 의정부시 서광로 135 402호 (산곡동),5,TRUE,TRUE,TRUE,TRUE,TRUE,11800,수도권,127.110941113727,37.7290110537457,41_150
녹양삼성내과의원,내과의원,031-836-7500,031-836-7500,경기도,의정부시,경기도 의정부시 비우로 60 인창빌딩 5층 (녹양동),5,TRUE,TRUE,TRUE,TRUE,TRUE,11614,수도권,127.033307837222,37.7579200053729,41_150
탑석장편한내과의원,내과의원,031-848-3100,031-848-3100,경기도,의정부시,경기도 의정부시 오목로 33 탑석프라자 3층 305~307호 (용현동),5,TRUE,TRUE,TRUE,TRUE,TRUE,11791,수도권,127.086438030136,37.7333799204046,41_150
한동재내과의원,내과의원,031-855-1193,031-855-1193,경기도,의정부시,경기도 의정부시 시민로 130 4층 (의정부동) ,4,TRUE,TRUE,TRUE,TRUE,FALSE,11697,수도권,127.049354019664,37.7380346976603,41_150
서울정통연합의원,의원,031-848-5575,031-848-5575,경기도,의정부시,경기도 의정부시 태평로 83 3층 (의정부동) ,5,TRUE,TRUE,TRUE,TRUE,TRUE,11695,수도권,127.051259584407,37.7400762920451,41_150
연세맑은산부인과의원,의원,031-848-4222,031-848-4222,경기도,의정부시,경기도 의정부시 평화로 540 퍼시픽타워 5층 (의정부동) ,0,FALSE,FALSE,FALSE,FALSE,FALSE,11695,수도권,127.047780068303,37.7400760419587,41_150
나음내과의원,내과의원,031-928-5628,031-928-5628,경기도,의정부시,"경기도 의정부시 시민로 31 네오타워빌딩 2, 3층 (의정부동) ",5,TRUE,TRUE,TRUE,TRUE,TRUE,11673,수도권,127.038712270845,37.7385533067164,41_150
서울프라임내과의원,내과의원,031-853-9010,031-853-9010,경기도,의정부시,"경기도 의정부시 천보로 64 504,505호,6층 (민락동) ",5,TRUE,TRUE,TRUE,TRUE,TRUE,11813,수도권,127.094478868679,37.7452180712739,41_150
우리모두의원,의원,031-873-5202,031-873-5202,경기도,의정부시,경기도 의정부시 평화로 382 4층 (호원동) ,2,TRUE,FALSE,TRUE,FALSE,FALSE,11703,수도권,127.048511373872,37.7259642947584,41_150
다편한내과의원,내과의원,031-851-0333,031-851-0333,경기도,의정부시,"경기도 의정부시 민락로 388 삼도플라자 201, 202호 (낙양동) ",5,TRUE,TRUE,TRUE,TRUE,TRUE,11815,수도권,127.113571836078,37.7558218237711,41_150
웰봄산부인과의원,의원,031-851-8777,031-851-8777,경기도,의정부시,경기도 의정부시 천보로 56 501호 (민락동) ,0,FALSE,FALSE,FALSE,FALSE,FALSE,11813,수도권,127.095272059147,37.7448483962059,41_150
호원제일내과의원,내과의원,031-873-4242,031-873-4242,경기도,의정부시,"경기도 의정부시 평화로 196 220호 (호원동, 신일엘리시움) ",5,TRUE,TRUE,TRUE,TRUE,TRUE,11712,수도권,127.048357265689,37.7094585378205,41_150
의정부항외과의원,의원,031-853-2993,031-853-2993,경기도,의정부시,경기도 의정부시 천보로 56 702호 (민락동) ,4,TRUE,TRUE,TRUE,TRUE,FALSE,11813,수도권,127.095272059147,37.7448483962059,41_150
호원이음내과의원,내과의원,031-873-3800,031-873-3800,경기도,의정부시,경기도 의정부시 평화로 239 4층 (호원동) ,5,TRUE,TRUE,TRUE,TRUE,TRUE,11711,수도권,127.047104862367,37.7131448381539,41_150
연세이지내과의원,내과의원,031-827-8275,031-827-8275,경기도,의정부시,경기도 의정부시 회룡로 181 유경빌딩2 4층 (신곡동) ,5,TRUE,TRUE,TRUE,TRUE,TRUE,11733,수도권,127.053745719394,37.7267649703347,41_150
연세내외의원,의원,031-847-8740,031-847-8740,경기도,의정부시,경기도 의정부시 태평로90번길 3 3층 (의정부동) ,4,TRUE,TRUE,TRUE,TRUE,FALSE,11694,수도권,127.051940134762,37.7406409919446,41_150
신곡이도내과의원,내과의원,031-847-1190,031-847-1190,경기도,의정부시,경기도 의정부시 시민로 247 2(일부)층 (신곡동) ,1,TRUE,FALSE,FALSE,FALSE,FALSE,11748,수도권,127.062348882343,37.7359932500028,41_150
의정부웰니스내과의원,내과의원,031-851-1112,031-851-1112,경기도,의정부시,경기도 의정부시 천보로 44 7(일부)층 (민락동) ,5,TRUE,TRUE,TRUE,TRUE,TRUE,11813,수도권,127.096320882214,37.7443143507212,41_150
다바유외과의원,의원,031-894-4610,031-894-4611,경기도,의정부시,경기도 의정부시 시민로 117 6층 (의정부동) ,1,FALSE,FALSE,FALSE,FALSE,TRUE,11695,수도권,127.048390359815,37.7387174915358,41_150
인산의료재단 메트로병원,종합병원,031-467-9984,031-467-9000,경기도,안양시,"경기도 안양시 만안구 명학로33번길 8 (안양동, 메트로병원)",4,FALSE,TRUE,TRUE,TRUE,TRUE,14096,수도권,126.935639959301,37.3782872583832,41_171
효산의료재단 안양샘병원,종합병원,031-463-4370,031-467-9114,경기도,안양시,"경기도 안양시 만안구 삼덕로 9 (안양동, 안양샘병원) ",4,FALSE,TRUE,TRUE,TRUE,TRUE,14030,수도권,126.924820783439,37.3928912406091,41_171
국제나은병원,병원,031-1670-7575,1670-7575,경기도,안양시,경기도 안양시 만안구 안양로223번길 5 (안양동) ,5,TRUE,TRUE,TRUE,TRUE,TRUE,14030,수도권,126.925701489052,37.3929152238281,41_171
선진병원(요양병원),병원,031-442-6764,031-442-6655,경기도,안양시,경기도 안양시 만안구 안양로 325-1 (안양동),1,TRUE,FALSE,FALSE,FALSE,FALSE,14006,수도권,126.919205207189,37.4006592994729,41_171
엔젤메디칼의원,의원,031-471-6424,031-471-6424,경기도,안양시,경기도 안양시 만안구 충훈로 87 (석수동),0,FALSE,FALSE,FALSE,FALSE,FALSE,13974,수도권,126.89875087299,37.407522123887,41_171
국상표내과의원,내과의원,031-463-5592,031-463-5592,경기도,안양시,경기도 안양시 만안구 병목안로 2 502호 (안양동),5,TRUE,TRUE,TRUE,TRUE,TRUE,14001,수도권,126.919887222423,37.399945073567,41_171
필산부인과의원,의원,031-441-9111,031-441-9111,경기도,안양시,경기도 안양시 만안구 안양로 368 (안양동),0,FALSE,FALSE,FALSE,FALSE,FALSE,13991,수도권,126.917404921948,37.4041756408056,41_171
안양명내과의원,내과의원,031-445-5272,031-445-5272,경기도,안양시,"경기도 안양시 만안구 양화로 112 4층 (박달동, 상민빌딩)",5,TRUE,TRUE,TRUE,TRUE,TRUE,13987,수도권,126.910619029381,37.4027654740891,41_171
임승재내과의원,내과의원,031-446-1245,031-446-1245,경기도,안양시,"경기도 안양시 만안구 안양로 303 704호 (안양동, 안양메쎄포스빌)",1,TRUE,FALSE,FALSE,FALSE,FALSE,14001,수도권,126.920790701382,37.3987966098124,41_171
안양세종의원,의원,031-472-9391,031-472-9391,경기도,안양시,"경기도 안양시 만안구 충훈로 70 2,4,5층 (석수동) ",4,FALSE,TRUE,TRUE,TRUE,TRUE,13973,수도권,126.900552618655,37.4073811117209,41_171
한빛내과의원,내과의원,031-441-7749,031-441-7749,경기도,안양시,"경기도 안양시 만안구 안양로 316 4층 (안양동, 본프라자)",2,TRUE,TRUE,FALSE,FALSE,FALSE,13992,수도권,126.920602411571,37.4005314900146,41_171
연세신통외과의원,의원,031-444-8275,031-444-8275,경기도,안양시,"경기도 안양시 만안구 안양로314번길 24 1,2,3,5,6층 (안양동)",5,TRUE,TRUE,TRUE,TRUE,TRUE,13992,수도권,126.921789033907,37.4005677810888,41_171
원천의료재단 앞선중화연합의원,의원,031-469-7500,031-469-0365,경기도,안양시,경기도 안양시 만안구 관악대로 8 (안양동) ,4,FALSE,TRUE,TRUE,TRUE,TRUE,14032,수도권,126.926187360504,37.3943584250341,41_171
이유진산부인과의원,의원,031-448-3036,031-448-3036,경기도,안양시,경기도 안양시 만안구 안양로 303 안양 메쎄 포스빌 708호 일부 (안양동) ,0,FALSE,FALSE,FALSE,FALSE,FALSE,14001,수도권,126.920790701382,37.3987966098124,41_171
성모의원,의원,031-474-8050,031-474-8050,경기도,안양시,경기도 안양시 만안구 와룡로 34 (석수동),3,TRUE,TRUE,TRUE,FALSE,FALSE,13974,수도권,126.897731546669,37.4074013208529,41_171
태림내과의원,내과의원,031-443-0250,031-443-0250,경기도,안양시,경기도 안양시 만안구 박달로 421 (박달동),3,TRUE,TRUE,TRUE,FALSE,FALSE,13978,수도권,126.899211081456,37.4022580357174,41_171
미래연세의원,의원,031-464-7701,464-7701,경기도,안양시,"경기도 안양시 만안구 안양천서로 177 지하1층 (안양동, 래미안안양메가트리아)",0,FALSE,FALSE,FALSE,FALSE,FALSE,14038,수도권,37.395285265023986,126.93073592058333,41_171
속편한내과의원,내과의원,031-444-5588,031-444-5588,경기도,안양시,경기도 안양시 만안구 안양로 307 금상타워 5층 (안양동),5,TRUE,TRUE,TRUE,TRUE,TRUE,14001,수도권,126.920560951136,37.3992584093193,41_171
관악가정의학과의원,의원,031-472-1175,031-472-1175,경기도,안양시,경기도 안양시 만안구 경수대로 1259 3층 (석수동),0,FALSE,FALSE,FALSE,FALSE,FALSE,13960,수도권,126.909366469875,37.4197505381744,41_171
가톨릭성모내과의원,내과의원,031-473-5005,031-473-5005,경기도,안양시,경기도 안양시 만안구 안양로 461-1 1층 (석수동),4,TRUE,TRUE,TRUE,TRUE,FALSE,13970,수도권,126.910821320906,37.4110476230729,41_171
석수연합의원,의원,031-474-7575,031-474-7575,경기도,안양시,경기도 안양시 만안구 경수대로 1426 2층 (석수동),0,FALSE,FALSE,FALSE,FALSE,FALSE,13907,수도권,126.903835588402,37.4337400436195,41_171
우리연세내과의원,내과의원,031-465-2030,031-465-2030,경기도,안양시,경기도 안양시 만안구 안양로 370 광순빌딩 2층 (안양동),5,TRUE,TRUE,TRUE,TRUE,TRUE,13991,수도권,126.917288216878,37.4043079191372,41_171
늘연세365의원,의원,031-445-7582,031-445-7582,경기도,안양시,"경기도 안양시 만안구 안양로 340 3,4층 (안양동)",5,TRUE,TRUE,TRUE,TRUE,TRUE,13991,수도권,126.919058460296,37.4020593856873,41_171
삼성하나의원,의원,031-447-7582,031-447-7582,경기도,안양시,경기도 안양시 만안구 전파로 19 2층 (안양동),1,TRUE,FALSE,FALSE,FALSE,FALSE,14085,수도권,126.934796918861,37.3908980636358,41_171
중앙항외과의원,의원,031-444-9975,031-444-9975,경기도,안양시,"경기도 안양시 만안구 안양로 142 7,8,9,10층 (안양동)",5,TRUE,TRUE,TRUE,TRUE,TRUE,14034,수도권,126.931544948649,37.3872321260631,41_171
드림의원,의원,031-341-1033,031-341-1033,경기도,안양시,"경기도 안양시 만안구 덕천로 117 301호 (안양동, 삼성프라자)",0,FALSE,FALSE,FALSE,FALSE,FALSE,14086,수도권,886.9300443788289,4655242.975556349,41_171
온유내과의원,내과의원,031-465-8351,031-465-8351,경기도,안양시,"경기도 안양시 만안구 태평로52번길 21 마드리드상가동 406,407,408호 (안양동)",4,TRUE,TRUE,TRUE,TRUE,FALSE,14037,수도권,126.930499620361,37.3955800308439,41_171
삼성열린내과의원,내과의원,031-465-5288,031-465-5288,경기도,안양시,"경기도 안양시 만안구 안양로 283 (안양동, 안양빌딩)",5,TRUE,TRUE,TRUE,TRUE,TRUE,14001,수도권,126.921981657212,37.3975677776176,41_171
153연세연합의원,의원,031-469-1006,031-469-1006,경기도,안양시,경기도 안양시 만안구 안양로 142 3층 (안양동),4,TRUE,TRUE,TRUE,TRUE,FALSE,14034,수도권,126.931544948649,37.3872321260631,41_171
신신플러스의원,의원,031-342-8275,031-342-8275,경기도,안양시,"경기도 안양시 만안구 병목안로 20 스페이스타워 3,4층 310~311호,401~411호 (안양동) ",5,TRUE,TRUE,TRUE,TRUE,TRUE,14001,수도권,126.918371863425,37.3989549861312,41_171
사랑가정의학과의원,의원,031-442-2022,031-442-2022,경기도,안양시,경기도 안양시 만안구 안양로 377 2층 (안양동),0,FALSE,FALSE,FALSE,FALSE,FALSE,13988,수도권,126.916212514484,37.4046197257524,41_171
서울탑내과의원,내과의원,031-443-4580,031-443-4580,경기도,안양시,경기도 안양시 만안구 박달로 476 대원빌딩 301호 (박달동),5,TRUE,TRUE,TRUE,TRUE,TRUE,14016,수도권,126.905222103486,37.402082712519,41_171
신신아산산부인과의원,의원,031-343-8575,031-342-3675,경기도,안양시,경기도 안양시 만안구 병목안로 20 스페이스타워 3층 301호 (안양동) ,0,FALSE,FALSE,FALSE,FALSE,FALSE,14001,수도권,126.918371863425,37.3989549861312,41_171
한림대학교성심병원,종합병원,031-380-1581,031-380-1500,경기도,안양시,경기도 안양시 동안구 관평로170번길 22 (평촌동),4,TRUE,TRUE,TRUE,FALSE,TRUE,14068,수도권,126.961972175812,37.3916511965629,41_173
봄빛병원,병원,031-380-7300,031-380-7300,경기도,안양시,경기도 안양시 동안구 평촌대로211번길 26 (호계동),5,TRUE,TRUE,TRUE,TRUE,TRUE,14072,수도권,126.954519655507,37.3902207144194,41_173
평촌우리병원,병원,031-463-0069,031-463-0023,경기도,안양시,경기도 안양시 동안구 관악대로 221 지하2~지상7층 (비산동),5,TRUE,TRUE,TRUE,TRUE,TRUE,13919,수도권,126.947638507151,37.4010705873116,41_173
의료법인 토마스의료재단 안양윌스기념병원,병원,031-460-1050,031-460-1000,경기도,안양시,경기도 안양시 동안구 경수대로 560 안양남부새마을금고 2-8층 (호계동),5,TRUE,TRUE,TRUE,TRUE,TRUE,14112,수도권,126.958244442159,37.3727578070651,41_173
아이생각성모병원,병원,031-381-8881,031-381-8881,경기도,안양시,"경기도 안양시 동안구 경수대로 876 2층(일부),3~5층 (비산동) ",0,FALSE,FALSE,FALSE,FALSE,FALSE,13954,수도권,126.939115023375,37.3965495949408,41_173
평촌중앙병원,병원,031-387-0114,031-387-0114,경기도,안양시,"경기도 안양시 동안구 평촌대로223번길 49 아트타워빌딩 3층, 4층 (호계동)",4,TRUE,TRUE,TRUE,FALSE,TRUE,14072,수도권,126.953064536797,37.3903595340571,41_173
한청숙산부인과의원,의원,031-385-6167,031-385-6167,경기도,안양시,"경기도 안양시 동안구 관평로 317 402호 (관양동, 한림메디빌딩)",0,FALSE,FALSE,FALSE,FALSE,FALSE,13936,수도권,126.957246505986,37.404822968928,41_173
송선희산부인과의원,의원,031-423-9660,031-423-9660,경기도,안양시,"경기도 안양시 동안구 흥안대로 528 301,302호 (관양동, 타워빌딩)",0,FALSE,FALSE,FALSE,FALSE,FALSE,13943,수도권,126.977287622351,37.4010226046588,41_173
보람의원,의원,031-385-2050,031-385-2050,경기도,안양시,"경기도 안양시 동안구 관평로138번길 53 306호 (평촌동, 부영아파트상가)",0,FALSE,FALSE,FALSE,FALSE,FALSE,14068,수도권,126.965050687306,37.3906391266458,41_173
이연숙산부인과의원,의원,031-456-3300,031-456-3300,경기도,안양시,경기도 안양시 동안구 경수대로 552 2층 (호계동),0,FALSE,FALSE,FALSE,FALSE,FALSE,14112,수도권,126.958243683521,37.3718859744523,41_173
하나영상의학과의원,의원,031-456-0466,031-456-0466,경기도,안양시,경기도 안양시 동안구 경수대로 544 (호계동),4,TRUE,TRUE,TRUE,FALSE,TRUE,14112,수도권,126.958269148133,37.3711611983703,41_173
백내과의원,내과의원,031-459-7684,031-455-7684,경기도,안양시,경기도 안양시 동안구 경수대로 707 4층 (호계동),4,TRUE,TRUE,TRUE,FALSE,TRUE,14078,수도권,126.951224117673,37.3847388371024,41_173
연세메디의원,의원,031-383-5300,031-383-5300,경기도,안양시,경기도 안양시 동안구 관평로 305 4층 (관양동),5,TRUE,TRUE,TRUE,TRUE,TRUE,13940,수도권,,,41_173
박내과의원,내과의원,031-388-1945,031-388-1945,경기도,안양시,"경기도 안양시 동안구 동안로 120 303호 (호계동, 올림픽스포츠센터)",3,TRUE,TRUE,TRUE,FALSE,FALSE,14072,수도권,126.952248598691,37.3895593693986,41_173
고유가정의학과의원,의원,031-384-7176,031-384-7176,경기도,안양시,"경기도 안양시 동안구 동안로 120 501~503호 (호계동, 올림픽스포츠센터)",5,TRUE,TRUE,TRUE,TRUE,TRUE,14072,수도권,126.952248598691,37.3895593693986,41_173
동안내과의원,내과의원,031-421-6870,031-455-7575,경기도,안양시,"경기도 안양시 동안구 관평로 317 2층 (관양동, 한림메디빌딩)",4,TRUE,TRUE,TRUE,TRUE,FALSE,13936,수도권,126.957246505986,37.404822968928,41_173
이건용산부인과의원,의원,031-429-1500,031-429-1500,경기도,안양시,"경기도 안양시 동안구 경수대로 527 3층 (호계동, 우양빌딩)",0,FALSE,FALSE,FALSE,FALSE,FALSE,14120,수도권,126.957524786545,37.3698282260598,41_173
이화더블유산부인과의원,의원,031-429-6400,031-429-6400,경기도,안양시,경기도 안양시 동안구 동안로 120 평촌스포츠센타 4층 401호 (호계동),0,FALSE,FALSE,FALSE,FALSE,FALSE,14072,수도권,126.952248598691,37.3895593693986,41_173
상쾌한항외과의원,의원,031-425-7282,031-425-7282,경기도,안양시,"경기도 안양시 동안구 관악대로 330 3,4,5층 (관양동, 송도빌딩)",5,TRUE,TRUE,TRUE,TRUE,TRUE,13945,수도권,126.959560200445,37.4031654542282,41_173
바른내과의원,내과의원,031-381-1677,031-381-1677,경기도,안양시,"경기도 안양시 동안구 관평로 330 2층 일부,3층 (관양동) ",5,TRUE,TRUE,TRUE,TRUE,TRUE,13931,수도권,126.958057466647,37.4056237260369,41_173
다샘의원,의원,031-425-1175,031-425-1175,경기도,안양시,"경기도 안양시 동안구 시민대로327번길 6 417,418호 (관양동, W에이스타워)",1,TRUE,FALSE,FALSE,FALSE,FALSE,14055,수도권,126.966964163456,37.3966491352893,41_173
연세우리내과의원,내과의원,031-426-8193,031-426-8193,경기도,안양시,"경기도 안양시 동안구 흥안대로456번길 82 2층 (평촌동, 밀네이엄프라자)",4,TRUE,TRUE,TRUE,TRUE,FALSE,14062,수도권,126.979948221755,37.3931856374362,41_173
아벤스병원,병원,031-387-2211,031-387-2211,경기도,안양시,"경기도 안양시 동안구 관평로 307 지하1층, 1층-5층 (관양동, 아벤스병원)",1,FALSE,FALSE,FALSE,FALSE,TRUE,13936,수도권,126.956866241372,37.4039895669021,41_173
이화미즈산부인과의원,의원,010-4876-8576,031-423-8575,경기도,안양시,경기도 안양시 동안구 흥안대로 458 2층 (평촌동) ,0,FALSE,FALSE,FALSE,FALSE,FALSE,14061,수도권,126.97614670618,37.394930301996,41_173
굿모닝내과의원,내과의원,031-469-7766,031-469-7766,경기도,안양시,"경기도 안양시 동안구 관악대로 103 607호-608호 (비산동, 103에비뉴)",5,TRUE,TRUE,TRUE,TRUE,TRUE,13923,수도권,126.935428914191,37.3991169926785,41_173
행복한가정의원,의원,031-458-8277,031-458-8277,경기도,안양시,"경기도 안양시 동안구 흥안대로223번길 19 210호 (호계동, 샘마을대우한양아파트상가)",0,FALSE,FALSE,FALSE,FALSE,FALSE,14106,수도권,126.966298477265,37.3755741882177,41_173
행복한봄정형외과산부인과의원,의원,031-385-5115,031-385-5115,경기도,안양시,경기도 안양시 동안구 관악대로 272 비산동 키즈맘센터 310(일부)호 (비산동) ,0,FALSE,FALSE,FALSE,FALSE,FALSE,13944,수도권,126.952982822964,37.401860415732,41_173
이레미즈외과의원,의원,031-386-6075,031-386-6075,경기도,안양시,"경기도 안양시 동안구 시민대로 167 501~504호,609호,701~707호,713~714호 (비산동) ",2,TRUE,FALSE,FALSE,FALSE,TRUE,14048,수도권,126.949627038872,37.3908015130308,41_173
청담산부인과의원,의원,031-383-3703,031-383-3703,경기도,안양시,"경기도 안양시 동안구 시민대로 214 304호 (호계동, 다운타운빌딩)",0,FALSE,FALSE,FALSE,FALSE,FALSE,14072,수도권,126.954812908919,37.3919331303769,41_173
대항하정외과의원,의원,031-440-8999,031-440-8999,경기도,안양시,"경기도 안양시 동안구 시민대로 167 306~308호 (비산동, 안양벤처텔)",3,TRUE,TRUE,FALSE,TRUE,FALSE,14048,수도권,126.949627038872,37.3908015130308,41_173
메디휴제일내과의원,내과의원,031-476-0700,031-476-1400,경기도,안양시,경기도 안양시 동안구 평촌대로 352 성준빌딩 2~5층 (비산동),5,TRUE,TRUE,TRUE,TRUE,TRUE,13941,수도권,126.950258900948,37.4021836687814,41_173
의료법인나래의료재단 나래의원,의원,031-424-4200,031-424-4200,경기도,안양시,"경기도 안양시 동안구 흥안대로 516 멤피스타워 5층,10-11층, 13-15층 (관양동) ",5,TRUE,TRUE,TRUE,TRUE,TRUE,13943,수도권,126.977490417363,37.4000453056243,41_173
서울온의원,의원,031-388-9889,031-388-9889,경기도,안양시,"경기도 안양시 동안구 관평로 314 3층 (관양동, 테라리움)",5,TRUE,TRUE,TRUE,TRUE,TRUE,13937,수도권,126.957590340273,37.4043770875377,41_173
싱싱가정의원,의원,031-426-9505,031-426-9505,경기도,안양시,"경기도 안양시 동안구 흥안대로 313 201-1호 (평촌동, 농수산물도매시장관리동)",0,FALSE,FALSE,FALSE,FALSE,FALSE,14104,수도권,126.970479580583,37.3831059786838,41_173
성모편안내과의원,내과의원,031-386-7500,031-386-7500,경기도,안양시,"경기도 안양시 동안구 흥안대로456번길 11 303,304호 (평촌동, 본프라자빌딩)",5,TRUE,TRUE,TRUE,TRUE,TRUE,14061,수도권,126.976474149219,37.3947562000082,41_173
늘푸른내과의원,내과의원,031-454-4600,031-454-4600,경기도,안양시,"경기도 안양시 동안구 경수대로 428 2층 (호계동, 덕유파크)",5,TRUE,TRUE,TRUE,TRUE,TRUE,14126,수도권,126.962526814593,37.3622634561028,41_173
서울베스트의원,의원,031-381-9400,031-381-9400,경기도,안양시,경기도 안양시 동안구 동안로 13 무궁화아파트 상가동 3층 302호 (호계동),0,FALSE,FALSE,FALSE,FALSE,FALSE,14100,수도권,126.956408744097,37.3805119958237,41_173
삼성민내과의원,내과의원,031-421-1007,031-421-1007,경기도,안양시,경기도 안양시 동안구 시민대로 311 금강스마트빌딩 2층 220~221호 (관양동),5,TRUE,TRUE,TRUE,TRUE,TRUE,14055,수도권,126.964662720477,37.3960785735488,41_173
와이미즈산부인과의원,의원,031-388-0904,031-388-0904,경기도,안양시,경기도 안양시 동안구 시민대로 175 동안프라자빌딩 5층 503~505호 (비산동),0,FALSE,FALSE,FALSE,FALSE,FALSE,14048,수도권,126.950431044036,37.3913516568261,41_173
유앤장산부인과의원,의원,031-426-7070,031-426-7070,경기도,안양시,"경기도 안양시 동안구 시민대로 317 210호,211호 (관양동, 대한스마트타워)",0,FALSE,FALSE,FALSE,FALSE,FALSE,14055,수도권,126.965371069042,37.3962567349473,41_173
스마트가정의학과의원,의원,031-423-7588,031-423-7588,경기도,안양시,"경기도 안양시 동안구 부림로 188 302호 (관양동, 청용빌딩)",4,TRUE,TRUE,TRUE,TRUE,FALSE,14055,수도권,126.961618556777,37.3997138778214,41_173
꽃과샘산부인과의원,의원,031-425-3575,031-425-3575,경기도,안양시,경기도 안양시 동안구 흥안대로 511 5층 501호 (관양동),0,FALSE,FALSE,FALSE,FALSE,FALSE,13951,수도권,126.976336428287,37.3996093463544,41_173
서울황제내과의원,내과의원,031-385-0855,031-385-0855,경기도,안양시,"경기도 안양시 동안구 시민대로 214 306호 (호계동, 다운타운빌딩)",5,TRUE,TRUE,TRUE,TRUE,TRUE,14072,수도권,126.954812908919,37.3919331303769,41_173
속조아내과의원,내과의원,031-429-0929,031-429-0929,경기도,안양시,경기도 안양시 동안구 경수대로 607 3층 (호계동),5,TRUE,TRUE,TRUE,TRUE,TRUE,14114,수도권,126.955566732726,37.3765640233185,41_173
연세조은내과의원,내과의원,031-429-3119,031-429-3119,경기도,안양시,경기도 안양시 동안구 경수대로 557 2층 (호계동),5,TRUE,TRUE,TRUE,TRUE,TRUE,14115,수도권,126.957376542232,37.3724480853077,41_173
라라산부인과의원,의원,02-707-2005,02-707-2005,경기도,안양시,"경기도 안양시 동안구 관평로182번길 54 평촌벌말프라자 501호, 503호 (관양동)",0,FALSE,FALSE,FALSE,FALSE,FALSE,14066,수도권,126.963268285745,37.3938614539689,41_173
평촌성모내과의원,내과의원,031-445-7711,031-445-7711,경기도,안양시,"경기도 안양시 동안구 비산로 21 자이파크몰 501,601호 (비산동) ",5,TRUE,TRUE,TRUE,TRUE,TRUE,13925,수도권,126.932631077137,37.4000315000873,41_173
햇살조은내과의원,내과의원,031-382-0875,031-382-0875,경기도,안양시,경기도 안양시 동안구 관악대로 169 2층 (비산동) ,2,TRUE,FALSE,TRUE,FALSE,FALSE,13926,수도권,126.942857805445,37.3991786616905,41_173
평촌연세365내과의원,내과의원,031-385-3650,031-385-3650,경기도,안양시,"경기도 안양시 동안구 평촌대로217번길 27 백두프라자 3, 4층 304, 404호 (호계동) ",5,TRUE,TRUE,TRUE,TRUE,TRUE,14072,수도권,126.954133500425,37.3903294088302,41_173
삼성탑내과의원,내과의원,031-382-2479,031-382-2479,경기도,안양시,"경기도 안양시 동안구 시민대로 175 동안프라자빌딩 701,702,703,704,708,709호 (비산동) ",5,TRUE,TRUE,TRUE,TRUE,TRUE,14048,수도권,126.950431044036,37.3913516568261,41_173
삼성플러스내과의원,내과의원,031-422-7555,031-422-7555,경기도,안양시,경기도 안양시 동안구 흥안대로 524 삼우프라자 3층 (관양동) ,5,TRUE,TRUE,TRUE,TRUE,TRUE,13943,수도권,126.977338867378,37.4007473524975,41_173
이수국내과의원,내과의원,031-346-2490,031-346-2490,경기도,안양시,"경기도 안양시 동안구 경수대로570번길 10 301호, 302호 (호계동) ",4,TRUE,TRUE,TRUE,TRUE,FALSE,14112,수도권,126.958372069437,37.3736849171258,41_173
서울아름산부인과의원,의원,031-347-8275,031-347-8275,경기도,안양시,경기도 안양시 동안구 시민대로 311 금강스마트빌딩 2층 212호 (관양동) ,0,FALSE,FALSE,FALSE,FALSE,FALSE,14055,수도권,126.964662720477,37.3960785735488,41_173
한울의원,의원,031-386-1949,031-386-1021,경기도,안양시,"경기도 안양시 동안구 관악대로106번길 72 201호 (비산동, 롯데낙천대아파트상가) ",0,FALSE,FALSE,FALSE,FALSE,FALSE,13954,수도권,126.940223521166,37.3979077299088,41_173
은하여성의원,의원,031-429-4911,031-429-4911,경기도,안양시,경기도 안양시 동안구 경수대로570번길 10 9층 (호계동) ,0,FALSE,FALSE,FALSE,FALSE,FALSE,14112,수도권,126.958372069437,37.3736849171258,41_173
삼성제일산부인과의원,의원,031-8068-7806,031-8068-7806,경기도,안양시,경기도 안양시 동안구 경수대로 876 2층 202호 (비산동) ,0,FALSE,FALSE,FALSE,FALSE,FALSE,13954,수도권,126.939115023375,37.3965495949408,41_173
닥터케이365의원,의원,031-341-0100,031-341-0100,경기도,안양시,경기도 안양시 동안구 경수대로 454 유환프라자 1층 (호계동) ,0,FALSE,FALSE,FALSE,FALSE,FALSE,14125,수도권,126.960395718272,37.363739995535,41_173
유테라산부인과의원,의원,031-385-8875,031-385-8875,경기도,안양시,경기도 안양시 동안구 동안로 128 5층 (호계동) ,0,FALSE,FALSE,FALSE,FALSE,FALSE,14072,수도권,126.951781493886,37.3903476649624,41_173
애플산부인과의원,의원,031-382-3350,031-382-3350,경기도,안양시,경기도 안양시 동안구 평촌대로223번길 68 이랜드평촌프라자 201~206호 (호계동) ,0,FALSE,FALSE,FALSE,FALSE,FALSE,14072,수도권,126.951968462573,37.3904018925221,41_173
위(WE)건강내과의원,내과의원,031-382-7579,031-382-7579,경기도,안양시,경기도 안양시 동안구 관악대로 342 BRICK 342 5층 (관양동) ,5,TRUE,TRUE,TRUE,TRUE,TRUE,13945,수도권,126.960722401943,37.4033655122299,41_173
안양웰니스의원,의원,010-2940-3417,031-8068-5100,경기도,안양시,"경기도 안양시 동안구 안양판교로 16 6층, 7층 705~713호 (관양동) ",5,TRUE,TRUE,TRUE,TRUE,TRUE,13943,수도권,126.977752889335,37.4004234238597,41_173
가톨릭대학교부천성모병원,종합병원,032-1577-0675,032-1577-0675,경기도,부천시,경기도 부천시 원미구 소사로 327 가톨릭대학교 부천성모병원 (소사동) ,5,TRUE,TRUE,TRUE,TRUE,TRUE,14647,수도권,126.793032779471,37.4874965143342,41_192
순천향대학교부속부천병원,종합병원,032-621-5500,032-621-5114,경기도,부천시,경기도 부천시 원미구 조마루로 170 부흥로 173(1층일부) (중동) ,5,TRUE,TRUE,TRUE,TRUE,TRUE,14584,수도권,126.762109115188,37.4983707318869,41_192
의료법인대인의료재단 다니엘종합병원,종합병원,032-670-0230,032-670-0001,경기도,부천시,경기도 부천시 원미구 중동로 361 다니엘종합병원 (약대동) ,4,FALSE,TRUE,TRUE,TRUE,TRUE,14513,수도권,126.76950342075,37.5123479700655,41_192
뉴대성병원,종합병원,032-610-1111,032-610-1111,경기도,부천시,"경기도 부천시 원미구 부천로 91 ,부흥로373번길18, 부흥로377(기존디에스병원A동) (심곡동) ",4,FALSE,TRUE,TRUE,TRUE,TRUE,14577,수도권,126.784188124372,37.4925443428691,41_192
초앤유여성병원,병원,032-326-0095,032-326-0095,경기도,부천시,경기도 부천시 원미구 중동로248번길 19 (중동) ,1,FALSE,FALSE,FALSE,FALSE,TRUE,14548,수도권,126.769773146577,37.5019009142347,41_192
서울여성병원,병원,032-717-7000,032-230-3000,경기도,부천시,"경기도 부천시 원미구 길주로 84 1~7층,8층 일부, 서울여성병원 / 길주로 74 3층 일부 (건강검진센터)  (상동) ",5,TRUE,TRUE,TRUE,TRUE,TRUE,14544,수도권,126.751595804023,37.5052547452718,41_192
연세본사랑병원,병원,032-650-5580,1599-5420,경기도,부천시,"경기도 부천시 원미구 장말로 376 지하1,2층 지상2~10층 (심곡동) ",5,TRUE,TRUE,TRUE,TRUE,TRUE,14633,수도권,126.783646638614,37.4897842925275,41_192
스마튼병원,병원,032-1661-0505,032-1661-0505,경기도,부천시,"경기도 부천시 원미구 신흥로 240 (중동, 스마튼병원) ",5,TRUE,TRUE,TRUE,TRUE,TRUE,14534,수도권,126.776089309865,37.505019355808,41_192
디딤병원,병원,032-666-0777,032-666-0777,경기도,부천시,경기도 부천시 원미구 부천로29번길 7 부천메디컬프라자 5~10층 (심곡동) ,5,TRUE,TRUE,TRUE,TRUE,TRUE,14634,수도권,126.782979844961,37.4868906594052,41_192
인본병원,병원,032-1661-7050,1661-7050,경기도,부천시,"경기도 부천시 원미구 상동로 90 메가플러스빌딩 504,504-2,505,508일부호 (상동) ",4,TRUE,TRUE,TRUE,TRUE,FALSE,14545,수도권,126.753720198073,37.5051246737203,41_192
더만족병원,병원,032-1666-7775,032-1666-7775,경기도,부천시,경기도 부천시 원미구 계남로 310 (중동) ,4,TRUE,TRUE,TRUE,TRUE,FALSE,14530,수도권,126.781744144703,37.5031592751954,41_192
예손병원,병원,032-717-1694,1666-7582,경기도,부천시,"경기도 부천시 원미구 부천로 206 (춘의동, 다성빌딩) ",5,TRUE,TRUE,TRUE,TRUE,TRUE,14555,수도권,126.7874430992,37.5025916730605,41_192
유내과의원,내과의원,032-344-4552,032-344-4552,경기도,부천시,경기도 부천시 원미구 역곡로 10 (역곡동) ,5,TRUE,TRUE,TRUE,TRUE,TRUE,14670,수도권,126.811707637091,37.4862330060242,41_192
성가내과의원,내과의원,032-325-1687,032-325-1687,경기도,부천시,경기도 부천시 원미구 길주로 237 중동메디칼 (중동) ,3,TRUE,TRUE,TRUE,FALSE,FALSE,14538,수도권,126.768935964114,37.5044936297783,41_192
중앙영상의학과의원,의원,032-325-1717,032-325-1717,경기도,부천시,경기도 부천시 원미구 신흥로 226 빈센트타워 3층 (중동) ,5,TRUE,TRUE,TRUE,TRUE,TRUE,14534,수도권,126.776438488614,37.503789426366,41_192
중앙의원,의원,032-349-0439,032-349-0439,경기도,부천시,경기도 부천시 원미구 부흥로 487 신협빌딩 (소사동) ,3,TRUE,TRUE,TRUE,FALSE,FALSE,14647,수도권,126.792526555175,37.4847189039935,41_192
김가정의학과의원,의원,032-323-5525,032-323-5525,경기도,부천시,"경기도 부천시 원미구 장말로 102 207호 (상동, 반달마을) ",0,FALSE,FALSE,FALSE,FALSE,FALSE,14597,수도권,126.753287494321,37.4933330514683,41_192
권순구내과의원,내과의원,032-611-5234,032-611-5234,경기도,부천시,경기도 부천시 원미구 중동로 166 2층 (중동) ,4,TRUE,TRUE,TRUE,TRUE,FALSE,14609,수도권,126.767489600414,37.4935443999716,41_192
박내과의원,내과의원,032-342-2335,032-342-2335,경기도,부천시,"경기도 부천시 원미구 역곡로 7 301~302호 (역곡동, 스카이빌딩) ",5,TRUE,TRUE,TRUE,TRUE,TRUE,14671,수도권,126.811386288105,37.4860112061394,41_192
변내과의원,내과의원,032-324-5625,032-324-5625,경기도,부천시,"경기도 부천시 원미구 소향로 51 301호 (상동, 메드위즈빌딩) ",4,TRUE,TRUE,TRUE,TRUE,FALSE,14545,수도권,126.753501636306,37.5034912394833,41_192
프라임산부인과의원,의원,032-328-8883,032-328-8882,경기도,부천시,"경기도 부천시 원미구 부일로 204 502호 (상동, 루치올라빌딩) ",0,FALSE,FALSE,FALSE,FALSE,FALSE,14599,수도권,126.752599820165,37.4883394131629,41_192
신중동의원,의원,032-325-8998,032-325-8998,경기도,부천시,경기도 부천시 원미구 중동로 326 201호 (중동) ,2,TRUE,TRUE,FALSE,FALSE,FALSE,14535,수도권,126.770015851619,37.5087922610915,41_192
경인영상의학과의원,의원,032-321-9988,032-321-9988,경기도,부천시,경기도 부천시 원미구 길주로 237 4층 (중동) ,1,FALSE,FALSE,FALSE,FALSE,TRUE,14538,수도권,126.768935964114,37.5044936297783,41_192
이박산부인과의원,의원,032-323-3111,032-323-3111,경기도,부천시,"경기도 부천시 원미구 길주로 237 중동메디칼 301,302호 (중동) ",0,FALSE,FALSE,FALSE,FALSE,FALSE,14538,수도권,126.768935964114,37.5044936297783,41_192
보람내과의원,내과의원,032-657-8091,032-657-8091,경기도,부천시,경기도 부천시 원미구 부천로 107 2층 (심곡동) ,3,TRUE,TRUE,TRUE,FALSE,FALSE,14577,수도권,126.784649563869,37.4938159630597,41_192
마학기가정의학과의원,의원,032-652-8275,032-652-8275,경기도,부천시,경기도 부천시 원미구 장말로 290 2층 (심곡동) ,0,FALSE,FALSE,FALSE,FALSE,FALSE,14614,수도권,126.773998904226,37.4912970396717,41_192
큰사랑내과의원,내과의원,032-322-2525,032-322-2525,경기도,부천시,"경기도 부천시 원미구 소향로 246 새롬프라자 6차 401호일부,402호 (중동) ",2,TRUE,TRUE,FALSE,FALSE,FALSE,14580,수도권,126.775133853403,37.5002724037849,41_192
현내과의원,내과의원,032-657-7522,032-657-7522,경기도,부천시,"경기도 부천시 원미구 부일로 302 2층 (상동, 부림빌딩) ",3,TRUE,TRUE,TRUE,FALSE,FALSE,14625,수도권,126.763826147219,37.4882689538741,41_192
강내과의원,내과의원,032-654-8275,032-654-8275,경기도,부천시,경기도 부천시 원미구 장말로 202 2층 (상동) ,3,TRUE,TRUE,TRUE,FALSE,FALSE,14618,수도권,126.764322673816,37.4926864945784,41_192
연세한사랑의원,의원,032-326-7585,032-326-7585,경기도,부천시,"경기도 부천시 원미구 도약로 33 2층 (상동, 늘푸른상가) ",0,FALSE,FALSE,FALSE,FALSE,FALSE,14504,수도권,126.753166952972,37.5126048137514,41_192
상동서울가정의학과의원,의원,032-328-4646,032-328-4646,경기도,부천시,"경기도 부천시 원미구 조마루로 103 2층 (상동, 서울프라자) ",3,TRUE,TRUE,TRUE,FALSE,FALSE,14589,수도권,126.755240761911,37.5004557703218,41_192
여성사랑산부인과의원,의원,032-328-6673,032-328-6673,경기도,부천시,"경기도 부천시 원미구 상동로 105 402호 (상동, 현해프라자) ",0,FALSE,FALSE,FALSE,FALSE,FALSE,14543,수도권,126.752812737564,37.5066933166706,41_192
박인수내과의원,내과의원,032-326-7566,032-326-7566,경기도,부천시,"경기도 부천시 원미구 길주로 288 602호 (중동, 다운타운) ",3,TRUE,TRUE,TRUE,FALSE,FALSE,14548,수도권,126.774233888963,37.5027124082859,41_192
건강한문내과의원,내과의원,032-326-7582,032-326-7582,경기도,부천시,"경기도 부천시 원미구 길주로 191 301호 (중동, 금영프라자) ",4,TRUE,TRUE,TRUE,TRUE,FALSE,14538,수도권,126.763887440538,37.5051477762779,41_192
변주원내과의원,내과의원,032-668-5275,032-668-5275,경기도,부천시,경기도 부천시 원미구 부천로 34 2층 (심곡동) ,3,TRUE,TRUE,TRUE,FALSE,FALSE,14641,수도권,126.783734912863,37.4871691034323,41_192
장진석내과의원,내과의원,032-324-0208,032-324-0208,경기도,부천시,"경기도 부천시 원미구 도약로 29 3층 (상동, 에이스프라자) ",3,TRUE,TRUE,TRUE,FALSE,FALSE,14504,수도권,126.75265244585,37.5126664471994,41_192
두윤가정의원,의원,032-214-4809,032-214-4809,경기도,부천시,"경기도 부천시 원미구 신상로 54 2,3층 201-1,305호 (상동, 목련마을) ",0,FALSE,FALSE,FALSE,FALSE,FALSE,14595,수도권,126.74770891056,37.4938165522514,41_192
수와진산부인과의원,의원,032-322-0808,032-322-0808,경기도,부천시,경기도 부천시 원미구 부일로 222 유은빌딩 602~604호 (상동) ,0,FALSE,FALSE,FALSE,FALSE,FALSE,14624,수도권,126.754648708121,37.4882272759107,41_192
장메디의원,의원,032-655-2332,032-655-2332,경기도,부천시,경기도 부천시 원미구 부일로 403 우성빌딩 (심곡동) ,3,TRUE,TRUE,TRUE,FALSE,FALSE,14617,수도권,126.775218257812,37.4872797081264,41_192
우리들가정의원,의원,032-342-0147,032-342-0147,경기도,부천시,경기도 부천시 원미구 지봉로121번길 6 202호 (역곡동) ,0,FALSE,FALSE,FALSE,FALSE,FALSE,14668,수도권,126.812593519021,37.4889080620103,41_192
위브성모의원,의원,032-668-6902,031-998-9802,경기도,부천시,"경기도 부천시 원미구 신흥로 150-1 상가8동 209호 (중동, 위브더스테이트) ",1,TRUE,FALSE,FALSE,FALSE,FALSE,14574,수도권,126.778849232416,37.4978431915417,41_192
김앤정외과의원,의원,032-347-5005,032-347-5005,경기도,부천시,"경기도 부천시 원미구 역곡로 7 6층 (역곡동, 스카이빌딩) ",5,TRUE,TRUE,TRUE,TRUE,TRUE,14671,수도권,126.811386288105,37.4860112061394,41_192
사단법인누가참의원,의원,032-665-6200,032-665-2100,경기도,부천시,"경기도 부천시 원미구 신흥로 79 1,2,3,4,5층 (심곡동) ",1,TRUE,FALSE,FALSE,FALSE,FALSE,14615,수도권,126.777341142423,37.4908254925558,41_192
김서영의원,의원,032-611-1766,032-611-1766,경기도,부천시,"경기도 부천시 원미구 원미로144번길 11 101호,102호 일부 (원미동, 이안더부천) ",0,FALSE,FALSE,FALSE,FALSE,FALSE,14563,수도권,126.792292358663,37.4953493733726,41_192
성모권내과의원,내과의원,032-613-7890,032-613-7890,경기도,부천시,"경기도 부천시 원미구 중동로 100 아이파크동 404호 (중동, 펠리스카운티아파트상가) ",4,TRUE,TRUE,TRUE,TRUE,FALSE,14613,수도권,126.765823158016,37.4886508109389,41_192
포엘산부인과의원,의원,032-345-3004,032-345-3004,경기도,부천시,"경기도 부천시 원미구 역곡로 8 오킴스타워 6,7층 (역곡동) ",0,FALSE,FALSE,FALSE,FALSE,FALSE,14670,수도권,126.811752037108,37.4861121616416,41_192
중동홍내과의원,내과의원,032-325-7779,032-325-7779,경기도,부천시,"경기도 부천시 원미구 중동로248번길 52 4층 406,407호 (중동, 네이버시티빌딩) ",4,TRUE,TRUE,TRUE,TRUE,FALSE,14548,수도권,126.771664563967,37.5012118934377,41_192
속사랑내과의원,내과의원,032-611-5522,032-611-5522,경기도,부천시,경기도 부천시 원미구 조종로 44 부천새마을금고 3~4층 (원미동) ,5,TRUE,TRUE,TRUE,TRUE,TRUE,14571,수도권,126.789638462528,37.4927162644188,41_192
정철호내과의원,내과의원,032-346-6300,032-346-6300,경기도,부천시,"경기도 부천시 원미구 길주로 252 금광베네스타 202호,203호,204호,205호 (중동) ",1,TRUE,FALSE,FALSE,FALSE,FALSE,14548,수도권,126.770212496659,37.5032337236541,41_192
부천중앙내과의원,내과의원,032-611-7511,032-611-7511,경기도,부천시,"경기도 부천시 원미구 중동로 143 2층 (중동, 원남빌딩) ",5,TRUE,TRUE,TRUE,TRUE,TRUE,14608,수도권,126.766562289479,37.492727341765,41_192
유테라산부인과의원,의원,032-213-7979,010-3236-0415,경기도,부천시,경기도 부천시 원미구 길주로 276 무광오피스빌딩 601호 (중동) ,0,FALSE,FALSE,FALSE,FALSE,FALSE,14548,수도권,126.772850689993,37.5029580733055,41_192
삼성미래산부인과의원,의원,032-662-6100,032-662-6100,경기도,부천시,"경기도 부천시 원미구 부흥로 270 1~6층, 부흥로 268, 1~3층, 5~6층 (중동) ",1,FALSE,FALSE,FALSE,FALSE,TRUE,14610,수도권,126.772596319827,37.4947984480847,41_192
은혜내과의원,내과의원,032-620-3840,032-620-3840,경기도,부천시,"경기도 부천시 원미구 신흥로 190 상가1동 229호 (중동, 위브더스테이트) ",5,TRUE,TRUE,TRUE,TRUE,TRUE,14549,수도권,126.777244449236,37.5012619209112,41_192
서울열린내과의원,내과의원,032-672-7533,032-672-7533,경기도,부천시,경기도 부천시 원미구 삼작로 252 정남프라자 3층 일부호 (도당동) ,5,TRUE,TRUE,TRUE,TRUE,TRUE,14481,수도권,126.789554558007,37.5199524617847,41_192
맑은내과의원,내과의원,032-672-8233,032-672-8233,경기도,부천시,"경기도 부천시 원미구 도약로 177 103,105,106호 (약대동, 두산위브트레지움상가동) ",5,TRUE,TRUE,TRUE,TRUE,TRUE,14514,수도권,126.769054745405,37.5107249288568,41_192
푸른정형외과의원,의원,032-668-6600,032-668-6600,경기도,부천시,"경기도 부천시 원미구 부일로 362 지하1, 1,2,3층 (중동) ",1,TRUE,FALSE,FALSE,FALSE,FALSE,14627,수도권,126.770179930791,37.4874745433015,41_192
역곡삼성내과의원,내과의원,032-342-0453,032-342-0453,경기도,부천시,"경기도 부천시 원미구 부일로 706 B01호, 601호, 701호 (역곡동) ",5,TRUE,TRUE,TRUE,TRUE,TRUE,14673,수도권,126.808407616197,37.4845939046107,41_192
원미내과의원,내과의원,032-664-7400,032-664-7400,경기도,부천시,"경기도 부천시 원미구 부흥로373번길 78 2층 201~206호 (심곡동, 심곡메가밸리) ",4,TRUE,TRUE,TRUE,TRUE,FALSE,14577,수도권,126.784811776357,37.4949395419742,41_192
온마음연세의원,의원,032-324-0365,032-324-0365,경기도,부천시,"경기도 부천시 원미구 상일로 96 405~406호 (상동, 세원빌딩) ",5,TRUE,TRUE,TRUE,TRUE,TRUE,14598,수도권,126.752883124683,37.4913074676482,41_192
부천의료복지사회적협동조합부천시민의원,의원,032-664-1119,032-675-7517,경기도,부천시,경기도 부천시 원미구 원미로97번길 31 2층 일부호 (원미동) ,5,TRUE,TRUE,TRUE,TRUE,TRUE,14572,수도권,126.788888609008,37.4913610756148,41_192
아주편한내과의원,내과의원,032-667-2277,032-667-2277,경기도,부천시,"경기도 부천시 원미구 부천로 20 4층 일부, 삼영빌딩 (심곡동) ",5,TRUE,TRUE,TRUE,TRUE,TRUE,14641,수도권,126.783533035555,37.4860490529624,41_192
위(WE)튼튼내과의원,내과의원,032-324-0828,032-324-0828,경기도,부천시,경기도 부천시 원미구 상일로 100 송내부건프라자 402~403호 (상동) ,4,TRUE,TRUE,TRUE,TRUE,FALSE,14598,수도권,126.753213826241,37.4913215838928,41_192
편안한연합의원,의원,032-347-3936,032-347-3936,경기도,부천시,경기도 부천시 원미구 역곡로 3 덕지빌딩 201호 (역곡동) ,4,TRUE,TRUE,TRUE,TRUE,FALSE,14673,수도권,126.811428650877,37.4856214080249,41_192
삼성탑내과의원,내과의원,032-326-3375,032-326-3375,경기도,부천시,"경기도 부천시 원미구 길주로 183 영라이프빌딩 701,501,502,505호 (중동) ",5,TRUE,TRUE,TRUE,TRUE,TRUE,14537,수도권,126.762950526446,37.5052605975703,41_192
본디안내과의원,내과의원,032-228-2600,032-228-2700,경기도,부천시,경기도 부천시 원미구 부흥로303번길 8 2층 (중동) ,1,TRUE,FALSE,FALSE,FALSE,FALSE,14582,수도권,126.776562456423,37.4950928959543,41_192
위베스트내과의원,내과의원,032-245-8800,032-245-8800,경기도,부천시,"경기도 부천시 원미구 상동로 87 가나베스트타운 쓰리 704,705호 (상동) ",5,TRUE,TRUE,TRUE,TRUE,TRUE,14544,수도권,126.752412968332,37.5051751903525,41_192
참편한여성의원,의원,032-653-5677,032-653-5677,경기도,부천시,경기도 부천시 원미구 부천로 14 2층일부 (심곡동) ,0,FALSE,FALSE,FALSE,FALSE,FALSE,14644,수도권,126.783253825666,37.485438109088,41_192
로앤산부인과의원,의원,032-324-5551,032-324-5551,경기도,부천시,경기도 부천시 원미구 상동로 90 메가플러스 A동 601호 (상동) ,0,FALSE,FALSE,FALSE,FALSE,FALSE,14545,수도권,126.753720198073,37.5051246737203,41_192
서울장좋은외과의원,의원,032-288-1011,032-288-1011,경기도,부천시,"경기도 부천시 원미구 길주로 280 프리머스 부천타워 2층 201,202,205,206호 (중동) ",5,TRUE,TRUE,TRUE,TRUE,TRUE,14548,수도권,126.773195207852,37.5029094503645,41_192
성모김내과의원,내과의원,032-323-5575,032-323-5575,경기도,부천시,"경기도 부천시 원미구 중동로 256 삼성프라자 201,202호 (중동) ",5,TRUE,TRUE,TRUE,TRUE,TRUE,14548,수도권,126.769221589713,37.50256423826,41_192
부천정다운여성의원,의원,032-258-3500,032-258-3500,경기도,부천시,"경기도 부천시 원미구 길주로 234 203동 2층 2055,2056호 (중동, 힐스테이트 중동) ",0,FALSE,FALSE,FALSE,FALSE,FALSE,14547,수도권,126.76820669882,37.5034030678944,41_192
부천바른내과의원,내과의원,032-719-8586,032-719-8586,경기도,부천시,경기도 부천시 원미구 신흥로 223 신중동역 랜드마크 푸르지오 시티 419~425호 (중동) ,5,TRUE,TRUE,TRUE,TRUE,TRUE,14539,수도권,126.775245999304,37.5040206135821,41_192
성모혜민내과의원,내과의원,032-322-0875,032-322-0875,경기도,부천시,"경기도 부천시 원미구 길주로 221 씨티오피스 203호일부, 502호, 503호 (중동) ",5,TRUE,TRUE,TRUE,TRUE,TRUE,14538,수도권,126.767234788475,37.5047068010627,41_192
탑아산내과의원,내과의원,032-321-1252,032-321-1252,경기도,부천시,경기도 부천시 원미구 신흥로 187 부천농업협동조합 4층일부호 (중동) ,5,TRUE,TRUE,TRUE,TRUE,TRUE,14580,수도권,126.776449424786,37.5004249178852,41_192
서울조은내과의원,내과의원,032-321-0102,032-321-0102,경기도,부천시,"경기도 부천시 원미구 길주로 111 센타프라자 201,202,203,204호 (상동) ",5,TRUE,TRUE,TRUE,TRUE,TRUE,14542,수도권,126.754885137904,37.5063231783485,41_192
애플산부인과의원,의원,032-321-8400,032-321-8400,경기도,부천시,"경기도 부천시 원미구 길주로 280 프리머스 부천타워 802호,803호 (중동) ",0,FALSE,FALSE,FALSE,FALSE,FALSE,14548,수도권,126.773195207852,37.5029094503645,41_192
장좋은내과의원,내과의원,032-325-7582,032-325-7582,경기도,부천시,경기도 부천시 원미구 길주로 105 드림모아 6층 601호 (상동) ,5,TRUE,TRUE,TRUE,TRUE,TRUE,14542,수도권,126.754147529802,37.5064196746015,41_192
차차여성의원,의원,032-665-0070,032-665-0070,경기도,부천시,"경기도 부천시 원미구 부천로 110-1 한위빌딩 2층, 3층 (원미동) ",1,FALSE,FALSE,FALSE,FALSE,TRUE,14569,수도권,126.785362552119,37.4940466565581,41_192
상동드림의원,의원,032-329-9193,032-329-9193,경기도,부천시,경기도 부천시 원미구 송내대로 239 소풍(부천터미널) 지1층 BF21호~BF25호 (상동) ,0,FALSE,FALSE,FALSE,FALSE,FALSE,14545,수도권,126.756721807955,37.5041446553817,41_192
예닮가정의학과의원,의원,032-255-2599,032-255-2599,경기도,부천시,경기도 부천시 원미구 원미로124번길 6-16 2층 (원미동) ,0,FALSE,FALSE,FALSE,FALSE,FALSE,14565,수도권,126.791201577096,37.493070609777,41_192
연세상상내과의원,내과의원,032-341-9775,032-341-9775,경기도,부천시,경기도 부천시 원미구 부일로 748 3층 (역곡동) ,5,TRUE,TRUE,TRUE,TRUE,TRUE,14674,수도권,126.812771822149,37.4861041413191,41_192
부천세종병원,종합병원,-1551-2345,1599-6677,경기도,부천시,"경기도 부천시 소사구 호현로489번길 28 (소사본동, 세종병원) ",5,TRUE,TRUE,TRUE,TRUE,TRUE,14754,수도권,126.791166624657,37.4805232205074,41_194
생생병원,병원,032-230-0735,032-230-0700,경기도,부천시,"경기도 부천시 소사구 경인옛로 3 (소사본동, 소사메디파크 5~8층) ",5,TRUE,TRUE,TRUE,TRUE,TRUE,14704,수도권,126.793150008084,37.4818873208047,41_194
건주병원,병원,-1855-1119,1855-1119,경기도,부천시,"경기도 부천시 소사구 경인로536번길 27 메디슨167 3,4,5층 (괴안동) ",5,TRUE,TRUE,TRUE,TRUE,TRUE,14679,수도권,126.815553753957,37.4847268226505,41_194
새울병원,병원,032-1588-7111,1588-7111,경기도,부천시,"경기도 부천시 소사구 소사로 80 한일프라자 2,3,4,5,6층 (소사본동) ",4,TRUE,TRUE,TRUE,TRUE,FALSE,14774,수도권,126.799071901153,37.4659947371426,41_194
박영숙산부인과의원,의원,032-343-2773,032-343-2773,경기도,부천시,경기도 부천시 소사구 경인로 542 (괴안동) ,0,FALSE,FALSE,FALSE,FALSE,FALSE,14679,수도권,126.815212942854,37.4854730448559,41_194
김영희의원,의원,032-343-0636,032-343-0636,경기도,부천시,경기도 부천시 소사구 범안로 6 (괴안동) ,0,FALSE,FALSE,FALSE,FALSE,FALSE,14696,수도권,126.805344872242,37.4808045771076,41_194
허연무내과의원,내과의원,032-667-9361,032-667-9361,경기도,부천시,경기도 부천시 소사구 경인로 134 (송내동) ,5,TRUE,TRUE,TRUE,TRUE,TRUE,14725,수도권,126.770324942483,37.4838369217607,41_194
한미의원,의원,032-657-6893,032-657-6893,경기도,부천시,경기도 부천시 소사구 성주로 200 (심곡본동) ,0,FALSE,FALSE,FALSE,FALSE,FALSE,14748,수도권,126.778441355869,37.4783092439001,41_194
한앤김내과의원,내과의원,032-345-5576,032-345-5576,경기도,부천시,경기도 부천시 소사구 소사로 180 (소사본동) ,5,TRUE,TRUE,TRUE,TRUE,TRUE,14762,수도권,126.795784807221,37.4742430672644,41_194
부천메디홀스의원,의원,032-656-4114,032-656-4114,경기도,부천시,경기도 부천시 소사구 경인로110번길 18 메디홀스병원 (송내동) ,5,TRUE,TRUE,TRUE,TRUE,TRUE,14727,수도권,126.767594671199,37.4832455679986,41_194
미애로여성의원,의원,032-666-8275,032-666-8275,경기도,부천시,경기도 부천시 소사구 경인로 238-7 (심곡본동) ,0,FALSE,FALSE,FALSE,FALSE,FALSE,14711,수도권,126.78196091911,37.4829023692162,41_194
새생명일반내과의원,내과의원,032-668-0675,032-668-0675,경기도,부천시,경기도 부천시 소사구 경인로 217 2층일부호 (심곡본동) ,5,TRUE,TRUE,TRUE,TRUE,TRUE,14709,수도권,126.77984832765,37.483518074172,41_194
의료법인운천의료재단메디홀스의원,의원,032-343-4114,032-343-4114,경기도,부천시,경기도 부천시 소사구 경인로 567 (괴안동) ,5,TRUE,TRUE,TRUE,TRUE,TRUE,14677,수도권,126.817636954482,37.4870726748583,41_194
부천편안한산부인과의원,의원,032-661-0050,032-661-0050,경기도,부천시,"경기도 부천시 소사구 경인로 190 3층일부호 (심곡본동, 부천라비앙로제) ",2,TRUE,FALSE,FALSE,FALSE,TRUE,14711,수도권,126.776502518436,37.4834052033738,41_194
부천영상의학과의원,의원,032-652-6210,032-652-6210,경기도,부천시,경기도 부천시 소사구 성주로 271 (심곡본동) ,1,FALSE,FALSE,FALSE,FALSE,TRUE,14711,수도권,126.782068475723,37.4825795566256,41_194
조돈현내과의원,내과의원,032-348-7582,032-348-7582,경기도,부천시,"경기도 부천시 소사구 경인로 505 302호 (괴안동, 역곡하이뷰) ",4,TRUE,TRUE,TRUE,TRUE,FALSE,14676,수도권,126.811118778565,37.484480147918,41_194
김현석내과의원,내과의원,032-661-1300,032-661-1300,경기도,부천시,"경기도 부천시 소사구 경인로 74 (송내동, 성보빌딩 4층) ",4,TRUE,TRUE,TRUE,TRUE,FALSE,14728,수도권,126.76347233034,37.4835398552542,41_194
연세비젼의원,의원,032-348-6300,032-348-6300,경기도,부천시,경기도 부천시 소사구 경인로 520 창성빌딩 302호 (괴안동) ,0,FALSE,FALSE,FALSE,FALSE,FALSE,14676,수도권,126.812958422323,37.484411174192,41_194
임병욱내과의원,내과의원,032-349-0075,032-349-0075,경기도,부천시,"경기도 부천시 소사구 소사동로 82 302호 (소사본동, 센트럴프라자) ",5,TRUE,TRUE,TRUE,TRUE,TRUE,14772,수도권,126.803981583924,37.4732748497992,41_194
부천속내과의원,내과의원,032-612-2360,032-612-2360,경기도,부천시,경기도 부천시 소사구 경인로 203 4층 (심곡본동) ,5,TRUE,TRUE,TRUE,TRUE,TRUE,14709,수도권,126.778157555937,37.4837489932076,41_194
미즈아이산부인과의원,의원,032-347-3500,032-347-3500,경기도,부천시,경기도 부천시 소사구 경인로 522 위드프러스타워 501호 (괴안동) ,0,FALSE,FALSE,FALSE,FALSE,FALSE,14676,수도권,126.813345743824,37.4845645975521,41_194
삼성항맥외과의원,의원,032-656-7175,032-656-7175,경기도,부천시,"경기도 부천시 소사구 경인로 253 데카에셋빌딩 601,602,603호 (심곡본동) ",3,TRUE,TRUE,FALSE,TRUE,FALSE,14710,수도권,126.783710784315,37.4833017582991,41_194
서울성모내과의원,내과의원,032-351-5800,032-351-5800,경기도,부천시,경기도 부천시 소사구 범안로 117 현대리치모아 309호 (범박동) ,5,TRUE,TRUE,TRUE,TRUE,TRUE,14782,수도권,126.809587373605,37.4712169212861,41_194
연세탑내과의원,내과의원,032-212-0700,032-212-0700,경기도,부천시,경기도 부천시 소사구 경인로 65 혜영빌딩 301호 (송내동) ,5,TRUE,TRUE,TRUE,TRUE,TRUE,14721,수도권,126.762639356844,37.4839772452755,41_194
부천연세365의원,의원,032-663-0365,032-663-0365,경기도,부천시,경기도 부천시 소사구 부천로 1 부천역사 쇼핑몰 1층 105-1호 (심곡본동) ,1,TRUE,FALSE,FALSE,FALSE,FALSE,14637,수도권,126.782648899659,37.4840382748897,41_194
프라임내과의원,내과의원,032-343-9037,032-343-9037,경기도,부천시,"경기도 부천시 소사구 경인옛로 123 (괴안동, 청석빌라) ",5,TRUE,TRUE,TRUE,TRUE,TRUE,14691,수도권,126.804833178165,37.4811454852015,41_194
연세수내과의원,내과의원,032-349-2222,032-349-2222,경기도,부천시,"경기도 부천시 소사구 옥길로 111 드림탑프라자 501호,502호,503호 (옥길동) ",5,TRUE,TRUE,TRUE,TRUE,TRUE,14784,수도권,126.821856843241,37.4671150175194,41_194
성모우리내과의원,내과의원,032-347-0075,032-347-0075,경기도,부천시,"경기도 부천시 소사구 소삼로 20 4층, 5층 (소사본동) ",5,TRUE,TRUE,TRUE,TRUE,TRUE,14706,수도권,126.795258996337,37.4784331971465,41_194
연세노가의원,의원,032-652-7588,032-652-7588,경기도,부천시,경기도 부천시 소사구 송내대로 43 송내전철역 가동 가 202 일부호 (송내동) ,1,TRUE,FALSE,FALSE,FALSE,FALSE,14742,수도권,126.752770578701,37.4876814057045,41_194
부천조은내과의원,내과의원,032-233-1428,032-233-1428,경기도,부천시,경기도 부천시 소사구 경인로 511 4층 일부호 (괴안동) ,5,TRUE,TRUE,TRUE,TRUE,TRUE,14676,수도권,126.811905628533,37.4846963835279,41_194
연세봄날에산부인과의원,의원,02-6279-3355,02-6279-3355,경기도,부천시,"경기도 부천시 소사구 범안로 227 서영아너시티1차 203,204호 (옥길동) ",0,FALSE,FALSE,FALSE,FALSE,FALSE,14789,수도권,126.812662810216,37.4622401194506,41_194
SOK속편한내과의원,내과의원,032-667-1088,032-667-1088,경기도,부천시,"경기도 부천시 소사구 경인로 231 201호, 202호, 203호 일부호 (심곡본동) ",5,TRUE,TRUE,TRUE,TRUE,TRUE,14709,수도권,126.7811668638,37.4834870963123,41_194
삼성청내과의원,내과의원,032-614-3338,032-614-3338,경기도,부천시,경기도 부천시 소사구 경인로 222 니나 메디컬 타워 5층 (심곡본동) ,5,TRUE,TRUE,TRUE,TRUE,TRUE,14711,수도권,126.780047134245,37.4830033387744,41_194
건강한속내과의원,내과의원,032-655-7582,032-655-7582,경기도,부천시,"경기도 부천시 소사구 경인로 190 3층 302호 (심곡본동, 부천라비앙로제) ",5,TRUE,TRUE,TRUE,TRUE,TRUE,14711,수도권,126.776502518436,37.4834052033738,41_194
젤나의원,의원,032-661-7533,032-661-7533,경기도,부천시,경기도 부천시 소사구 경인로 216-1 2층 (심곡본동) ,2,TRUE,FALSE,TRUE,FALSE,FALSE,14711,수도권,126.779554055534,37.4830828797387,41_194
제이드산부인과의원,의원,032-342-1001,032-342-1001,경기도,부천시,경기도 부천시 소사구 옥길로 111 드림탑프라자 4층 3호 (옥길동) ,0,FALSE,FALSE,FALSE,FALSE,FALSE,14784,수도권,126.821856843241,37.4671150175194,41_194
속편한내과마취통증의학과의원,내과의원,032-349-0999,032-346-6114,경기도,부천시,"경기도 부천시 소사구 은성로98번길 64 2층,3층 (소사본동) ",5,TRUE,TRUE,TRUE,TRUE,TRUE,14767,수도권,126.801506377724,37.4723751149417,41_194
부천우리병원,종합병원,032-672-4100,032-672-4100,경기도,부천시,경기도 부천시 오정구 소사로 726 (원종동) ,5,TRUE,TRUE,TRUE,TRUE,TRUE,14466,수도권,126.805194999847,37.5208784033743,41_196
부천중앙병원,병원,032-681-2333,032-681-2333,경기도,부천시,"경기도 부천시 오정구 소사로 797 (원종동, 지하1일부,1,2,3,4층) ",5,TRUE,TRUE,TRUE,TRUE,TRUE,14427,수도권,126.804448414142,37.5272013863202,41_196
현병원,병원,032-682-7531,682-7531,경기도,부천시,경기도 부천시 오정구 부천로 392 (내동) ,1,TRUE,FALSE,FALSE,FALSE,FALSE,14455,수도권,126.784995202265,37.5190712697312,41_196
오정본병원,병원,032-225-9700,032-678-5000,경기도,부천시,"경기도 부천시 오정구 소사로 801 ,소사로 802-1(성운빌딩.401호) (원종동) ",5,TRUE,TRUE,TRUE,TRUE,TRUE,14427,수도권,126.804453144924,37.52764270423,41_196
부천시립노인전문병원,병원,032-713-7365,032-713-7300,경기도,부천시,경기도 부천시 오정구 까치로 26 (작동) ,1,TRUE,FALSE,FALSE,FALSE,FALSE,14478,수도권,126.80836196015,37.5091016249408,41_196
누리안유영길김태형내과김영찬방사선과의원,내과의원,032-673-4305,032-673-4305,경기도,부천시,"경기도 부천시 오정구 소사로 759 2층 (원종동, 대현상가) ",5,TRUE,TRUE,TRUE,TRUE,TRUE,14431,수도권,126.804603111033,37.5238000037131,41_196
이용준내과의원,내과의원,032-671-8261,032-671-8261,경기도,부천시,경기도 부천시 오정구 역곡로 480 (고강동) ,3,TRUE,TRUE,TRUE,FALSE,FALSE,14408,수도권,126.816297208032,37.5273574531026,41_196
부천중앙산부인과의원,의원,032-672-3030,032-672-3030,경기도,부천시,경기도 부천시 오정구 소사로 750 (원종동) ,0,FALSE,FALSE,FALSE,FALSE,FALSE,14424,수도권,126.805178373803,37.5229221174688,41_196
지앤의원,의원,032-679-8412,032-679-8412,경기도,부천시,경기도 부천시 오정구 오정로220번길 35 (오정동) ,0,FALSE,FALSE,FALSE,FALSE,FALSE,14437,수도권,126.785582769144,37.5268080619031,41_196
튼튼신경외과의원,의원,032-678-0005,032-678-0005,경기도,부천시,"경기도 부천시 오정구 오정로 226 (오정동, 2,3,4,5,6층) ",1,TRUE,FALSE,FALSE,FALSE,FALSE,14437,수도권,126.784569261594,37.5280982519061,41_196
성모내과의원,내과의원,032-683-1606,032-683-1606,경기도,부천시,경기도 부천시 오정구 성지로 101 보영 3층일부 (원종동) ,4,TRUE,TRUE,TRUE,TRUE,FALSE,14414,수도권,126.810951059505,37.5279567413459,41_196
이정길내과의원,내과의원,032-677-8458,032-677-8458,경기도,부천시,경기도 부천시 오정구 소사로 752 (원종동) ,4,TRUE,TRUE,TRUE,TRUE,FALSE,14424,수도권,126.805135466223,37.5231090044426,41_196
구광내과의원,내과의원,032-673-4942,032-673-4942,경기도,부천시,경기도 부천시 오정구 삼작로 332 (여월동) ,4,TRUE,TRUE,TRUE,TRUE,FALSE,14462,수도권,126.798564678944,37.5198125690673,41_196
삼성연합의원,의원,032-683-1008,032-683-1008,경기도,부천시,경기도 부천시 오정구 고강로72번길 49 (고강동) ,2,TRUE,FALSE,TRUE,FALSE,FALSE,14416,수도권,126.812220544152,37.527672248427,41_196
차앤윤산부인과의원,의원,032-672-5600,032-672-5600,경기도,부천시,경기도 부천시 오정구 역곡로 470 유진프라자 5층 (고강동) ,0,FALSE,FALSE,FALSE,FALSE,FALSE,14411,수도권,126.81633940422,37.5265736480367,41_196
주신내과의원,내과의원,032-673-7583,032-673-7583,경기도,부천시,"경기도 부천시 오정구 고리울로52번길 29 201호 (고강동, DH(주상복합)빌딩) ",3,TRUE,TRUE,TRUE,FALSE,FALSE,14409,수도권,126.82156813064,37.5258651874157,41_196
정내과의원,내과의원,032-673-7582,032-673-7582,경기도,부천시,경기도 부천시 오정구 중동로 410 (삼정동) ,3,TRUE,TRUE,TRUE,FALSE,FALSE,14495,수도권,126.770371409861,37.5163725446821,41_196
박상석내과의원,내과의원,032-679-7582,032-679-7582,경기도,부천시,경기도 부천시 오정구 삼작로 98 (내동) ,4,TRUE,TRUE,TRUE,TRUE,FALSE,14493,수도권,126.771914347079,37.5200317081665,41_196
희경산부인과의원,의원,032-672-6057,032-672-6057,경기도,부천시,"경기도 부천시 오정구 소사로 713 스카이빌딩 2층 201호,202호 (원종동) ",0,FALSE,FALSE,FALSE,FALSE,FALSE,14465,수도권,126.804509511901,37.5196981299032,41_196
베스트가정의학과의원,의원,032-677-7582,032-677-7582,경기도,부천시,경기도 부천시 오정구 소사로 697 MG새마을금고빌딩 201호 (원종동) ,2,TRUE,FALSE,TRUE,FALSE,FALSE,14465,수도권,126.804550086296,37.518323898929,41_196
현내과의원,내과의원,032-673-0022,032-673-0022,경기도,부천시,경기도 부천시 오정구 역곡로 482 유하메디빌딩 5층일부 (고강동) ,3,TRUE,TRUE,TRUE,FALSE,FALSE,14408,수도권,126.816370219573,37.5276171449524,41_196
늘편한내과의원,내과의원,032-678-7582,032-678-7582,경기도,부천시,"경기도 부천시 오정구 오정로 247 201호 (오정동, 선프라자) ",3,TRUE,TRUE,TRUE,FALSE,FALSE,14442,수도권,126.785437068659,37.5295690925108,41_196
프라임연세의원,의원,032-678-6265,032-678-6265,경기도,부천시,"경기도 부천시 오정구 삼작로 485 2층 (작동, 남정빌딩) ",1,TRUE,FALSE,FALSE,FALSE,FALSE,14470,수도권,126.815441471558,37.5187759729058,41_196
마디성모정형외과의원,의원,032-715-8383,032-715-8383,경기도,부천시,경기도 부천시 오정구 삼작로 391 (원종동) ,1,TRUE,FALSE,FALSE,FALSE,FALSE,14466,수도권,126.805238259538,37.5200332450785,41_196
신선영내과의원,내과의원,032-675-3005,032-675-3005,경기도,부천시,"경기도 부천시 오정구 오정로 249 306호 (오정동, 오정프라자) ",5,TRUE,TRUE,TRUE,TRUE,TRUE,14442,수도권,126.785948103397,37.5298037392343,41_196
중앙내과의원,내과의원,070-4741-2071,070-4741-2071,경기도,부천시,경기도 부천시 오정구 소사로 756 2층 (원종동) ,4,TRUE,TRUE,TRUE,TRUE,FALSE,14424,수도권,126.805207495985,37.5234252845869,41_196
건강한내과의원,내과의원,032-675-5588,032-675-5588,경기도,부천시,경기도 부천시 오정구 역곡로 470 (고강동) ,5,TRUE,TRUE,TRUE,TRUE,TRUE,14411,수도권,126.81633940422,37.5265736480367,41_196
닥터노바름의원,의원,032-321-8075,032-321-8075,경기도,부천시,"경기도 부천시 오정구 삼작로 22 1,2층 (삼정동, 부천테크노파크) ",2,TRUE,FALSE,TRUE,FALSE,FALSE,14501,수도권,126.762331874249,37.518996845641,41_196
남일송내과의원,내과의원,032-683-0320,032-683-0320,경기도,부천시,경기도 부천시 오정구 소사로808번길 6 부원빌딩 2층 (원종동) ,4,TRUE,TRUE,TRUE,TRUE,FALSE,14419,수도권,126.805102331168,37.5279753455203,41_196
김명건내과의원,내과의원,032-713-8470,032-713-8470,경기도,부천시,경기도 부천시 오정구 오정로 250 신오빌딩 2층 (오정동) ,1,TRUE,FALSE,FALSE,FALSE,FALSE,14436,수도권,126.786536209765,37.5295536950046,41_196
연세원사랑내과의원,내과의원,032-682-7582,032-682-7582,경기도,부천시,경기도 부천시 오정구 원종로 41 2층전체 (원종동) ,5,TRUE,TRUE,TRUE,TRUE,TRUE,14427,수도권,126.804468527211,37.5242632559362,41_196
광명성애병원,종합병원,02-2680-7531,02-2680-7114,경기도,광명시,경기도 광명시 디지털로 36 광명성애병원 (철산동),5,TRUE,TRUE,TRUE,TRUE,TRUE,14241,수도권,126.871332367803,37.4736622838936,41_210
광명새움병원,병원,-1661-6888,02-6924-8201,경기도,광명시,경기도 광명시 오리로 518 3~6층 (소하동) ,3,TRUE,TRUE,TRUE,FALSE,FALSE,14316,수도권,126.882022146491,37.4481877869838,41_210
아이원병원,병원,-1833-7588,1833-7588,경기도,광명시,경기도 광명시 소하로75번길 10 3~8층 (소하동) ,0,FALSE,FALSE,FALSE,FALSE,FALSE,14316,수도권,126.884978701003,37.4479270646905,41_210
광명기대찬병원,병원,02-6274-2580,02-6274-2580,경기도,광명시,"경기도 광명시 오리로 872 1-2, 4-7층 (철산동) ",5,TRUE,TRUE,TRUE,TRUE,TRUE,14235,수도권,126.865698154665,37.4760825225889,41_210
현대의원,의원,02-2614-5360,02-2614-5360,경기도,광명시,"경기도 광명시 광명로 829 2층 (광명동, 백제빌딩)",1,TRUE,FALSE,FALSE,FALSE,FALSE,14294,수도권,126.851283677134,37.4734239510996,41_210
서정화내과의원,내과의원,02-893-3300,02-893-3300,경기도,광명시,"경기도 광명시 하안로 313 3층 (하안동, 근영빌딩)",3,TRUE,TRUE,TRUE,FALSE,FALSE,14248,수도권,126.878879372386,37.4632789077788,41_210
김완중내과의원,내과의원,02-2617-0240,02-2617-0240,경기도,광명시,"경기도 광명시 철산로 27 3층 (철산동, 명동프라자)",3,TRUE,TRUE,TRUE,FALSE,FALSE,14236,수도권,126.868995763537,37.4768227095538,41_210
노내과의원,내과의원,02-2619-7055,02-2619-7055,경기도,광명시,경기도 광명시 광명로 841 동진프라자 4층 3호 (광명동),4,TRUE,TRUE,TRUE,TRUE,FALSE,14291,수도권,126.851673844176,37.4743223874099,41_210
김옥란내과의원,내과의원,02-898-6914,02-898-6914,경기도,광명시,경기도 광명시 오리로 381 2층 (소하동) ,5,TRUE,TRUE,TRUE,TRUE,TRUE,14333,수도권,126.879295600855,37.4364581510388,41_210
미래여성산부인과의원,의원,02-806-1001,806-1001,경기도,광명시,"경기도 광명시 범안로 1062 천일빌딩 1~4층, 6층 (하안동)",1,FALSE,FALSE,FALSE,FALSE,TRUE,14306,수도권,126.880733637548,37.4627482059905,41_210
강윤철산부인과의원,의원,02-897-6851,02-897-6851,경기도,광명시,경기도 광명시 오리로 346 행운드림프라자 402호 (소하동) ,0,FALSE,FALSE,FALSE,FALSE,FALSE,14328,수도권,126.879772772494,37.4332803049646,41_210
온누리내과의원,내과의원,02-2689-0875,2689-0875,경기도,광명시,경기도 광명시 철산로 12 로데오빌딩 4층 1호 (철산동),3,TRUE,TRUE,TRUE,FALSE,FALSE,14237,수도권,126.867571801419,37.475563583747,41_210
임내과의원,내과의원,02-2614-9111,02-2614-9111,경기도,광명시,경기도 광명시 광복로 64 2층 (철산동),3,TRUE,TRUE,TRUE,FALSE,FALSE,14209,수도권,126.865579788151,37.4896512095083,41_210
우리내과의원,내과의원,02-808-7515,02-808-7515,경기도,광명시,"경기도 광명시 하안로 254 2층 201-202호 (하안동, 정산빌딩)",3,TRUE,TRUE,TRUE,FALSE,FALSE,14307,수도권,126.882972138432,37.459202800928,41_210
신효경산부인과의원,의원,02-2613-0613,02-2613-0613,경기도,광명시,경기도 광명시 철산로 28 2층 (철산동),1,FALSE,FALSE,FALSE,FALSE,TRUE,14237,수도권,126.869328032252,37.476107766348,41_210
광명연합의원,의원,02-2688-7570,02-2688-7570,경기도,광명시,경기도 광명시 광명로 824 2층 (광명동),2,TRUE,TRUE,FALSE,FALSE,FALSE,14274,수도권,126.851540758127,37.4727919459504,41_210
광명연세내과의원,내과의원,02-2685-0760,02-2685-0760,경기도,광명시,"경기도 광명시 철산로 20 4층 401호 (철산동, 야우리빌딩)",3,TRUE,TRUE,TRUE,FALSE,FALSE,14237,수도권,126.868394411499,37.4757994860365,41_210
오성욱의원,의원,02-899-7577,02-899-7577,경기도,광명시,경기도 광명시 하안로 180 2층 (소하동),4,TRUE,TRUE,TRUE,TRUE,FALSE,14313,수도권,126.887841915611,37.4534007686993,41_210
광명메디피아의원,의원,02-2060-2475,02-2060-2474,경기도,광명시,경기도 광명시 광복로 66 2층 (철산동),4,TRUE,TRUE,TRUE,TRUE,FALSE,14209,수도권,126.865633985458,37.489821110988,41_210
연세가정의학과의원,의원,02-2684-7484,02-2684-7484,경기도,광명시,경기도 광명시 광명로 892 2층 (광명동) ,0,FALSE,FALSE,FALSE,FALSE,FALSE,14262,수도권,126.854334490637,37.4785186326733,41_210
이지의원,의원,02-2686-2784,02-2686-2784,경기도,광명시,경기도 광명시 오리로 986 솔목타워 8~9층 (광명동),5,TRUE,TRUE,TRUE,TRUE,TRUE,14202,수도권,126.853859874314,37.4798551432748,41_210
강내과의원,내과의원,02-2611-3777,02-2611-3777,경기도,광명시,"경기도 광명시 오리로 941 3층 (광명동, 명성빌딩)",5,TRUE,TRUE,TRUE,TRUE,TRUE,14263,수도권,126.858282711009,37.4780192296829,41_210
광명수내과의원,내과의원,02-806-0875,805-0875,경기도,광명시,"경기도 광명시 하안로 292 2층 (하안동, 우리은행)",4,TRUE,TRUE,TRUE,TRUE,FALSE,14306,수도권,126.880639860742,37.4619402645157,41_210
이즈맘산부인과의원,의원,02-2066-3588,02-2066-3588,경기도,광명시,경기도 광명시 오리로 889 2층-6층 (철산동),1,FALSE,FALSE,FALSE,FALSE,TRUE,14250,수도권,126.863716721153,37.4763012713656,41_210
가족사랑의원,의원,02-2611-3100,02-2611-3100,경기도,광명시,"경기도 광명시 도덕로 52 3층 (광명동, 청송빌딩)",0,FALSE,FALSE,FALSE,FALSE,FALSE,14279,수도권,126.853494878079,37.4688141740868,41_210
성모길내과의원,내과의원,02-2060-5069,2060-5069,경기도,광명시,경기도 광명시 오리로 966-1 2층 (광명동),4,TRUE,TRUE,TRUE,TRUE,FALSE,14220,수도권,126.856004116765,37.4792266194765,41_210
광명허병원내과의원,내과의원,02-2611-1088,02-2611-1088,경기도,광명시,경기도 광명시 오리로 957 누가빌딩 2층 (광명동),4,TRUE,TRUE,TRUE,TRUE,FALSE,14263,수도권,126.856718079888,37.4784565844496,41_210
지엠제일산부인과의원,의원,02-890-2555,02-890-2555,경기도,광명시,경기도 광명시 광명로 896 7~10층 (광명동),2,TRUE,FALSE,FALSE,FALSE,TRUE,14262,수도권,126.854507907353,37.4788751952478,41_210
서울아산임내과의원,내과의원,02-899-7582,02-899-7582,경기도,광명시,"경기도 광명시 하안로 200 3층 301-302호 (소하동, 스페이스B/D)",4,TRUE,TRUE,TRUE,TRUE,FALSE,14313,수도권,126.886579713481,37.4550485974799,41_210
성모내과의원,내과의원,02-899-9990,02-899-9990,경기도,광명시,"경기도 광명시 오리로 358 3층 (소하동, 광명빌딩)",5,TRUE,TRUE,TRUE,TRUE,TRUE,14327,수도권,126.879642526797,37.4343195841555,41_210
왕내과의원,내과의원,02-2618-7582,02-2618-7582,경기도,광명시,"경기도 광명시 광명로 907 광명빌딩 4층, 8~10층 (광명동)",5,TRUE,TRUE,TRUE,TRUE,TRUE,14202,수도권,126.854329282994,37.4799200549355,41_210
광명방사선과의원,의원,02-2689-3542,02-2689-3542,경기도,광명시,"경기도 광명시 철산로30번길 9 프라자빌딩 2층 201,202호 (철산동) ",3,TRUE,FALSE,TRUE,FALSE,TRUE,14239,수도권,126.87016447752,37.4756068262838,41_210
서울연합내과의원,내과의원,02-2615-8100,02-2615-8100,경기도,광명시,"경기도 광명시 철산로 15 웅진빌딩 3층 3-2,4,5호 (철산동) ",5,TRUE,TRUE,TRUE,TRUE,TRUE,14236,수도권,126.867707486262,37.4764492475459,41_210
오내과의원,내과의원,02-2611-2600,02-2611-2600,경기도,광명시,"경기도 광명시 오리로 801 가상가동 3층 301호 (하안동, e편한세상센트레빌아파트)",5,TRUE,TRUE,TRUE,TRUE,TRUE,14256,수도권,126.868129550715,37.4695450122615,41_210
광명속편한내과의원,내과의원,02-2060-1088,02-2060-1088,경기도,광명시,경기도 광명시 광명로 926 2~3층 (광명동),5,TRUE,TRUE,TRUE,TRUE,TRUE,14220,수도권,126.855651118176,37.481358515204,41_210
제이메디의원,의원,02-899-6952,02-899-0055,경기도,광명시,"경기도 광명시 하안로 112 4층 (소하동, 신촌프라자)",4,TRUE,TRUE,TRUE,TRUE,FALSE,14318,수도권,126.891630335255,37.4483798030861,41_210
철산센트럴내과의원,내과의원,02-2612-3365,02-2612-3365,경기도,광명시,"경기도 광명시 오리로 857 일청빌딩 4층 402호,403호,406호 (철산동) ",5,TRUE,TRUE,TRUE,TRUE,TRUE,14250,수도권,126.866261238015,37.4748973430136,41_210
소하진내과의원,내과의원,02-897-3651,02-897-3651,경기도,광명시,"경기도 광명시 기아로 46 2층 (소하동, 기아파크빌)",4,TRUE,TRUE,TRUE,TRUE,FALSE,14327,수도권,126.884590003497,37.435968150779,41_210
서울아산박내과의원,내과의원,02-2616-9111,02-2616-9111,경기도,광명시,"경기도 광명시 오리로 870 4층 (철산동, 스타힐스빌딩)",4,TRUE,TRUE,TRUE,TRUE,FALSE,14235,수도권,126.865966594116,37.4760542654085,41_210
닥터마레산부인과의원,의원,02-898-0075,02-898-0075,경기도,광명시,경기도 광명시 소하로109번길 22 1~3층 (소하동),0,FALSE,FALSE,FALSE,FALSE,FALSE,14316,수도권,126.885490965713,37.4477884456089,41_210
서울내과의원,내과의원,02-2689-8977,02-2689-8977,경기도,광명시,경기도 광명시 광명로831번길 5 2층 (광명동) ,4,TRUE,TRUE,TRUE,TRUE,FALSE,14294,수도권,126.851011124706,37.473532900193,41_210
누가광명의원,의원,02-894-2376,02-894-2376,경기도,광명시,경기도 광명시 범안로 1045 3층 (하안동),5,TRUE,TRUE,TRUE,TRUE,TRUE,14248,수도권,126.878846941335,37.4624321942389,41_210
명내과의원,내과의원,02-2625-4541,02-2625-3535,경기도,광명시,"경기도 광명시 도덕로 40 3층 302호 (광명동, 삼보빌딩)",4,TRUE,TRUE,TRUE,TRUE,FALSE,14279,수도권,126.852243240225,37.4684278843269,41_210
파티마산부인과의원,의원,02-2687-0929,2687-0929,경기도,광명시,경기도 광명시 오리로 971 4~5층 (광명동),1,FALSE,FALSE,FALSE,FALSE,TRUE,14262,수도권,126.855199078153,37.478908300414,41_210
제일편한내과의원,내과의원,02-6265-1033,02-6265-1033,경기도,광명시,"경기도 광명시 철산로 36 4층 401호 (철산동, 알렉스타워)",4,TRUE,TRUE,TRUE,TRUE,FALSE,14237,수도권,126.870100850823,37.4763126069551,41_210
로앤산부인과의원,의원,02-2615-0022,02-2615-0021,경기도,광명시,"경기도 광명시 오리로 865 4층 (철산동, 철산빌딩)",0,FALSE,FALSE,FALSE,FALSE,FALSE,14250,수도권,126.86583385375,37.475240863855,41_210
지엠연세가정의학과의원,의원,02-2039-0780,02-2039-0780,경기도,광명시,경기도 광명시 광덕산로 33 효현빌딩 4층 (하안동),1,TRUE,FALSE,FALSE,FALSE,FALSE,14241,수도권,126.872060355795,37.4709077864798,41_210
장튼튼내과의원,내과의원,02-6952-9595,02-6952-9595,경기도,광명시,경기도 광명시 금하로 464 메이저리치안 5층 (소하동),5,TRUE,TRUE,TRUE,TRUE,TRUE,14316,수도권,126.884040346294,37.4484546823205,41_210
이상칠내과의원,내과의원,02-2066-3737,02-2066-3737,경기도,광명시,경기도 광명시 오리로 865 철산빌딩(명지빌딩) 4층 (철산동),2,TRUE,FALSE,TRUE,FALSE,FALSE,14250,수도권,126.86583385375,37.475240863855,41_210
사랑내과의원,내과의원,02-6407-8888,02-6407-8888,경기도,광명시,경기도 광명시 신기로 21 GS steel Tower 306~307호 (일직동),4,TRUE,TRUE,TRUE,TRUE,FALSE,14344,수도권,126.883729474793,37.4201707739718,41_210
광명역새빛내과의원,내과의원,02-6332-5070,02-6332-5070,경기도,광명시,경기도 광명시 새빛공원로 67 광명역자이타워 A동 325~327호 (일직동),5,TRUE,TRUE,TRUE,TRUE,TRUE,14348,수도권,126.888385454014,37.4196749262281,41_210
더조은내과의원,내과의원,02-897-5755,02-897-5755,경기도,광명시,"경기도 광명시 범안로 1059 유창빌딩 5, 10층 (하안동)",5,TRUE,TRUE,TRUE,TRUE,TRUE,14247,수도권,126.880058047172,37.4630954927753,41_210
순풍산부인과의원,의원,02-2615-3151,2615-3151,경기도,광명시,"경기도 광명시 광명로 906 7-8층 (광명동, 현대아이타워)",0,FALSE,FALSE,FALSE,FALSE,FALSE,14220,수도권,126.854896390404,37.4797435243893,41_210
삼성우리내과의원,내과의원,02-2613-7588,02-2613-7588,경기도,광명시,경기도 광명시 철산로 32 4층 (철산동),5,TRUE,TRUE,TRUE,TRUE,TRUE,14237,수도권,126.869796623164,37.4762473093475,41_210
광명선한산부인과의원,의원,02-899-3575,02-899-3575,경기도,광명시,"경기도 광명시 양지로 16 B1층 24~25호 (일직동, 광명역 써밋플레이스)",0,FALSE,FALSE,FALSE,FALSE,FALSE,14346,수도권,126.880947375247,37.4171034624346,41_210
광명삼성베스트내과의원,내과의원,02-898-9300,02-898-9300,경기도,광명시,경기도 광명시 범안로 1046 5호 (하안동),5,TRUE,TRUE,TRUE,TRUE,TRUE,14305,수도권,126.879370924841,37.4620332218274,41_210
소하연합내과의원,내과의원,02-893-7575,02-893-7575,경기도,광명시,"경기도 광명시 소하로 82 4층 403호 (소하동, 한빛프라자)",5,TRUE,TRUE,TRUE,TRUE,TRUE,14316,수도권,126.883354839664,37.4476387706729,41_210
박재정내과의원,내과의원,02-899-1239,02-899-1239,경기도,광명시,경기도 광명시 범안로 1062 천일빌딩 7층 (하안동),4,TRUE,TRUE,TRUE,TRUE,FALSE,14306,수도권,126.880733637548,37.4627482059905,41_210
중앙대학교광명소하검진센터의원,의원,-1811-7800,02-2610-9412,경기도,광명시,"경기도 광명시 소하로 190 광명G타워 331,332,333,334호 (소하동)",5,TRUE,TRUE,TRUE,TRUE,TRUE,14322,수도권,126.894198382378,37.4458355945491,41_210
광명웰니스내과의원,내과의원,02-6949-4741,02-6949-4740,경기도,광명시,경기도 광명시 철산로 16 3층 (철산동),5,TRUE,TRUE,TRUE,TRUE,TRUE,14237,수도권,126.868033484683,37.475705829032,41_210
서울영동내과의원,내과의원,02-6952-4941,02-6952-4941,경기도,광명시,경기도 광명시 광명로832번길 5 센트럴광명 304~306호 (광명동) ,5,TRUE,TRUE,TRUE,TRUE,TRUE,14273,수도권,126.852377664417,37.4734200970558,41_210
광명탑내과의원,내과의원,02-899-8275,02-899-8275,경기도,광명시,경기도 광명시 범안로 1060 남전빌딩 2층 (하안동) ,5,TRUE,TRUE,TRUE,TRUE,TRUE,14306,수도권,126.880661976949,37.462604332239,41_210
위하는내과의원,내과의원,02-6958-8758,02-6958-8758,경기도,광명시,경기도 광명시 광명로 817 백석빌딩 5층 (광명동) ,5,TRUE,TRUE,TRUE,TRUE,TRUE,14295,수도권,126.850835577252,37.4724995812807,41_210
애플산부인과의원,의원,02-6746-1000,02-6746-1000,경기도,광명시,경기도 광명시 철산로 36 양정타워 6층 (철산동) ,0,FALSE,FALSE,FALSE,FALSE,FALSE,14237,수도권,126.870100850823,37.4763126069551,41_210
광명프라임내과의원,내과의원,02-2625-1229,02-2625-1229,경기도,광명시,경기도 광명시 디지털로 19 2층 (철산동) ,5,TRUE,TRUE,TRUE,TRUE,TRUE,14240,수도권,126.869686936627,37.4740475543898,41_210
의료법인 박애의료재단 박애병원,종합병원,031-650-9446,031-652-2121,경기도,평택시,경기도 평택시 평택2로20번길 3 (평택동),3,FALSE,TRUE,TRUE,FALSE,TRUE,17909,수도권,127.089077065885,36.9930599069703,41_220
의료법인백송의료재단 굿모닝병원,종합병원,031-5182-7300,031-5182-7700,경기도,평택시,경기도 평택시 중앙로 338 (합정동) ,3,FALSE,TRUE,TRUE,FALSE,TRUE,17874,수도권,127.120457290577,36.9905768505058,41_220
의료법인 양진의료재단 평택성모병원,종합병원,070-5012-3527,1800-8800,경기도,평택시,경기도 평택시 평택로 284 (세교동),3,FALSE,TRUE,TRUE,FALSE,TRUE,17825,수도권,127.074338432243,37.0084078202862,41_220
의료법인 갈렌의료재단 박병원,종합병원,031-666-2600,031-666-2600,경기도,평택시,경기도 평택시 송탄로 33 (장당동),3,FALSE,TRUE,TRUE,FALSE,TRUE,17784,수도권,127.057003969404,37.0482639800121,41_220
성심중앙병원,병원,031-681-1119,031-681-1119,경기도,평택시,경기도 평택시 안중읍 안현로서6길 16 성심중앙병원,5,TRUE,TRUE,TRUE,TRUE,TRUE,17936,수도권,126.927665490022,36.9840590086479,41_220
의료법인백성의료재단 안중백병원,병원,031-683-9715,031-683-9117,경기도,평택시,경기도 평택시 안중읍 서동대로 1931-21 (안중백병원),3,FALSE,TRUE,TRUE,FALSE,TRUE,17817,수도권,126.95864053347,37.0034294701175,41_220
의료법인 청파의료재단 송탄중앙병원,병원,031-612-7034,031-612-7000,경기도,평택시,경기도 평택시 오좌동길 17-16 (독곡동),5,TRUE,TRUE,TRUE,TRUE,TRUE,17719,수도권,127.06387451354,37.0883839476763,41_220
서울제일병원,병원,031-615-7577,031-615-7500,경기도,평택시,경기도 평택시 지산로 70 2-7층 (지산동),5,TRUE,TRUE,TRUE,TRUE,TRUE,17763,수도권,127.062384473932,37.0797750222314,41_220
평택비전병원,병원,070-4403-9489,031-652-6200,경기도,평택시,경기도 평택시 비전4로 47 (비전동),4,TRUE,TRUE,TRUE,TRUE,FALSE,17854,수도권,127.11457539209,37.0024638955708,41_220
스마일본병원,병원,031-615-0805,1644-1090,경기도,평택시,경기도 평택시 비전5로 37 3층~6층 (비전동),1,TRUE,FALSE,FALSE,FALSE,FALSE,17854,수도권,127.114716421256,37.0015878179431,41_220
평택우리병원,병원,-1833-2433,031-653-6530,경기도,평택시,"경기도 평택시 비전5로 20-18 가로수빌딩 1~4층 1층(102호),2층~4층호 (비전동)",4,TRUE,TRUE,TRUE,TRUE,FALSE,17854,수도권,127.113577234561,36.9988772877861,41_220
송정길내과의원,내과의원,031-655-3154,031-652-7114,경기도,평택시,경기도 평택시 중앙로 8 (통복동),5,TRUE,TRUE,TRUE,TRUE,TRUE,17911,수도권,127.084013156315,36.995223314659,41_220
정동국내과의원,내과의원,031-662-8828,031-662-8828,경기도,평택시,경기도 평택시 탄현로 340 (지산동),5,TRUE,TRUE,TRUE,TRUE,TRUE,17757,수도권,127.057079363585,37.082279875085,41_220
평택미영상의학과의원,의원,031-656-0009,031-656-0009,경기도,평택시,경기도 평택시 평택2로20번길 31 2층일부층 (평택동) ,2,TRUE,FALSE,TRUE,FALSE,FALSE,17909,수도권,127.089884233969,36.9919519573526,41_220
복음내과의원,내과의원,031-656-1254,031-656-1254,경기도,평택시,경기도 평택시 중앙로 268 (합정동),4,TRUE,TRUE,TRUE,TRUE,FALSE,17902,수도권,36.989949442915496,127.11263892164679,41_220
비전의원,의원,031-651-2121,031-651-2121,경기도,평택시,경기도 평택시 경기대로 267 (비전동),3,TRUE,FALSE,TRUE,TRUE,FALSE,17885,수도권,36.99443187105462,127.11312296234095,41_220
연세가정의원,의원,031-668-6231,031-668-6231,경기도,평택시,경기도 평택시 관광특구로 37 3층 (서정동),5,TRUE,TRUE,TRUE,TRUE,TRUE,17774,수도권,127.063022970423,37.0670588598215,41_220
하나의원,의원,031-663-9798,031-663-9798,경기도,평택시,경기도 평택시 송탄로 410 (지산동) ,2,TRUE,FALSE,TRUE,FALSE,FALSE,17756,수도권,127.058076200968,37.0801343041315,41_220
지엔산부인과의원,의원,031-668-0075,1800-5575,경기도,평택시,경기도 평택시 비전5로 3 (비전동),1,FALSE,FALSE,FALSE,FALSE,TRUE,17854,수도권,127.11166455019,36.9999234565603,41_220
행림내과의원,내과의원,031-684-7533,031-684-7533,경기도,평택시,경기도 평택시 포승읍 여술2길 22,1,TRUE,FALSE,FALSE,FALSE,FALSE,17955,수도권,126.845624034429,36.9874803919512,41_220
서울내과의원,내과의원,031-618-7582,031-618-7582,경기도,평택시,경기도 평택시 평택4로 46 (합정동),5,TRUE,TRUE,TRUE,TRUE,TRUE,17905,수도권,127.100956171878,36.9918324946108,41_220
아이맘한사랑의원,의원,031-684-6384,031-684-6384,경기도,평택시,경기도 평택시 안중읍 안현로서6길 44 2층 ,0,FALSE,FALSE,FALSE,FALSE,FALSE,17932,수도권,126.924733283576,36.9848016619078,41_220
소망의원,의원,031-691-7599,031-691-7588,경기도,평택시,"경기도 평택시 팽성읍 안정쇼핑로 37-1 4층일부,5층",5,TRUE,TRUE,TRUE,TRUE,TRUE,17982,수도권,127.046199958317,36.9612787129342,41_220
안중산부인과의원,의원,031-683-7366,031-683-7366,경기도,평택시,경기도 평택시 안중읍 안중로131번길 14-15,1,FALSE,FALSE,FALSE,FALSE,TRUE,17933,수도권,36.99012169957227,126.9296419293027,41_220
재우산부인과의원,의원,031-662-0001,031-662-0001,경기도,평택시,경기도 평택시 탄현로 317 4층 (신장동) ,0,FALSE,FALSE,FALSE,FALSE,FALSE,17753,수도권,127.055273729163,37.0807429644798,41_220
이동석내과의원,내과의원,031-651-9111,031-651-9111,경기도,평택시,"경기도 평택시 세교3로 8 201호 (세교동, 현대아파트상가)",4,TRUE,TRUE,TRUE,TRUE,FALSE,17832,수도권,127.079158108266,37.0007171272153,41_220
이선미산부인과의원,의원,031-658-5591,031-658-5591,경기도,평택시,경기도 평택시 중앙로 20 (평택동),0,FALSE,FALSE,FALSE,FALSE,FALSE,17911,수도권,127.085384118883,36.9950157181452,41_220
연세제일의원,의원,031-683-2580,031-683-2580,경기도,평택시,경기도 평택시 안중읍 안중로131번길 5,2,TRUE,FALSE,TRUE,FALSE,FALSE,17933,수도권,126.93092025142,36.9891238692554,41_220
현가정의원,의원,031-654-0875,031-654-0875,경기도,평택시,경기도 평택시 평남로 722 (비전동),3,TRUE,TRUE,TRUE,FALSE,FALSE,17872,수도권,127.114358647701,36.9942705646314,41_220
평택사랑외과의원,의원,031-653-1195,031-653-1195,경기도,평택시,경기도 평택시 중앙로 80-1 (합정동),4,TRUE,TRUE,TRUE,TRUE,FALSE,17909,수도권,127.092011502303,36.9937398787218,41_220
하나로내과의원,내과의원,031-682-8217,031-682-8217,경기도,평택시,경기도 평택시 청북읍 청북남로 254 청북센터프라자 203-205호,4,TRUE,TRUE,TRUE,TRUE,FALSE,17805,수도권,126.924731675378,36.9848378844847,41_220
아주의원,의원,031-663-2041,031-663-2041,경기도,평택시,경기도 평택시 고덕갈평5길 32 그랜드메디컬타워 405호 (고덕동) ,0,FALSE,FALSE,FALSE,FALSE,FALSE,18008,수도권,127.047410159463,37.0565573646535,41_220
김두희가정의학과의원,의원,031-665-6765,031-665-6765,경기도,평택시,경기도 평택시 송탄로 220 BK프라자 2층 (서정동),0,FALSE,FALSE,FALSE,FALSE,FALSE,17776,수도권,127.058525001837,37.0634014589991,41_220
평택연세내과의원,내과의원,031-654-7582,031-654-7582,경기도,평택시,경기도 평택시 중앙로 105 (비전동),5,TRUE,TRUE,TRUE,TRUE,TRUE,17897,수도권,127.094894061462,36.9935819923642,41_220
명내과의원,내과의원,031-663-1441,031-663-1441,경기도,평택시,"경기도 평택시 이충로35번길 22 303호 (이충동, 뜨란프라자)",4,TRUE,TRUE,TRUE,TRUE,FALSE,17735,수도권,127.066716694247,37.0598126668931,41_220
그레이시 여성의원,의원,031-647-0963,031-647-0963,경기도,평택시,경기도 평택시 세교8길 30 세교디오네프라자 2층 204-205호 (세교동) ,0,FALSE,FALSE,FALSE,FALSE,FALSE,17842,수도권,127.090722217873,37.0090505223853,41_220
강남뷰베스트의원,의원,031-692-2790,031-692-2789,경기도,평택시,경기도 평택시 중앙2로 25 5층 (평택동) ,0,FALSE,FALSE,FALSE,FALSE,FALSE,17909,수도권,127.089843895641,36.9917517671735,41_220
고려웰니스의원,의원,070-8806-8282,031-684-1800,경기도,평택시,"경기도 평택시 안중읍 안현로서8길 23 동흥빌딩 3,5층",3,TRUE,TRUE,TRUE,FALSE,FALSE,17943,수도권,126.922779710752,36.9790826630317,41_220
삼성조은내과의원,내과의원,031-683-7000,031-683-7000,경기도,평택시,경기도 평택시 안중읍 안현로 429 3층 (서경타워),5,TRUE,TRUE,TRUE,TRUE,TRUE,17936,수도권,126.931630896804,36.9881856215141,41_220
라움산부인과의원,의원,-1670-9792,1670-9792,경기도,평택시,"경기도 평택시 평택5로34번길 6-1 104호, 2~4층 (합정동)",2,TRUE,FALSE,FALSE,FALSE,TRUE,17902,수도권,127.111758225279,36.9890847845665,41_220
오제호내과의원,내과의원,031-668-1675,031-668-1675,경기도,평택시,경기도 평택시 탄현로327번길 4 (신장동),4,TRUE,TRUE,TRUE,TRUE,FALSE,17753,수도권,127.05582423544,37.0816575629371,41_220
속편한내과의원,내과의원,031-656-1088,031-656-1088,경기도,평택시,경기도 평택시 평택로32번길 21 2층 (평택동),4,TRUE,TRUE,TRUE,TRUE,FALSE,17912,수도권,127.08874922854,36.991280873463,41_220
송승호내과의원,내과의원,031-611-2536,031-611-2536,경기도,평택시,경기도 평택시 서정역로 28 2층 (서정동),4,TRUE,TRUE,TRUE,TRUE,FALSE,17783,수도권,127.055987052399,37.0566773443799,41_220
내몸애항외과의원,의원,031-658-8080,031-658-8080,경기도,평택시,"경기도 평택시 중앙2로 13 5층 (평택동, 센텀스카이)",2,TRUE,FALSE,FALSE,TRUE,FALSE,17909,수도권,127.088529292549,36.9919679335424,41_220
건강드림내과의원,내과의원,031-666-8275,031-666-8275,경기도,평택시,"경기도 평택시 지산로 64 1,2,3,4,5층 (지산동) ",5,TRUE,TRUE,TRUE,TRUE,TRUE,17763,수도권,127.062060954358,37.079679678523,41_220
굿모닝내과의원,내과의원,031-654-9990,031-654-9990,경기도,평택시,경기도 평택시 중앙로 2 2층 (통복동),4,TRUE,TRUE,TRUE,TRUE,FALSE,17911,수도권,127.083523230157,36.9954093735667,41_220
이승훈내과의원,내과의원,031-656-7676,031-656-7676,경기도,평택시,경기도 평택시 중앙로 198 (합정동) ,4,TRUE,TRUE,TRUE,TRUE,FALSE,17904,수도권,127.10482497771,36.9909800505509,41_220
연세패밀리의원,의원,031-656-2377,031-656-2377,경기도,평택시,경기도 평택시 평택5로 30 (합정동),0,FALSE,FALSE,FALSE,FALSE,FALSE,17902,수도권,127.111760767543,36.9883655372149,41_220
서정성세의원,의원,031-663-0010,031-663-0010,경기도,평택시,경기도 평택시 서정북로 75 (서정동),5,TRUE,TRUE,TRUE,TRUE,TRUE,17766,수도권,127.057724637995,37.0709312993032,41_220
좋은샘가정의학과의원,의원,031-668-9411,031-668-9411,경기도,평택시,"경기도 평택시 지산로 85 2층 (독곡동, 우남빌딩)",0,FALSE,FALSE,FALSE,FALSE,FALSE,17720,수도권,127.064263873418,37.0806222861429,41_220
오앤유내과영상의학과의원,내과의원,031-665-0852,031-665-0852,경기도,평택시,"경기도 평택시 이충로35번길 20-9 2층 (이충동, 이충센타프라자)",5,TRUE,TRUE,TRUE,TRUE,TRUE,17735,수도권,127.066470485898,37.0603508358434,41_220
고윤희산부인과외과의원,의원,031-692-8005,031-692-8005,경기도,평택시,경기도 평택시 용죽2로 32-44 리더스타워 3층 303~306호호 (용이동),0,FALSE,FALSE,FALSE,FALSE,FALSE,17870,수도권,127.125519954278,36.9924365770468,41_220
평택핑크리본외과의원,의원,031-618-5570,031-618-5570,경기도,평택시,경기도 평택시 중앙2로 15 2층 (평택동),1,FALSE,FALSE,FALSE,FALSE,TRUE,17909,수도권,127.088793032463,36.9918559121193,41_220
더네이처산부인과의원,의원,031-668-3579,031-668-3579,경기도,평택시,"경기도 평택시 송탄로 260 4,5,6,7,11층 (서정동)",0,FALSE,FALSE,FALSE,FALSE,FALSE,17774,수도권,127.058916990879,37.066783349948,41_220
건강한내과의원,내과의원,031-658-2335,031-658-2335,경기도,평택시,"경기도 평택시 서동대로 3879 5층 (용이동, 제이플러스)",5,TRUE,TRUE,TRUE,TRUE,TRUE,17868,수도권,127.137851665574,36.9942774154339,41_220
연세허브가정의학과의원,의원,031-647-6090,031-647-6090,경기도,평택시,경기도 평택시 평택5로 191 3층 (비전동),4,TRUE,TRUE,TRUE,TRUE,FALSE,17887,수도권,127.102719568423,36.9965077822023,41_220
군문메디컬의원,의원,031-691-2119,691-2119,경기도,평택시,"경기도 평택시 원평로25번길 61-1 3층 (군문동, 주공플라자)",0,FALSE,FALSE,FALSE,FALSE,FALSE,17922,수도권,127.082982621915,36.9861719344163,41_220
연세제일의원,의원,031-664-7577,031-664-7577,경기도,평택시,경기도 평택시 탄현로 320 (지산동),5,TRUE,TRUE,TRUE,TRUE,TRUE,17757,수도권,127.055876589654,37.0808170202688,41_220
연세로이외과의원,의원,031-647-6772,031-647-6772,경기도,평택시,경기도 평택시 평택5로20번길 38 4-6층 (합정동),5,TRUE,TRUE,TRUE,TRUE,TRUE,17902,수도권,127.113879952708,36.9899558279621,41_220
연세원내과의원,내과의원,031-651-9866,031-651-9866,경기도,평택시,"경기도 평택시 통복로 46 2,3층 (통복동)",4,TRUE,TRUE,TRUE,TRUE,FALSE,17893,수도권,127.08336978917,36.9960385273229,41_220
평택시민의료소비자생활협동조합 시민의원,의원,031-653-3677,031-653-3677,경기도,평택시,경기도 평택시 중앙로 165 1층 (비전동) ,1,TRUE,FALSE,FALSE,FALSE,FALSE,17899,수도권,127.10135486967,36.992192858481,41_220
서울수의원,의원,031-651-0177,031-651-0177,경기도,평택시,경기도 평택시 팽성읍 부용로 27,0,FALSE,FALSE,FALSE,FALSE,FALSE,17989,수도권,127.058733129912,36.9632396196056,41_220
서울강남내과의원,내과의원,031-647-6771,031-647-6771,경기도,평택시,경기도 평택시 비전5로 11 (비전동),4,TRUE,TRUE,TRUE,TRUE,FALSE,17854,수도권,127.112613932235,37.0001231404797,41_220
로뎀나무내과의원,내과의원,031-654-1905,031-654-1905,경기도,평택시,경기도 평택시 중앙로 82-1 (합정동),4,TRUE,TRUE,TRUE,TRUE,FALSE,17909,수도권,127.092142028284,36.9937332896793,41_220
포승백내과의원,내과의원,031-8054-7727,031-8054-7727,경기도,평택시,경기도 평택시 포승읍 여술로 20 스타타워 403호,4,TRUE,TRUE,TRUE,TRUE,FALSE,17955,수도권,126.844748644396,36.9877168660446,41_220
늘푸른가정의학과의원,의원,031-655-0977,031-655-0977,경기도,평택시,"경기도 평택시 세교6로 45 220동 2층 202,203호 (세교동, 힐스테이트 평택2차)",0,FALSE,FALSE,FALSE,FALSE,FALSE,17842,수도권,127.088016181871,37.0104116598566,41_220
삼성서울내과의원,내과의원,031-666-7514,031-666-7514,경기도,평택시,경기도 평택시 송탄로 274 (서정동),4,TRUE,TRUE,TRUE,TRUE,FALSE,17774,수도권,127.059214064573,37.0680835390284,41_220
예일산부인과의원,의원,031-656-3885,031-656-3885,경기도,평택시,경기도 평택시 중앙로 146-1 (합정동),1,FALSE,FALSE,FALSE,FALSE,TRUE,17907,수도권,127.099168880019,36.9922052474562,41_220
서울아산내과의원,내과의원,031-662-9616,031-662-9616,경기도,평택시,"경기도 평택시 탄현로 58 강희프라자  4층 402,403호 (서정동)",5,TRUE,TRUE,TRUE,TRUE,TRUE,17779,수도권,127.053958613503,37.0576195458006,41_220
제이에스의원,의원,031-686-7511,031-686-7511,경기도,평택시,경기도 평택시 청북읍 안청로 332 한남프라자 401호,0,FALSE,FALSE,FALSE,FALSE,FALSE,17808,수도권,126.915928704333,37.0175201663345,41_220
메디케어의원,의원,031-681-8000,031-681-8000,경기도,평택시,"경기도 평택시 안중읍 안현로서8길 57 붐붐프라자 209,301,302호 ",5,TRUE,TRUE,TRUE,TRUE,TRUE,17944,수도권,126.919416463803,36.9790858343848,41_220
서울탑내과의원,내과의원,031-657-7582,031-657-7582,경기도,평택시,"경기도 평택시 용죽2로 32-44 5층 502,503,504,505호 (용이동)",5,TRUE,TRUE,TRUE,TRUE,TRUE,17870,수도권,127.125519954278,36.9924365770468,41_220
이정래산부인과의원,의원,031-8054-0015,031-8054-0015,경기도,평택시,경기도 평택시 비전5로 20-26 로데오1103더테라스 301호 (비전동),0,FALSE,FALSE,FALSE,FALSE,FALSE,17854,수도권,127.114614564247,36.9988462846633,41_220
서울아산연합의원,의원,070-4647-2782,070-4647-2782,경기도,평택시,경기도 평택시 이충로35번길 24 보람플러스2 4층 403호 (이충동),0,FALSE,FALSE,FALSE,FALSE,FALSE,17735,수도권,127.066492230495,37.0596292443199,41_220
우리든든내과의원,내과의원,031-616-7070,031-616-7070,경기도,평택시,"경기도 평택시 세교8길 30 세교디오네프라자 5층 506호, 507호 (세교동)",4,TRUE,TRUE,TRUE,TRUE,FALSE,17842,수도권,127.090722217873,37.0090505223853,41_220
비전조은내과의원,내과의원,031-653-7975,031-653-7975,경기도,평택시,경기도 평택시 평남로 941 우성메디피아 5층 (비전동),4,TRUE,TRUE,TRUE,TRUE,FALSE,17852,수도권,127.104180260646,37.0046158858589,41_220
성모유외과의원,의원,031-8054-7511,031-8054-7511,경기도,평택시,경기도 평택시 비전2로 194 소사벌 어반테라스 2층 (비전동),5,TRUE,TRUE,TRUE,TRUE,TRUE,17854,수도권,127.112115500076,37.0007641012927,41_220
서울유산부인과의원,의원,031-647-6439,031-647-6439,경기도,평택시,경기도 평택시 지제동삭2로 181-26 Adriamedi Tower 4층 (동삭동),1,FALSE,FALSE,FALSE,FALSE,TRUE,18029,수도권,127.094136762491,37.0172352569289,41_220
포승튼튼의원,의원,031-8054-8811,031-8054-8575,경기도,평택시,"경기도 평택시 포승읍 여술로 20 401, 402호 ",1,TRUE,FALSE,FALSE,FALSE,FALSE,17955,수도권,126.844748644396,36.9877168660446,41_220
고덕연세내과의원,내과의원,031-647-4100,031-647-4100,경기도,평택시,"경기도 평택시 고덕중앙로 200-4 우성고덕타워 801,803-807호 (고덕동) ",5,TRUE,TRUE,TRUE,TRUE,TRUE,18014,수도권,127.044209743925,37.047773305463,41_220
평택베스트내과의원,내과의원,031-8054-7570,031-8054-7570,경기도,평택시,경기도 평택시 동삭로 384 2층 (동삭동) ,5,TRUE,TRUE,TRUE,TRUE,TRUE,18031,수도권,127.096960201263,37.0201746469115,41_220
중앙의원,의원,031-666-3369,031-663-3369,경기도,평택시,경기도 평택시 탄현로 317 (신장동) ,5,TRUE,TRUE,TRUE,TRUE,TRUE,17753,수도권,127.055273729163,37.0807429644798,41_220
365그린가족의원,의원,031-654-7585,031-654-7585,경기도,평택시,"경기도 평택시 지제동삭1로 41 130동 2층 34, 35호, 1층 15호 (지제동, 지제역 더샵 센트럴시티) ",1,TRUE,FALSE,FALSE,FALSE,FALSE,17840,수도권,127.072796037236,37.0209415370776,41_220
성모사랑내과의원,내과의원,031-8054-7579,031-8054-7579,경기도,평택시,"경기도 평택시 지제동삭2로 181-26 Adriamedi Tower 3층 303,304호 (동삭동) ",5,TRUE,TRUE,TRUE,TRUE,TRUE,18029,수도권,127.094136762491,37.0172352569289,41_220
서울더블유내과평택고덕점의원,내과의원,031-647-4030,031-647-4030,경기도,평택시,"경기도 평택시 고덕갈평6길 29 삼성메디컬타워 503,504,505,506,507,508호 (고덕동) ",5,TRUE,TRUE,TRUE,TRUE,TRUE,18008,수도권,127.047438154389,37.0572802848504,41_220
고덕타임내과의원,내과의원,031-668-7582,031-668-7582,경기도,평택시,"경기도 평택시 고덕로 250 301,302,303호 (고덕동) ",5,TRUE,TRUE,TRUE,TRUE,TRUE,18022,수도권,127.028330660423,37.0363056605908,41_220
연세바른내과의원,내과의원,031-8054-7591,031-8054-7591,경기도,평택시,"경기도 평택시 세교7길 52 2,3층 (세교동) ",5,TRUE,TRUE,TRUE,TRUE,TRUE,17842,수도권,127.089500531591,37.0064487678111,41_220
지제성모내과의원,내과의원,031-647-0810,031-647-0810,경기도,평택시,경기도 평택시 영신2길 19 3층 (세교동) ,4,TRUE,TRUE,TRUE,TRUE,FALSE,18026,수도권,127.083468816542,37.0213686502074,41_220
속편한주내과의원,내과의원,031-615-4455,031-615-4455,경기도,평택시,경기도 평택시 고덕로 246 6층 (고덕동) ,5,TRUE,TRUE,TRUE,TRUE,TRUE,18022,수도권,127.027893771668,37.0360075076562,41_220
모산이음산부인과의원,의원,031-616-0100,031-616-0100,경기도,평택시,경기도 평택시 지제동삭1로 208 3층 (동삭동) ,1,FALSE,FALSE,FALSE,FALSE,TRUE,18029,수도권,127.088900271339,37.0171024210414,41_220
아라온여성의원,의원,031-8054-7988,031-8054-7988,경기도,평택시,"경기도 평택시 고덕중앙로 200-4 우성고덕타워 510,511,512호 (고덕동) ",0,FALSE,FALSE,FALSE,FALSE,FALSE,18014,수도권,127.044209743925,37.047773305463,41_220
삼성성모연합의원,의원,031-652-6114,031-652-6114,경기도,평택시,"경기도 평택시 비전4로 142 3층 301, 302호 (비전동) ",4,TRUE,TRUE,TRUE,TRUE,FALSE,17846,수도권,127.107223378656,37.0087498582236,41_220
송탄오케이의원,의원,031-615-4655,031-615-4655,경기도,평택시,경기도 평택시 탄현로 341 2층 (신장동) ,5,TRUE,TRUE,TRUE,TRUE,TRUE,17753,수도권,127.056569528928,37.0826992068803,41_220
더365의원,의원,031-665-9011,031-665-9011,경기도,평택시,경기도 평택시 고덕로3길 22 2~5층 (고덕동) ,1,TRUE,FALSE,FALSE,FALSE,FALSE,18020,수도권,127.026579883951,37.0370982924019,41_220
동두천중앙성모병원,병원,031-863-9009,031-863-0550,경기도,동두천시,경기도 동두천시 동광로 53 (생연동) ,5,TRUE,TRUE,TRUE,TRUE,TRUE,11326,수도권,127.054019485887,37.9088687786049,41_250
한강연세병원,병원,-1833-4113,031-982-8270,경기도,동두천시,경기도 동두천시 평화로2169번길 24 (송내동) ,4,TRUE,TRUE,TRUE,TRUE,FALSE,11354,수도권,127.053395367173,37.8815502338967,41_250
재)서울의원,의원,031-865-2380,031-865-2380,경기도,동두천시,경기도 동두천시 중앙로 309 (생연동),4,TRUE,TRUE,TRUE,TRUE,FALSE,11326,수도권,127.05447237468,37.9091389429813,41_250
제일산부인과의원,의원,031-865-3360,031-865-3360,경기도,동두천시,경기도 동두천시 동두천로 216 (생연동),0,FALSE,FALSE,FALSE,FALSE,FALSE,11333,수도권,127.055806884132,37.9008239562685,41_250
염산부인과의원,의원,031-862-7778,031-862-7778,경기도,동두천시,경기도 동두천시 동두천로 307 (생연동),0,FALSE,FALSE,FALSE,FALSE,FALSE,11325,수도권,127.055993411183,37.9090047994955,41_250
이영길내과의원,내과의원,031-868-1050,031-868-4670,경기도,동두천시,경기도 동두천시 중앙로 267 2층 (생연동) ,5,TRUE,TRUE,TRUE,TRUE,TRUE,11328,수도권,127.053729246594,37.9053667632574,41_250
해성산부인과의원,의원,031-868-5858,031-868-0868,경기도,동두천시,경기도 동두천시 정장로 34 (생연동),5,TRUE,TRUE,TRUE,TRUE,TRUE,11330,수도권,127.054496029128,37.9040540055754,41_250
이은종내과의원,내과의원,031-862-8700,031-862-8700,경기도,동두천시,"경기도 동두천시 중앙로 112 502호 (지행동, 메인프라자)",5,TRUE,TRUE,TRUE,TRUE,TRUE,11350,수도권,127.052490657896,37.8914710563572,41_250
서울행복의원,의원,031-859-7582,031-859-7582,경기도,동두천시,경기도 동두천시 지행로 51 4층 (지행동),1,TRUE,FALSE,FALSE,FALSE,FALSE,11346,수도권,127.053029039643,37.8926915067561,41_250
속내과의원,내과의원,031-868-6080,031-868-6080,경기도,동두천시,"경기도 동두천시 지행로 56 504,505호 (지행동)",5,TRUE,TRUE,TRUE,TRUE,TRUE,11350,수도권,127.053373065215,37.8920709599141,41_250
수가정의학과의원,의원,031-858-9998,031-858-9998,경기도,동두천시,경기도 동두천시 삼육사로 1007 2층 (생연동),0,FALSE,FALSE,FALSE,FALSE,FALSE,11318,수도권,127.06177873789,37.8994403657955,41_250
지행탑내과의원,내과의원,031-857-5656,031-857-5656,경기도,동두천시,"경기도 동두천시 지행로 59 3층 (지행동, M클리닉센터)",5,TRUE,TRUE,TRUE,TRUE,TRUE,11346,수도권,127.053781651702,37.8926912554081,41_250
성모바른내과의원,내과의원,031-866-1598,031-866-1598,경기도,동두천시,경기도 동두천시 지행로 49 청솔프라자 2층 (지행동),5,TRUE,TRUE,TRUE,TRUE,TRUE,11346,수도권,127.052804284894,37.8926995361128,41_250
근로복지공단안산병원,종합병원,031-500-1182,031-500-1114,경기도,안산시,경기도 안산시 상록구 구룡로 87 근로복지공단안산병원 (일동) ,4,FALSE,TRUE,TRUE,TRUE,TRUE,15324,수도권,126.873990788039,37.3167867532789,41_271
의료법인칠석의료재단사랑의병원,종합병원,031-439-3000,031-439-3000,경기도,안산시,경기도 안산시 상록구 예술광장로 69 사랑의병원(593-4번지/593-5번지) (성포동),5,TRUE,TRUE,TRUE,TRUE,TRUE,15291,수도권,126.844934108764,37.3269253519698,41_271
동안산병원,병원,031-410-1116,031-410-1116,경기도,안산시,경기도 안산시 상록구 월피로 88 (월피동),5,TRUE,TRUE,TRUE,TRUE,TRUE,15274,수도권,126.853026681325,37.335912833667,41_271
기둥병원,병원,031-418-8275,031-418-8275,경기도,안산시,"경기도 안산시 상록구 상록수로 34 뉴라성관광호텔 2층 일부, 3 층 (본오동)",5,TRUE,TRUE,TRUE,TRUE,TRUE,15532,수도권,126.863767865958,37.3021010869624,41_271
의료법인서전의료재단한사랑병원,병원,031-416-3119,031-501-7777,경기도,안산시,경기도 안산시 상록구 광덕1로 345 (이동),5,TRUE,TRUE,TRUE,TRUE,TRUE,15494,수도권,126.848436023935,37.3070802173209,41_271
안산튼튼병원,병원,031-8040-8100,031-8040-8100,경기도,안산시,"경기도 안산시 상록구 도매시장로 4 (이동, 광덕빌딩)",3,TRUE,TRUE,TRUE,FALSE,FALSE,15512,수도권,126.856943958547,37.3078554255903,41_271
김성봉내과의원,내과의원,031-409-2020,031-409-2020,경기도,안산시,"경기도 안산시 상록구 용신로 393 210,304호 (본오동, 청암빌딩)",5,TRUE,TRUE,TRUE,TRUE,TRUE,15532,수도권,126.865915366329,37.3018861195012,41_271
정가정의원,의원,031-409-8248,031-409-8248,경기도,안산시,"경기도 안산시 상록구 샘골로 143 2층 (본오동, 청원빌딩)",3,TRUE,TRUE,TRUE,FALSE,FALSE,15540,수도권,126.862822906194,37.2966270121959,41_271
제일성모의원,의원,031-520-5288,031-520-5288,경기도,안산시,경기도 안산시 상록구 석호로 296 1층 (본오동),3,TRUE,TRUE,TRUE,FALSE,FALSE,15551,수도권,126.863414188475,37.2933463904598,41_271
명성의원,의원,031-407-4406,031-407-4406,경기도,안산시,경기도 안산시 상록구 안산대학로 108 2층 (일동),0,FALSE,FALSE,FALSE,FALSE,FALSE,15325,수도권,126.869903476544,37.3096759649736,41_271
지성메디칼의원,의원,031-418-7723,031-418-7723,경기도,안산시,"경기도 안산시 상록구 샘골로 190 2층 (본오동, 국제프라자)",5,TRUE,TRUE,TRUE,TRUE,TRUE,15538,수도권,126.863574915021,37.3007067821457,41_271
이화산부인과의원,의원,031-408-6420,031-408-6420,경기도,안산시,경기도 안산시 상록구 샘골로 141 202~203호 (본오동),0,FALSE,FALSE,FALSE,FALSE,FALSE,15540,수도권,126.862828235519,37.2964250059856,41_271
행복한여성의원,의원,031-438-3501,031-438-3501,경기도,안산시,경기도 안산시 상록구 샘골로 187 2층 (본오동),0,FALSE,FALSE,FALSE,FALSE,FALSE,15539,수도권,126.86301349801,37.3004905157828,41_271
양세의원,의원,031-416-2776,031-416-2776,경기도,안산시,"경기도 안산시 상록구 석호로 184 (사동, 1,2층 각일부) ",4,TRUE,TRUE,TRUE,TRUE,FALSE,15589,수도권,126.851730945337,37.2960310266943,41_271
연세성모의원,의원,031-502-7575,031-502-7575,경기도,안산시,"경기도 안산시 상록구 부곡로 130 (부곡동, 연세성모의원)",0,FALSE,FALSE,FALSE,FALSE,FALSE,15304,수도권,126.86390535506,37.3333273648954,41_271
서울성모의원,의원,031-407-1175,031-407-1175,경기도,안산시,경기도 안산시 상록구 구룡로 15 2층 (일동),0,FALSE,FALSE,FALSE,FALSE,FALSE,15324,수도권,126.867388195746,37.3119769378621,41_271
안산의료복지사회적협동조합 새안산의원,의원,031-411-3323,031-405-8333,경기도,안산시,경기도 안산시 상록구 예술광장로 31 파크프라자 604~609호 (월피동),5,TRUE,TRUE,TRUE,TRUE,TRUE,15288,수도권,126.847596285765,37.3286198669416,41_271
B.M산부인과의원,의원,031-501-0660,031-501-0660,경기도,안산시,"경기도 안산시 상록구 광덕1로 376 4층 (이동, 한대빌딩)",1,FALSE,FALSE,FALSE,FALSE,TRUE,15495,수도권,126.851465547237,37.3079124697289,41_271
현대내과의원,내과의원,031-407-2020,031-407-2020,경기도,안산시,"경기도 안산시 상록구 샘골로 172 203호 (본오동, 윤창빌딩)",3,TRUE,TRUE,TRUE,FALSE,FALSE,15538,수도권,126.863475226217,37.2991992339657,41_271
스마일내과의원,내과의원,031-409-0900,031-409-0900,경기도,안산시,"경기도 안산시 상록구 광덕1로 366 304~305호 (이동, 로진메디칼)",4,TRUE,TRUE,TRUE,TRUE,FALSE,15495,수도권,126.850546527269,37.3073569961612,41_271
연세가정의학과의원,의원,031-419-7286,031-419-7286,경기도,안산시,경기도 안산시 상록구 본삼로 38 월드아파트상가3동 202호 (본오동),4,TRUE,TRUE,TRUE,TRUE,FALSE,15538,수도권,126.864141250438,37.3006986935532,41_271
서울내과의원,내과의원,031-417-7582,031-417-7582,경기도,안산시,"경기도 안산시 상록구 상록수로 54 402호 (본오동, 대동빌딩)",4,TRUE,TRUE,TRUE,TRUE,FALSE,15532,수도권,126.865930395807,37.3021879834892,41_271
사랑드림내과의원,내과의원,031-438-8275,031-438-8275,경기도,안산시,경기도 안산시 상록구 도매시장로 41 (이동),2,TRUE,FALSE,TRUE,FALSE,FALSE,15508,수도권,37.31026851967221,126.8593775480203,41_271
희망의원,의원,031-406-5556,031-406-5556,경기도,안산시,경기도 안산시 상록구 반석로 77 1층 (본오동),0,FALSE,FALSE,FALSE,FALSE,FALSE,15536,수도권,126.868392021525,37.2967930895662,41_271
하나의원,의원,031-481-8282,031-481-8282,경기도,안산시,"경기도 안산시 상록구 광덕산2로 22 114,118호 (월피동, 은성빌딩)",3,TRUE,TRUE,FALSE,TRUE,FALSE,15258,수도권,126.84529600685,37.3353185695145,41_271
진내과의원,내과의원,031-419-0095,031-419-0095,경기도,안산시,"경기도 안산시 상록구 샘골로 140 201,202,204호 (본오동, 경남빌딩)",5,TRUE,TRUE,TRUE,TRUE,TRUE,15541,수도권,126.863323387396,37.2962214940293,41_271
연세조내과의원,내과의원,031-437-1119,031-437-1119,경기도,안산시,"경기도 안산시 상록구 샘골로 147 (본오동, 대산빌딩)",4,TRUE,TRUE,TRUE,TRUE,FALSE,15539,수도권,126.862848301854,37.2969891681853,41_271
한솔가정의학과의원,의원,031-415-0603,031-415-0603,경기도,안산시,경기도 안산시 상록구 샘골로 38 2층 (본오동),0,FALSE,FALSE,FALSE,FALSE,FALSE,15567,수도권,126.86403839457,37.2873454787445,41_271
365열린의원,의원,031-405-0365,031-405-0365,경기도,안산시,경기도 안산시 상록구 시낭북로4길 1 2층 (부곡동),1,TRUE,FALSE,FALSE,FALSE,FALSE,15276,수도권,126.858166414886,37.3352751402672,41_271
위내과의원,내과의원,031-419-8275,031-419-8275,경기도,안산시,경기도 안산시 상록구 본오로 124 2층 (본오동),4,TRUE,TRUE,TRUE,TRUE,FALSE,15542,수도권,126.866838691329,37.2960596203481,41_271
다솜의원,의원,031-401-7815,031-401-7815,경기도,안산시,경기도 안산시 상록구 화랑로 501 예술프라자 302호 (성포동),0,FALSE,FALSE,FALSE,FALSE,FALSE,15296,수도권,126.843990325285,37.3209044057663,41_271
강남수내과의원,내과의원,031-406-7585,031-406-7585,경기도,안산시,경기도 안산시 상록구 석호로 288 (본오동),4,TRUE,TRUE,TRUE,TRUE,FALSE,15552,수도권,126.862545292077,37.2933702532113,41_271
안산무지개연합의원,의원,031-405-9011,031-405-9011,경기도,안산시,"경기도 안산시 상록구 항가울로 410 (성포동, 롯데마트)",1,TRUE,FALSE,FALSE,FALSE,FALSE,15299,수도권,126.84629935525,37.3168386331086,41_271
한사랑의원,의원,031-501-2202,031-501-2202,경기도,안산시,경기도 안산시 상록구 본오로 70 2층 (본오동) ,0,FALSE,FALSE,FALSE,FALSE,FALSE,15561,수도권,126.86661400989,37.2912781947763,41_271
편한내과의원,내과의원,031-505-2222,031-505-2222,경기도,안산시,"경기도 안산시 상록구 용신로 394 502호 (본오동, 서해프라자)",4,TRUE,TRUE,TRUE,TRUE,FALSE,15537,수도권,126.86588638955,37.3013718655561,41_271
마음속내과의원,내과의원,031-502-7766,031-502-7766,경기도,안산시,"경기도 안산시 상록구 용신로 382 2층 (본오동, 상경빌딩)",5,TRUE,TRUE,TRUE,TRUE,TRUE,15537,수도권,126.864354158891,37.3014117472142,41_271
미즈피아산부인과의원,의원,031-407-0077,031-407-0077,경기도,안산시,경기도 안산시 상록구 샘골로 112 (본오동),2,TRUE,FALSE,FALSE,FALSE,TRUE,15541,수도권,126.863213236809,37.2937706369147,41_271
안산의료복지사회적협동조합새안산상록의원,의원,031-401-7577,031-401-7577,경기도,안산시,경기도 안산시 상록구 석호로 292 2층 (본오동),2,TRUE,TRUE,FALSE,FALSE,FALSE,15551,수도권,126.863119396471,37.2933389317192,41_271
마성호내과의원,내과의원,031-416-5537,031-416-5537,경기도,안산시,경기도 안산시 상록구 고목로3길 25 2층 (본오동),3,TRUE,TRUE,TRUE,FALSE,FALSE,15573,수도권,126.859489714612,37.285024048261,41_271
베스트원의원,의원,031-407-5114,031-407-5114,경기도,안산시,경기도 안산시 상록구 본오로 55 (본오동),3,TRUE,FALSE,TRUE,TRUE,FALSE,15562,수도권,126.866090331703,37.290037956163,41_271
수가정의학과의원,의원,031-503-8010,031-503-8010,경기도,안산시,경기도 안산시 상록구 광덕산3로 43 1층 (월피동),4,TRUE,TRUE,TRUE,FALSE,TRUE,15259,수도권,37.33484147298738,126.84633241839138,41_271
365 속시원한 가정의학과 의원,의원,031-406-3677,031-406-3677,경기도,안산시,경기도 안산시 상록구 도매시장로 32 2층일부~3층 (이동),4,TRUE,TRUE,TRUE,TRUE,FALSE,15510,수도권,126.859150992668,37.3095661642054,41_271
유호여성의원,의원,031-439-5700,031-439-5700,경기도,안산시,경기도 안산시 상록구 예술광장로 35 에스엘타운 403호 (월피동),0,FALSE,FALSE,FALSE,FALSE,FALSE,15288,수도권,126.847704364242,37.3281799423207,41_271
365장편한호내과의원,내과의원,031-502-0365,031-502-0365,경기도,안산시,"경기도 안산시 상록구 샘골로 150 동성빌딩 202,203호 (본오동)",4,TRUE,TRUE,TRUE,TRUE,FALSE,15538,수도권,126.863374491095,37.2972122426545,41_271
우리예담의료소비자생활협동조합 한국의원,의원,031-418-8272,031-418-8272,경기도,안산시,경기도 안산시 상록구 각골로 76 2~4층 (본오동) ,1,TRUE,FALSE,FALSE,FALSE,FALSE,15544,수도권,126.872942279015,37.2961450805177,41_271
안산탑내과의원,내과의원,031-407-7575,031-407-7575,경기도,안산시,경기도 안산시 상록구 해양4로 26 2층 201~204호 (사동) ,5,TRUE,TRUE,TRUE,TRUE,TRUE,15596,수도권,126.829060125779,37.2841647022601,41_271
고려대학교의과대학부속안산병원,종합병원,031-412-5114,031-1577-7516,경기도,안산시,경기도 안산시 단원구 적금로 123 (고잔동),4,FALSE,TRUE,TRUE,TRUE,TRUE,15355,수도권,126.824999466436,37.3188584497967,41_273
대아의료재단한도병원,종합병원,031-8040-1114,031-8040-1114,경기도,안산시,경기도 안산시 단원구 선부광장로 103 (선부동),4,FALSE,TRUE,TRUE,TRUE,TRUE,15367,수도권,126.807619436023,37.3340551147876,41_273
의료법인 플러스의료재단 단원병원,종합병원,031-8040-5758,031-8040-6600,경기도,안산시,경기도 안산시 단원구 원포공원1로 20 동의성단원병원 (초지동),5,TRUE,TRUE,TRUE,TRUE,TRUE,15457,수도권,126.813498281546,37.3002272326294,41_273
세창의료재단우성여성병원,병원,031-412-3005,031-412-3000,경기도,안산시,경기도 안산시 단원구 고잔로 58-10 (고잔동),2,TRUE,FALSE,FALSE,FALSE,TRUE,15359,수도권,126.831994594886,37.318457086345,41_273
박진영병원,병원,031-405-2200,031-405-2200,경기도,안산시,"경기도 안산시 단원구 광덕대로 181 BYC안산고잔동빌딩 2,6,7층 일부층 507,508,602호 (고잔동) ",4,TRUE,TRUE,TRUE,TRUE,FALSE,15461,수도권,126.82929356855,37.3128036522897,41_273
에이스병원,병원,-1800-7575,,경기도,안산시,경기도 안산시 단원구 광덕대로 244 2~13층 (고잔동) ,5,TRUE,TRUE,TRUE,TRUE,TRUE,15359,수도권,126.831430039113,37.3184154666754,41_273
온누리병원,병원,031-412-2200,031-412-2200,경기도,안산시,경기도 안산시 단원구 선부로 201 (선부동),5,TRUE,TRUE,TRUE,TRUE,TRUE,15217,수도권,126.817515420623,37.3419336270401,41_273
제이케이병원,병원,031-364-8858,031-364-8858,경기도,안산시,"경기도 안산시 단원구 예술대학로4길 10 지하1, 1~3층 (고잔동, 지디스요양원)",1,TRUE,FALSE,FALSE,FALSE,FALSE,15261,수도권,126.839939775278,37.3308289070607,41_273
한빛여성병원,병원,031-410-3316,031-410-3316,경기도,안산시,경기도 안산시 단원구 광덕동로 53 (고잔동),1,FALSE,FALSE,FALSE,FALSE,TRUE,15477,수도권,126.832274651473,37.3091447613882,41_273
안산21세기병원,병원,031-482-0114,031-482-0114,경기도,안산시,경기도 안산시 단원구 보화로 50 (고잔동),4,TRUE,TRUE,TRUE,TRUE,FALSE,15272,수도권,126.831705559522,37.330649078774,41_273
고든병원,병원,-1577-7870,1577-7870,경기도,안산시,"경기도 안산시 단원구 고잔로 76 영풍빌딩 408일부,501~502,505,505-1,506호 (고잔동) ",2,TRUE,FALSE,TRUE,FALSE,FALSE,15360,수도권,126.834874308865,37.3188413756734,41_273
이용주산부인과의원,의원,031-494-3715,031-494-9856,경기도,안산시,경기도 안산시 단원구 화랑로 71 2층 (원곡동),0,FALSE,FALSE,FALSE,FALSE,FALSE,15374,수도권,126.797596311775,37.3285380526239,41_273
안산서해의원,의원,031-491-8008,031-491-8008,경기도,안산시,"경기도 안산시 단원구 화랑로 65-1 (원곡동, (지하 1층~3층))",3,FALSE,TRUE,TRUE,FALSE,TRUE,15374,수도권,126.797292518453,37.3288085626223,41_273
김태준내과의원,내과의원,031-483-7575,031-483-7575,경기도,안산시,"경기도 안산시 단원구 원선로 50 406호 (원곡동, 벽산상가)",4,TRUE,TRUE,TRUE,TRUE,FALSE,15381,수도권,126.798319946067,37.3282264503611,41_273
강남의원,의원,031-491-6666,031-491-6666,경기도,안산시,"경기도 안산시 단원구 원선1로 38 상가동 206~210호 (초지동,  )",4,TRUE,TRUE,TRUE,TRUE,FALSE,15387,수도권,126.803777208185,37.326166138141,41_273
메이퀸이지은산부인과의원,의원,031-401-7777,031-401-7777,경기도,안산시,"경기도 안산시 단원구 선부광장1로 10 동양빌딩 501,502,503호 (선부동) ",1,FALSE,FALSE,FALSE,FALSE,TRUE,15240,수도권,126.807211486801,37.3355246614227,41_273
고광섭내과의원,내과의원,031-403-1482,031-403-1482,경기도,안산시,경기도 안산시 단원구 화랑로 358 206호 (고잔동),4,TRUE,TRUE,TRUE,TRUE,FALSE,15354,수도권,126.827490207137,37.3210004375317,41_273
김영준내과의원,내과의원,031-483-3175,031-483-3175,경기도,안산시,"경기도 안산시 단원구 선부광장1로 62 308호 (선부동, 동원빌딩)",3,TRUE,TRUE,TRUE,FALSE,FALSE,15239,수도권,126.811301931822,37.3362833455949,41_273
정우산부인과의원,의원,031-411-0311,031-411-0311,경기도,안산시,"경기도 안산시 단원구 중앙대로 907 안산종합상가 1동 3층 1305, 1306호 일부호 (고잔동)",0,FALSE,FALSE,FALSE,FALSE,FALSE,15361,수도권,126.837716184417,37.3171085661508,41_273
고려메디웰의원,의원,031-475-2727,031-475-2727,경기도,안산시,경기도 안산시 단원구 광덕대로 198 하이마트 안산점 3층 (고잔동) ,5,TRUE,TRUE,TRUE,TRUE,TRUE,15462,수도권,126.831071571143,37.3141522577774,41_273
삼성드림의원,의원,031-403-8575,031-403-8575,경기도,안산시,"경기도 안산시 단원구 화정천동로4길 24 (와동, 진목공)",1,TRUE,FALSE,FALSE,FALSE,FALSE,15249,수도권,126.82113585402,37.3445388947458,41_273
내마음내과의원,내과의원,031-480-6870,031-480-6870,경기도,안산시,"경기도 안산시 단원구 예술대학로 17 504호,505호 (고잔동, 중앙노블레스)",5,TRUE,TRUE,TRUE,TRUE,TRUE,15360,수도권,126.836518384424,37.3186915641078,41_273
배현미산부인과의원,의원,031-401-9186,031-401-9186,경기도,안산시,"경기도 안산시 단원구 예술대학로 20 202호 (고잔동, 전원빌딩)",0,FALSE,FALSE,FALSE,FALSE,FALSE,15361,수도권,126.837250987528,37.3187588899763,41_273
대한산업보건협회부설안산성모의원,의원,031-498-1063,031-498-1063,경기도,안산시,경기도 안산시 단원구 신길로1길 86 (신길동),0,FALSE,FALSE,FALSE,FALSE,FALSE,15402,수도권,126.786931909602,37.330568542973,41_273
열린산부인과의원,의원,031-405-3572,031-405-3572,경기도,안산시,"경기도 안산시 단원구 선부광장1로 22 3층,4층 (선부동, 한우리크리닉센타)",0,FALSE,FALSE,FALSE,FALSE,FALSE,15240,수도권,126.807743938735,37.3359875759508,41_273
연세의원,의원,031-487-9191,031-487-9191,경기도,안산시,"경기도 안산시 단원구 중앙대로 915 516~517호 (고잔동, 월드코아빌딩)",0,FALSE,FALSE,FALSE,FALSE,FALSE,15361,수도권,126.838270058955,37.3171830289428,41_273
미모산부인과의원,의원,031-402-3361,031-402-3361,경기도,안산시,"경기도 안산시 단원구 고잔로 76 303호 (고잔동, 영풍맘모스프라자)",0,FALSE,FALSE,FALSE,FALSE,FALSE,15360,수도권,126.834874308865,37.3188413756734,41_273
속편한내과의원,내과의원,031-413-0852,031-413-0852,경기도,안산시,"경기도 안산시 단원구 고잔로 54 402호-405호 (고잔동, 에이스타워)",4,TRUE,TRUE,TRUE,TRUE,FALSE,15359,수도권,126.832116125042,37.3190539227342,41_273
선부연세내과의원,내과의원,031-410-5080,031-410-5080,경기도,안산시,"경기도 안산시 단원구 선부로 183 3층 305-1,306~307호 (선부동, 화성프라자)",5,TRUE,TRUE,TRUE,TRUE,TRUE,15217,수도권,126.815421652722,37.3419897567585,41_273
필미즈의원,의원,031-484-7447,031-484-7447,경기도,안산시,경기도 안산시 단원구 선부광장1로 56 303호 (선부동),0,FALSE,FALSE,FALSE,FALSE,FALSE,15239,수도권,126.810722261529,37.3365953473085,41_273
한사랑내과의원,내과의원,031-411-1475,031-411-1475,경기도,안산시,경기도 안산시 단원구 선부로 223 2층 (와동),4,TRUE,TRUE,TRUE,TRUE,FALSE,15251,수도권,126.819956307904,37.341692647341,41_273
더베스트내과의원,내과의원,031-487-1119,031-487-1119,경기도,안산시,"경기도 안산시 단원구 광덕대로 154 로데오타운 A동 202,205,216-1,217,218,220~222호 (고잔동)",5,TRUE,TRUE,TRUE,TRUE,TRUE,15470,수도권,126.83073462084,37.3101707387957,41_273
이정선내과의원,내과의원,031-483-9090,031-483-9090,경기도,안산시,"경기도 안산시 단원구 라성로 48 302호 (원곡동, 보성상가)",4,TRUE,TRUE,TRUE,TRUE,FALSE,15382,수도권,126.801408984026,37.3279500130247,41_273
건강한미래항외과의원,의원,031-414-8275,031-414-8275,경기도,안산시,경기도 안산시 단원구 광덕2로 185 금성센터빌딩 201~203호 (고잔동),5,TRUE,TRUE,TRUE,TRUE,TRUE,15470,수도권,126.831369363383,37.3099220585195,41_273
조은맘산부인과의원,의원,031-439-8888,031-439-8888,경기도,안산시,"경기도 안산시 단원구 초지로 90 5층 (초지동, 태영프라자)",0,FALSE,FALSE,FALSE,FALSE,FALSE,15448,수도권,126.815113845871,37.3067379424123,41_273
서울가정의원,의원,031-401-1275,031-401-1275,경기도,안산시,경기도 안산시 단원구 화정로 95 2층 (와동),0,FALSE,FALSE,FALSE,FALSE,FALSE,15330,수도권,126.822215250019,37.3329830150327,41_273
참조은내과의원,내과의원,031-439-7275,031-439-7275,경기도,안산시,"경기도 안산시 단원구 원포공원1로 35 305호 (초지동, 제일프라자)",4,TRUE,TRUE,TRUE,TRUE,FALSE,15455,수도권,126.812480684929,37.3018660494573,41_273
우리들내과의원,내과의원,031-413-3877,031-413-3723,경기도,안산시,경기도 안산시 단원구 선부광장1로 38 상록타운 204호 (선부동) ,5,TRUE,TRUE,TRUE,TRUE,TRUE,15240,수도권,126.809391386818,37.3366370007281,41_273
참내과의원,내과의원,031-487-8383,031-487-8383,경기도,안산시,"경기도 안산시 단원구 광덕대로 174 B동 403호 (고잔동, 월드타운)",4,TRUE,TRUE,TRUE,TRUE,FALSE,15470,수도권,126.831037062059,37.3119295387297,41_273
두리연합의원,의원,031-411-0606,031-411-0606,경기도,안산시,경기도 안산시 단원구 라성로 36 B동 201호 (원곡동),5,TRUE,TRUE,TRUE,TRUE,TRUE,15382,수도권,126.800503039671,37.3271908120549,41_273
성민의원,의원,031-493-7572,031-493-7572,경기도,안산시,"경기도 안산시 단원구 중앙대로 457 2,3,4층 (원곡동) ",5,TRUE,TRUE,TRUE,TRUE,TRUE,15393,수도권,126.789985445835,37.3282186183094,41_273
모아내과의원,내과의원,031-405-3567,031-405-3567,경기도,안산시,경기도 안산시 단원구 고잔1길 17 302호 (고잔동),4,TRUE,TRUE,TRUE,TRUE,FALSE,15360,수도권,126.83560802096,37.3186584964456,41_273
365드림의원,의원,031-364-8015,031-364-8015,경기도,안산시,"경기도 안산시 단원구 선부광장1로 56 3층 301, 308, 309호 (선부동) ",0,FALSE,FALSE,FALSE,FALSE,FALSE,15239,수도권,126.810722261529,37.3365953473085,41_273
제일조은내과의원,내과의원,031-365-5775,031-365-5775,경기도,안산시,경기도 안산시 단원구 선부광장로 23 안산세이브시티 3층 301(일부)호 (선부동),5,TRUE,TRUE,TRUE,TRUE,TRUE,15240,수도권,126.809588944776,37.336247353148,41_273
서울유항외과의원,의원,031-439-7571,031-439-7571,경기도,안산시,"경기도 안산시 단원구 예술대학로 17 (고잔동, 안산중앙노블레스)",3,TRUE,TRUE,FALSE,TRUE,FALSE,15360,수도권,126.836518384424,37.3186915641078,41_273
한사랑외과의원,의원,031-475-1075,031-475-1075,경기도,안산시,경기도 안산시 단원구 선부광장1로 22 201~204호 (선부동),5,TRUE,TRUE,TRUE,TRUE,TRUE,15240,수도권,126.807743938735,37.3359875759508,41_273
세인트파크산부인과의원,의원,031-414-4800,031-414-4800,경기도,안산시,경기도 안산시 단원구 광덕대로 174 월드타운 B동 404호 (고잔동),0,FALSE,FALSE,FALSE,FALSE,FALSE,15470,수도권,126.831037062059,37.3119295387297,41_273
안산윤내과의원,내과의원,031-487-8072,031-487-8072,경기도,안산시,경기도 안산시 단원구 초지동로 35 2층 (초지동),5,TRUE,TRUE,TRUE,TRUE,TRUE,15448,수도권,126.816582756315,37.3070014379652,41_273
루카스건강검진센터루카스내과의원,내과의원,-1833-5113,1833-5113,경기도,안산시,"경기도 안산시 단원구 광덕2로 164 164-4, 4층 (고잔동)",5,TRUE,TRUE,TRUE,TRUE,TRUE,15476,수도권,126.828346149785,37.3096515465555,41_273
안산중앙내과의원,내과의원,031-481-8275,031-481-8275,경기도,안산시,"경기도 안산시 단원구 고잔로 88 505호, 506호, 509호 (고잔동) ",5,TRUE,TRUE,TRUE,TRUE,TRUE,15360,수도권,126.836010693549,37.3187495188622,41_273
삼성참편한내과의원,내과의원,031-483-5678,031-483-5678,경기도,안산시,"경기도 안산시 단원구 화랑로 103 라성프라자 114,115,116,116-2호 (원곡동) ",5,TRUE,TRUE,TRUE,TRUE,TRUE,15382,수도권,126.800773198559,37.3270459309291,41_273
맑은수내과의원,내과의원,031-503-5700,031-503-5700,경기도,안산시,"경기도 안산시 단원구 광덕4로 220 밀레니엄프라자 301~304, 401호 (고잔동) ",1,TRUE,FALSE,FALSE,FALSE,FALSE,15464,수도권,126.83701952522,37.3145084880771,41_273
안산봄내과의원,내과의원,031-365-5193,031-365-5193,경기도,안산시,"경기도 안산시 단원구 선부광장1로 84 새한프라자 301,303호 (선부동)",1,TRUE,FALSE,FALSE,FALSE,FALSE,15239,수도권,126.812735323421,37.335262053027,41_273
하트봄내과의원,내과의원,031-482-5656,031-482-5656,경기도,안산시,"경기도 안산시 단원구 광덕3로 167 신영프라자 204,205호 (고잔동)",1,TRUE,FALSE,FALSE,FALSE,FALSE,15462,수도권,126.83159443091,37.3126932384923,41_273
연세새로운내과의원,내과의원,031-495-2522,031-495-2522,경기도,안산시,경기도 안산시 단원구 화랑로 102 307~313호 (원곡동) ,1,TRUE,FALSE,FALSE,FALSE,FALSE,15389,수도권,126.800621604984,37.3262158258929,41_273
온내과의원,내과의원,031-484-2636,031-484-2636,경기도,안산시,"경기도 안산시 단원구 고잔1길 16 중앙마케이트빌딩 501,502,607,608호 (고잔동) ",5,TRUE,TRUE,TRUE,TRUE,TRUE,15360,수도권,126.835165464242,37.3180269775814,41_273
로앤산부인과의원,의원,031-414-8833,031-414-8833,경기도,안산시,"경기도 안산시 단원구 고잔1길 33 2층 (고잔동, 봉산빌딩) ",0,FALSE,FALSE,FALSE,FALSE,FALSE,15361,수도권,126.837223761965,37.3184619621995,41_273
초지라온산부인과의원,의원,031-508-5453,031-508-5453,경기도,안산시,경기도 안산시 단원구 화랑로 102 초지역이편한세상 센트럴포레상가 1동 209-213호 (원곡동) ,0,FALSE,FALSE,FALSE,FALSE,FALSE,15389,수도권,126.800621604984,37.3262158258929,41_273
성심베스트내과의원,내과의원,031-365-4283,031-365-4283,경기도,안산시,경기도 안산시 단원구 선부로 187 3층 (선부동) ,5,TRUE,TRUE,TRUE,TRUE,TRUE,15217,수도권,126.815993803338,37.3419473986309,41_273
파인메디내과의원,내과의원,031-362-4790,031-362-4790,경기도,안산시,"경기도 안산시 단원구 라성안길 17 베스트플라자 401, 501호 (원곡동) ",5,TRUE,TRUE,TRUE,TRUE,TRUE,15382,수도권,126.802342280248,37.3277508260703,41_273
이오내과의원,내과의원,031-507-2575,031-507-2575,경기도,안산시,경기도 안산시 단원구 중앙대로 929 201~203호 (고잔동) ,1,TRUE,FALSE,FALSE,FALSE,FALSE,15361,수도권,126.839969117128,37.3170997407269,41_273
새숨길내과의원,내과의원,031-414-4375,031-414-4375,경기도,안산시,경기도 안산시 단원구 광덕동로 101 두일빌딩 206호 (고잔동) ,3,TRUE,TRUE,TRUE,FALSE,FALSE,15462,수도권,126.832667820336,37.3136011108716,41_273
테헤란체리산부인과의원,의원,031-487-7275,031-568-7275,경기도,안산시,경기도 안산시 단원구 고잔2길 45 코스모프라자 402호 (고잔동) ,0,FALSE,FALSE,FALSE,FALSE,FALSE,15360,수도권,126.836098804436,37.3179179875751,41_273
의료법인명지의료재단명지병원,종합병원,031-810-5380,031-810-5114,경기도,고양시,경기도 고양시 덕양구 화수로14번길 55 (화정동),4,FALSE,TRUE,TRUE,TRUE,TRUE,10475,수도권,126.831758829416,37.64249196587,41_281
의료법인자인의료재단(더자인병원),종합병원,02-1688-5533,031-930-3114,경기도,고양시,"경기도 고양시 덕양구 중앙로 555, /중앙로557번길 555 /중앙로557번길 14, 지하1(일부),1-6층 (행신동) ",5,TRUE,TRUE,TRUE,TRUE,TRUE,10518,수도권,126.835324889817,37.6231849277355,41_281
원당연세병원,병원,031-813-2951,031-1566-6256,경기도,고양시,"경기도 고양시 덕양구 호국로 781 2,3,4,6,7층 (주교동)",5,TRUE,TRUE,TRUE,TRUE,TRUE,10461,수도권,126.835381059566,37.6562093958893,41_281
원흥아이제일병원,병원,031-926-7000,031-926-7000,경기도,고양시,"경기도 고양시 덕양구 권율대로 685 SIB타워 9,10층 (원흥동)",0,FALSE,FALSE,FALSE,FALSE,FALSE,10560,수도권,126.874037095241,37.651201146031,41_281
서울척탑병원,병원,031-813-9988,031-813-9988,경기도,고양시,"경기도 고양시 덕양구 권율대로 685 SIB타워 6층,7층 ,803~808호 (원흥동)",5,TRUE,TRUE,TRUE,TRUE,TRUE,10560,수도권,126.874037095241,37.651201146031,41_281
연세강인병원,병원,031-971-7400,031-1577-0032,경기도,고양시,"경기도 고양시 덕양구 화중로 50 4,5,6층 (화정동) ",3,TRUE,TRUE,TRUE,FALSE,FALSE,10500,수도권,126.830686746113,37.6317029490777,41_281
지축아이제일병원,병원,02-6956-5599,02-6956-5599,경기도,고양시,"경기도 고양시 덕양구 지축로 50 6층,7층 (지축동) ",0,FALSE,FALSE,FALSE,FALSE,FALSE,10585,수도권,126.913587767548,37.64999609334,41_281
박내과의원,내과의원,031-972-2111,031-972-2111,경기도,고양시,"경기도 고양시 덕양구 토당로 115 212호 (토당동, 금호프라자)",5,TRUE,TRUE,TRUE,TRUE,TRUE,10506,수도권,126.816994100529,37.6254193067706,41_281
라인의원,의원,031-974-9700,031-974-9700,경기도,고양시,경기도 고양시 덕양구 중앙로 639 (토당동),0,FALSE,FALSE,FALSE,FALSE,FALSE,10511,수도권,126.827490053,37.6273512449125,41_281
행신연세가정의학과의원,의원,031-979-7200,031-979-7200,경기도,고양시,경기도 고양시 덕양구 무원로54번길 62 (행신동),3,TRUE,TRUE,TRUE,FALSE,FALSE,10524,수도권,126.832957182726,37.6188885786422,41_281
서울내과의원,내과의원,031-972-6300,031-972-6300,경기도,고양시,경기도 고양시 덕양구 지도로 47 보림빌딩 2층 (토당동),5,TRUE,TRUE,TRUE,TRUE,TRUE,10510,수도권,126.824245225175,37.6212778650025,41_281
조명득의원,의원,031-970-3838,031-970-3838,경기도,고양시,경기도 고양시 덕양구 용현로53번길 49 (행신동),0,FALSE,FALSE,FALSE,FALSE,FALSE,10525,수도권,126.834487021868,37.6188779403063,41_281
윤내과의원,내과의원,031-974-2273,031-974-2273,경기도,고양시,"경기도 고양시 덕양구 행신로 151 3층 (행신동, 양일빌딩)",3,TRUE,TRUE,TRUE,FALSE,FALSE,10517,수도권,126.831987745973,37.6194265331111,41_281
유내과의원,내과의원,031-966-5040,031-966-5040,경기도,고양시,"경기도 고양시 덕양구 화정로 53 새롬프라자 405호,406(일부)호 (화정동)",5,TRUE,TRUE,TRUE,TRUE,TRUE,10497,수도권,126.8318883939,37.6352259858346,41_281
이승희한건수의원,의원,031-968-0971,031-968-0971,경기도,고양시,"경기도 고양시 덕양구 화중로 220 201,202,203호 (화정동, 달빛마을 부영상가)",0,FALSE,FALSE,FALSE,FALSE,FALSE,10473,수도권,126.834712144944,37.6464730796364,41_281
성현내과의원,내과의원,031-973-5566,031-973-5566,경기도,고양시,"경기도 고양시 덕양구 화중로 60 303호,304호 (화정동, 화정빌딩)",5,TRUE,TRUE,TRUE,TRUE,TRUE,10500,수도권,126.830803175626,37.6324163357496,41_281
강혜승산부인과의원,의원,031-972-2255,031-972-2255,경기도,고양시,"경기도 고양시 덕양구 화신로260번길 57 (화정동, 요진타워 307,308호)",0,FALSE,FALSE,FALSE,FALSE,FALSE,10500,수도권,126.832745886023,37.6336223707871,41_281
한빛내과의원,내과의원,031-979-7533,031-979-7533,경기도,고양시,"경기도 고양시 덕양구 중앙로 550 302, 401호 (행신동, 삼일프라자)",5,TRUE,TRUE,TRUE,TRUE,TRUE,10495,수도권,126.836219325523,37.6234903455624,41_281
조양현산부인과의원,의원,031-971-5501,031-971-5501,경기도,고양시,"경기도 고양시 덕양구 화신로272번길 58 408호 (화정동, 영프라자)",0,FALSE,FALSE,FALSE,FALSE,FALSE,10500,수도권,126.832104914896,37.6336579503165,41_281
애담산부인과의원,의원,031-978-5000,031-978-5000,경기도,고양시,경기도 고양시 덕양구 행신로 268 애담메디칼타워 3층 (행신동) ,0,FALSE,FALSE,FALSE,FALSE,FALSE,10486,수도권,126.844777122836,37.6189694995976,41_281
원당영상의학과의원,의원,031-966-6334,031-966-6334,경기도,고양시,경기도 고양시 덕양구 호국로 774 (성사동),5,TRUE,TRUE,TRUE,TRUE,TRUE,10464,수도권,126.835256378795,37.6554500549651,41_281
미항외과의원,의원,031-964-5045,031-964-5001,경기도,고양시,"경기도 고양시 덕양구 화정로 53 301호 (화정동, 새롬프라자)",3,TRUE,TRUE,FALSE,TRUE,FALSE,10497,수도권,126.8318883939,37.6352259858346,41_281
연세민혜원산부인과의원,의원,031-972-4222,031-972-4222,경기도,고양시,"경기도 고양시 덕양구 화중로 76 501호 (화정동, 대감빌딩)",0,FALSE,FALSE,FALSE,FALSE,FALSE,10500,수도권,126.831128391342,37.6339356817424,41_281
행신연세내과의원,내과의원,031-970-7999,031-970-7999,경기도,고양시,"경기도 고양시 덕양구 충경로 52 302호 (행신동, 남정씨티프라자)",4,TRUE,TRUE,TRUE,TRUE,FALSE,10526,수도권,126.835340738694,37.6152284243695,41_281
이내과의원,내과의원,031-963-7582,031-963-7582,경기도,고양시,"경기도 고양시 덕양구 호국로790번길 17 408호 (성사동, 영프라자)",4,TRUE,TRUE,TRUE,TRUE,FALSE,10463,수도권,126.837252822189,37.6562810082542,41_281
현대아산내과의원,내과의원,031-969-1142,031-969-1142,경기도,고양시,"경기도 고양시 덕양구 혜음로 45 2층 (고양동, 고양메디컬빌딩)",2,TRUE,TRUE,FALSE,FALSE,FALSE,10274,수도권,126.901935792586,37.7046589982813,41_281
내유하나의원,의원,031-967-9910,031-967-9910,경기도,고양시,경기도 고양시 덕양구 통일로 1060-4 청담프라자 401호 (관산동) ,0,FALSE,FALSE,FALSE,FALSE,FALSE,10264,수도권,126.854128203034,37.7092584807163,41_281
석승엽정형외과의원,의원,031-969-2901,031-969-8275,경기도,고양시,"경기도 고양시 덕양구 읍내로 10 2층,5층 (고양동, 현대빌딩)",2,TRUE,FALSE,TRUE,FALSE,FALSE,10275,수도권,126.902005801675,37.7006652155119,41_281
이움내과의원,내과의원,031-979-0875,031-979-0875,경기도,고양시,"경기도 고양시 덕양구 백양로 51 네이버타운 301호,305호 (화정동)",1,TRUE,FALSE,FALSE,FALSE,FALSE,10503,수도권,126.833248267951,37.6303059255628,41_281
밝은미래의원,의원,031-969-3902,031-964-3366,경기도,고양시,경기도 고양시 덕양구 읍내로6번길 1-8 1층 (고양동),0,FALSE,FALSE,FALSE,FALSE,FALSE,10275,수도권,126.90254403982,37.7009570369176,41_281
연세미소내과의원,내과의원,031-978-2477,031-978-2477,경기도,고양시,"경기도 고양시 덕양구 화중로 72 402호 (화정동, 홀인원프라자)",5,TRUE,TRUE,TRUE,TRUE,TRUE,10500,수도권,126.831054633606,37.6336374403319,41_281
라온산부인과의원,의원,02-371-1471,02-371-1471,경기도,고양시,경기도 고양시 덕양구 동송로 61 서연프라자 301호 (삼송동),0,FALSE,FALSE,FALSE,FALSE,FALSE,10590,수도권,126.895533499856,37.6520047338999,41_281
나눔가정의학과의원,의원,031-938-9962,031-938-9962,경기도,고양시,경기도 고양시 덕양구 행신로143번길 72-1 (행신동),3,TRUE,TRUE,TRUE,FALSE,FALSE,10513,수도권,126.831351382063,37.6226411564355,41_281
행신조은의원,의원,031-971-3385,031-971-3385,경기도,고양시,"경기도 고양시 덕양구 충장로 150 (행신동, 롯데마트 고양점2층)",0,FALSE,FALSE,FALSE,FALSE,FALSE,10495,수도권,126.836144009795,37.625187428621,41_281
서울연합내과의원,내과의원,031-962-7754,962-7754,경기도,고양시,경기도 고양시 덕양구 보광로 2 2층 (고양동),4,TRUE,TRUE,TRUE,TRUE,FALSE,10271,수도권,126.901249392717,37.7171295205142,41_281
진세진산부인과의원,의원,031-811-7361,031-811-7361,경기도,고양시,"경기도 고양시 덕양구 화정로 47 203,204-2호 (화정동, 동원텔)",0,FALSE,FALSE,FALSE,FALSE,FALSE,10497,수도권,126.831407413753,37.6351964680328,41_281
서울속내과의원,내과의원,031-970-0097,031-970-0097,경기도,고양시,"경기도 고양시 덕양구 행신로 266 월드타워 203,301,302,303호 (행신동)",5,TRUE,TRUE,TRUE,TRUE,TRUE,10486,수도권,126.844687949001,37.618766479972,41_281
연세열린의원,의원,02-381-1073,02-381-1073,경기도,고양시,경기도 고양시 덕양구 지축1로 39 401호 (지축동),0,FALSE,FALSE,FALSE,FALSE,FALSE,10585,수도권,126.914603967396,37.648829339537,41_281
굿모닝내과의원,내과의원,031-965-7800,031-965-7800,경기도,고양시,"경기도 고양시 덕양구 호국로 803 206호 (주교동, 동세청자아,상가)",5,TRUE,TRUE,TRUE,TRUE,TRUE,10462,수도권,126.837072622693,37.6578418895619,41_281
편안한내과의원,내과의원,031-966-0333,031-966-0333,경기도,고양시,경기도 고양시 덕양구 혜음로 36 2층 (고양동),5,TRUE,TRUE,TRUE,TRUE,TRUE,10275,수도권,126.902210289753,37.7036565316809,41_281
김소은내과의원,내과의원,031-926-3560,031-926-3560,경기도,고양시,"경기도 고양시 덕양구 충장로 140 3층 302,303호 (행신동)",4,TRUE,TRUE,TRUE,TRUE,FALSE,10495,수도권,126.835196627681,37.6247395805558,41_281
차내과의원,내과의원,031-815-3036,031-815-3036,경기도,고양시,"경기도 고양시 덕양구 도래울로 103 3층 304호 (도내동, 대영프라자)",4,TRUE,TRUE,TRUE,TRUE,FALSE,10551,수도권,126.871275162224,37.634864231899,41_281
연세엘내과의원,내과의원,02-381-2522,02-381-2522,경기도,고양시,"경기도 고양시 덕양구 동세로 63 3(일부),4층 (삼송동) ",5,TRUE,TRUE,TRUE,TRUE,TRUE,10588,수도권,126.88430918476,37.6481337296462,41_281
김앤유내과의원,내과의원,02-381-3551,02-381-3551,경기도,고양시,경기도 고양시 덕양구 권율대로 900 S프라자 3층 (신원동),5,TRUE,TRUE,TRUE,TRUE,TRUE,10571,수도권,126.890785177466,37.6634557834773,41_281
건강유내과의원,내과의원,031-973-7788,031-973-7788,경기도,고양시,"경기도 고양시 덕양구 행신로 276 301호 (행신동, 명일프라자)",5,TRUE,TRUE,TRUE,TRUE,TRUE,10486,수도권,126.845063095904,37.6195309200474,41_281
유민내과의원,내과의원,02-353-1191,02-353-1191,경기도,고양시,경기도 고양시 덕양구 삼송로 94-22 신성프라자 301호 (삼송동),5,TRUE,TRUE,TRUE,TRUE,TRUE,10589,수도권,126.884088319884,37.6503315505309,41_281
이준각가정의학과의원,의원,02-353-8253,02-353-8253,경기도,고양시,경기도 고양시 덕양구 동송로 69 2층 (삼송동),4,TRUE,TRUE,TRUE,TRUE,FALSE,10590,수도권,126.895247283428,37.6526294015109,41_281
연세맘스그린여성의원,의원,031-938-3070,031-938-3070,경기도,고양시,"경기도 고양시 덕양구 무원로6번길 20 M타워 5층 504,505호 (행신동)",0,FALSE,FALSE,FALSE,FALSE,FALSE,10523,수도권,126.833702311658,37.6134273049984,41_281
좋은느낌산부인과의원,의원,031-963-1269,031-963-5110,경기도,고양시,경기도 고양시 덕양구 호국로790번길 17 영프라자 406호 (성사동),0,FALSE,FALSE,FALSE,FALSE,FALSE,10463,수도권,126.837252822189,37.6562810082542,41_281
원흥수내과의원,내과의원,031-965-9050,031-965-9050,경기도,고양시,경기도 고양시 덕양구 권율대로 685 SIB타워 5층 506~509호 (원흥동),1,TRUE,FALSE,FALSE,FALSE,FALSE,10560,수도권,126.874037095241,37.651201146031,41_281
서울삼성내과의원,내과의원,02-6949-2778,02-6949-2778,경기도,고양시,경기도 고양시 덕양구 향기로 100 베스트프라자 302호~304호 (향동동),5,TRUE,TRUE,TRUE,TRUE,TRUE,10546,수도권,126.893205902885,37.5988038996781,41_281
화정퍼스트내과의원,내과의원,031-815-8800,031-815-8800,경기도,고양시,경기도 고양시 덕양구 화신로260번길 57 요진타워 501호 (화정동),5,TRUE,TRUE,TRUE,TRUE,TRUE,10500,수도권,126.832745886023,37.6336223707871,41_281
삼송성모내과의원,내과의원,02-6956-2153,02-6956-2153,경기도,고양시,"경기도 고양시 덕양구 권율대로 893 파스텔 시티 501,502호 (신원동)",5,TRUE,TRUE,TRUE,TRUE,TRUE,10568,수도권,126.889889821024,37.6636815477151,41_281
이윤정산부인과의원,의원,031-813-8481,031-813-8481,경기도,고양시,"경기도 고양시 덕양구 권율대로 685 SIB 타워 308호,309호 (원흥동) ",0,FALSE,FALSE,FALSE,FALSE,FALSE,10560,수도권,126.874037095241,37.651201146031,41_281
서울베스트내과의원,내과의원,031-972-7585,972-7585,경기도,고양시,경기도 고양시 덕양구 충장로 8 로터스플레이스 2층 208~215호 (행신동),5,TRUE,TRUE,TRUE,TRUE,TRUE,10526,수도권,126.83448935889,37.6135312141777,41_281
행신늘편한내과의원,내과의원,031-819-8270,031-819-8270,경기도,고양시,"경기도 고양시 덕양구 충장로 126 행신스퀘어 3층 301,302,303호 (행신동)",5,TRUE,TRUE,TRUE,TRUE,TRUE,10518,수도권,126.834314301735,37.6237707759187,41_281
삼송리더스내과의원,내과의원,02-371-1900,02-371-1900,경기도,고양시,경기도 고양시 덕양구 동송로 63 2층 (삼송동),5,TRUE,TRUE,TRUE,TRUE,TRUE,10590,수도권,126.895424538473,37.6522099712635,41_281
더나은내과의원,내과의원,031-938-5392,031-938-5392,경기도,고양시,경기도 고양시 덕양구 백양로 51 네이버타운 604호 (화정동),5,TRUE,TRUE,TRUE,TRUE,TRUE,10503,수도권,126.833248267951,37.6303059255628,41_281
메이엘산부인과의원,의원,031-815-5500,031-815-5500,경기도,고양시,"경기도 고양시 덕양구 충장로 126 304,305호 (행신동)",0,FALSE,FALSE,FALSE,FALSE,FALSE,10518,수도권,126.834314301735,37.6237707759187,41_281
연세유원내과의원,내과의원,02-371-1349,02-371-1349,경기도,고양시,경기도 고양시 덕양구 지축로 62 아인시티 401~403호 (지축동),5,TRUE,TRUE,TRUE,TRUE,TRUE,10585,수도권,126.915019005307,37.6495557414735,41_281
서울항외과의원,의원,02-6953-4875,02-6953-4875,경기도,고양시,경기도 고양시 덕양구 지축로 70 지축푸리마타워 6층 606호~614호 (지축동),5,TRUE,TRUE,TRUE,TRUE,TRUE,10585,수도권,126.915808773474,37.6492937612921,41_281
삼성에스더산부인과의원,의원,02-381-8686,02-381-8686,경기도,고양시,경기도 고양시 덕양구 동송로 20 삼송농산물종합유통센터 2층 일부호 (동산동),0,FALSE,FALSE,FALSE,FALSE,FALSE,10595,수도권,126.89888009345,37.6486347309103,41_281
송현숙산부인과의원,의원,02-381-9115,02-381-9115,경기도,고양시,경기도 고양시 덕양구 삼송로 88 오성프라자 202호 (삼송동),0,FALSE,FALSE,FALSE,FALSE,FALSE,10589,수도권,126.884016187605,37.6507361109295,41_281
서울성모의원,의원,02-371-3845,02-371-3845,경기도,고양시,경기도 고양시 덕양구 권율대로 886 호평PLAZA 3층 303호 (신원동) ,1,TRUE,FALSE,FALSE,FALSE,FALSE,10571,수도권,126.889555843133,37.6627450264111,41_281
아산참편한내과의원,내과의원,02-381-9311,02-381-9311,경기도,고양시,경기도 고양시 덕양구 지축로 56 성산타워 503~512호 (지축동) ,5,TRUE,TRUE,TRUE,TRUE,TRUE,10585,수도권,126.914281947488,37.6497970320569,41_281
지축라움산부인과의원,의원,02-381-1190,02-381-1190,경기도,고양시,경기도 고양시 덕양구 지축로 66 제2층 201호 (지축동) ,0,FALSE,FALSE,FALSE,FALSE,FALSE,10585,수도권,126.91536912904,37.6493759767626,41_281
도래울성모내과의원,내과의원,031-994-7512,031-994-7512,경기도,고양시,"경기도 고양시 덕양구 도래울로 104 KB골든타워 305호,306호 (도내동) ",5,TRUE,TRUE,TRUE,TRUE,TRUE,10551,수도권,126.871991595755,37.6344225376522,41_281
향기로운봄산부인과의원,의원,02-3159-3009,02-3159-3009,경기도,고양시,경기도 고양시 덕양구 꽃마을로 4 고양향동 퍼스트타워 407호 (향동동) ,0,FALSE,FALSE,FALSE,FALSE,FALSE,10546,수도권,126.89239450845,37.5989084885086,41_281
서울의원,의원,031-964-1300,031-964-1300,경기도,고양시,"경기도 고양시 덕양구 통일로 774 2, 3, 지하층 (관산동) ",5,TRUE,TRUE,TRUE,TRUE,TRUE,10286,수도권,126.864557161869,37.6880275512079,41_281
향동드림내과의원,내과의원,02-3159-7588,02-3159-7588,경기도,고양시,경기도 고양시 덕양구 꽃마을로 4 퍼스트타워 4층 401~403호 (향동동) ,5,TRUE,TRUE,TRUE,TRUE,TRUE,10546,수도권,126.89239450845,37.5989084885086,41_281
인더핑크의원,의원,031-5173-4455,031-5173-4455,경기도,고양시,경기도 고양시 덕양구 고양대로 1955 스타필드 고양 4층 4201호 (동산동) ,5,TRUE,TRUE,TRUE,TRUE,TRUE,10595,수도권,126.89477806511,37.6469771187284,41_281
서울에스(S)가정의학과의원,의원,031-965-7779,031-965-7779,경기도,고양시,경기도 고양시 덕양구 도래울로 34 2층 (도내동) ,1,TRUE,FALSE,FALSE,FALSE,FALSE,10551,수도권,126.868534771142,37.6289731810326,41_281
연세탑내과의원,내과의원,031-994-7555,031-994-7555,경기도,고양시,경기도 고양시 덕양구 호국로 783 문화빌딩 2층 일부호 (주교동) ,5,TRUE,TRUE,TRUE,TRUE,TRUE,10461,수도권,126.835601166174,37.6564025128324,41_281
봄여성의원,의원,031-810-2222,031-810-2222,경기도,고양시,경기도 고양시 덕양구 중앙로 622 J.S빌딩 3층 (화정동) ,2,TRUE,FALSE,FALSE,FALSE,TRUE,10503,수도권,126.829604317578,37.6273163855593,41_281
연세하나로내과의원,내과의원,0507-1335-1004,031-963-1004,경기도,고양시,경기도 고양시 덕양구 호국로 787 원당메디컬프라자 5층 501~506호 (주교동) ,5,TRUE,TRUE,TRUE,TRUE,TRUE,10461,수도권,126.835862274817,37.6566062278982,41_281
연세영림의원,의원,031-971-8575,031-971-8575,경기도,고양시,"경기도 고양시 덕양구 서정마을로 5 2층 (행신동, 행신프라자) ",4,TRUE,TRUE,TRUE,TRUE,FALSE,10486,수도권,126.846944971787,37.6183692104922,41_281
유봄영상의학과의원,의원,031-978-0301,031-978-0301,경기도,고양시,"경기도 고양시 덕양구 화신로272번길 58 영프라자빌딩 509, 516호 (화정동) ",1,FALSE,FALSE,FALSE,FALSE,TRUE,10500,수도권,126.832104914896,37.6336579503165,41_281
국민건강보험공단일산병원,종합병원,031-1577-8013,1577-0013,경기도,고양시,"경기도 고양시 일산동구 일산로 100 (백석동,백석1동 1241외1필지 4층) ",5,TRUE,TRUE,TRUE,TRUE,TRUE,10444,수도권,126.793040196618,37.6454753592134,41_285
국립암센터,종합병원,031-920-1313,031-920-0114,경기도,고양시,경기도 고양시 일산동구 일산로 323 (마두동) ,5,TRUE,TRUE,TRUE,TRUE,TRUE,10408,수도권,126.783397658661,37.6632271940872,41_285
동국대학교일산불교병원,종합병원,031-961-7955,031-1577-7000,경기도,고양시,"경기도 고양시 일산동구 동국로 27 (식사동, 동국대학교일산병원) ",5,TRUE,TRUE,TRUE,TRUE,TRUE,10326,수도권,126.805564482481,37.6764354232648,41_285
의료법인성광의료재단일산차병원,종합병원,031-782-8888,031-782-8300,경기도,고양시,"경기도 고양시 일산동구 중앙로 1205 지하1층(일부),지하2층,지하4층(일부),1층(일부),2층(일부),3층(일부),4~5층,6층(일부), 7~10층 (장항동) ",5,TRUE,TRUE,TRUE,TRUE,TRUE,10414,수도권,126.775737399414,37.654131720459,41_285
그레이스병원,병원,031-901-4000,031-901-4000,경기도,고양시,"경기도 고양시 일산동구 중앙로 1073 (지하2층,지하1층,1층중일부,2~9층)/중앙로1071(1층중 일부, 2~4층) (백석동)",5,TRUE,TRUE,TRUE,TRUE,TRUE,10447,수도권,126.78509574199,37.6447596502281,41_285
허유재병원,병원,031-810-9766,031-817-1100,경기도,고양시,"경기도 고양시 일산동구 중앙로 1317 지하1층~5층,6층 일부, 8층 (장항동)",5,TRUE,TRUE,TRUE,TRUE,TRUE,10401,수도권,126.769941572482,37.6629253868837,41_285
해븐리병원,병원,031-922-8822,031-922-8822,경기도,고양시,"경기도 고양시 일산동구 중산로 117 지하1층 일부, 1층 일부, 2~5층 (중산동) ",5,TRUE,TRUE,TRUE,TRUE,TRUE,10338,수도권,126.781065225356,37.6825447213391,41_285
의료법인일산복음병원,병원,031-929-0347,031-977-5000,경기도,고양시,"경기도 고양시 일산동구 고양대로 760 가동 (중산동, 일산복음병원)",5,TRUE,TRUE,TRUE,TRUE,TRUE,10355,수도권,126.780020487537,37.681915967889,41_285
일산하이병원,병원,031-1522-1275,031-1522-1275,경기도,고양시,경기도 고양시 일산동구 고양대로 761 (중산동),1,TRUE,FALSE,FALSE,FALSE,FALSE,10338,수도권,126.780614669029,37.6825582996938,41_285
연세마두병원,병원,031-902-5000,902-5000,경기도,고양시,"경기도 고양시 일산동구 강석로 123 (마두동, 뉴삼창마트) ",4,TRUE,TRUE,TRUE,TRUE,FALSE,10414,수도권,126.778783672797,37.6519010573211,41_285
일산21세기병원,병원,031-909-9600,031-909-9600,경기도,고양시,"경기도 고양시 일산동구 중앙로 1059 (백석동, ISD빌딩 3~8층) ",5,TRUE,TRUE,TRUE,TRUE,TRUE,10447,수도권,126.786164251855,37.6439259305766,41_285
동원요양병원,병원,031-850-7000,031-850-7000,경기도,고양시,경기도 고양시 일산동구 일산로 439 지하1~2층 지상2~5층호 (정발산동) ,0,FALSE,FALSE,FALSE,FALSE,FALSE,10359,수도권,126.777999583509,37.6729575484653,41_285
김내과의원,내과의원,031-904-3159,031-904-3159,경기도,고양시,"경기도 고양시 일산동구 일산로 214 (마두동, 화성프라자 2층)",4,TRUE,TRUE,FALSE,TRUE,TRUE,10417,수도권,126.789846549103,37.6554941242635,41_285
성모드림내과의원,내과의원,031-904-5033,031-904-5033,경기도,고양시,"경기도 고양시 일산동구 위시티2로11번길 45 2층 206-2호 (식사동, 위시티일산자이 주상복합) ",3,TRUE,TRUE,TRUE,FALSE,FALSE,10323,수도권,126.812636886841,37.6787931966924,41_285
강의원,의원,031-919-2568,031-919-2568,경기도,고양시,"경기도 고양시 일산동구 중앙로1275번길 38-10 209호 (장항동, 우림로데오스위트)",0,FALSE,FALSE,FALSE,FALSE,FALSE,10401,수도권,126.770892649054,37.659914452377,41_285
신록내과의원,내과의원,031-904-7575,031-904-7575,경기도,고양시,경기도 고양시 일산동구 중앙로 1190 서울타워 602호 (마두동),4,TRUE,TRUE,TRUE,TRUE,FALSE,10414,수도권,126.77757865372,37.6530724995104,41_285
한빛영상의학과의원,의원,031-907-7582,031-907-7582,경기도,고양시,"경기도 고양시 일산동구 중앙로 1068 리더스프라자 5,6층 (백석동)",5,TRUE,TRUE,TRUE,TRUE,TRUE,10447,수도권,126.786139996213,37.6449562500995,41_285
연세삼육오매일의원,의원,031-977-3657,031-977-3657,경기도,고양시,경기도 고양시 일산동구 성석로 30 2층 (중산동) ,1,TRUE,FALSE,FALSE,FALSE,FALSE,10319,수도권,126.790877250722,37.682877149161,41_285
빛과소금내과의원,내과의원,031-905-8175,031-905-8175,경기도,고양시,"경기도 고양시 일산동구 일산로 240 (마두동, 백마프라자 2층)",4,TRUE,TRUE,TRUE,TRUE,FALSE,10417,수도권,126.788593172146,37.6576539678542,41_285
아산최은녕산부인과의원,의원,031-906-7085,031-906-7085,경기도,고양시,경기도 고양시 일산동구 정발산로 43-20 센트럴프라자 512(일부)호 (장항동),0,FALSE,FALSE,FALSE,FALSE,FALSE,10402,수도권,126.773393488954,37.6584011318816,41_285
로앤산부인과의원,의원,031-905-2222,031-905-2222,경기도,고양시,경기도 고양시 일산동구 정발산로 38 장항동이스턴시티 2층 208호 (장항동),0,FALSE,FALSE,FALSE,FALSE,FALSE,10403,수도권,126.773131388502,37.6567152545134,41_285
더조은내과의원,내과의원,031-905-8575,031-905-8575,경기도,고양시,"경기도 고양시 일산동구 숲속마을로 26 (풍동, 풍동프라자 3층)",4,TRUE,TRUE,TRUE,TRUE,FALSE,10305,수도권,126.800380835194,37.6673221965833,41_285
문혜경산부인과의원,의원,031-932-2299,031-932-2299,경기도,고양시,"경기도 고양시 일산동구 숲속마을1로 73 402호 (풍동, 신성메디칼타운)",0,FALSE,FALSE,FALSE,FALSE,FALSE,10306,수도권,126.79985965993,37.667626925515,41_285
아름내과의원,내과의원,031-903-1175,031-903-1175,경기도,고양시,"경기도 고양시 일산동구 숲속마을로 48 (풍동,신성프라자 303호)",2,TRUE,FALSE,TRUE,FALSE,FALSE,10306,수도권,126.797909766034,37.6674360169788,41_285
연세청담항외과의원,의원,031-903-3232,031-903-3232,경기도,고양시,"경기도 고양시 일산동구 중앙로 1193 3층 (장항동, 마두법조빌딩)",3,TRUE,TRUE,FALSE,TRUE,FALSE,10414,수도권,126.77662816349,37.6530944894733,41_285
삼성베스트의원,의원,031-977-9077,031-977-9077,경기도,고양시,"경기도 고양시 일산동구 무궁화로 237 4층 (중산동, 이마트풍산점)",0,FALSE,FALSE,FALSE,FALSE,FALSE,10311,수도권,126.78714142109,37.6738531249954,41_285
아산연세베스트내과의원,내과의원,031-969-5678,031-969-5678,경기도,고양시,"경기도 고양시 일산동구 위시티4로 46 201~203, 204 일부, 306호 (식사동, 위시티일산자이2단지아파트)",5,TRUE,TRUE,TRUE,TRUE,TRUE,10322,수도권,126.814583702057,37.6841360946767,41_285
일산윌내과의원,내과의원,031-963-8808,031-963-8808,경기도,고양시,경기도 고양시 일산동구 고양대로1021번길 33 스타타워Ⅲ 3층 302~304호 (식사동),5,TRUE,TRUE,TRUE,TRUE,TRUE,10324,수도권,126.80792822476,37.6739619671936,41_285
일산제일산부인과의원,의원,031-994-3031,031-994-3031,경기도,고양시,경기도 고양시 일산동구 중앙로 1167 서륭프라자 10층 2호 (장항동),0,FALSE,FALSE,FALSE,FALSE,FALSE,10414,수도권,126.77787942374,37.6510508140851,41_285
고양메디컬의원,의원,031-819-7500,031-819-7500,경기도,고양시,경기도 고양시 일산동구 고봉로 795 2층 (설문동),1,TRUE,FALSE,FALSE,FALSE,FALSE,10245,수도권,126.795155380606,37.7259295615036,41_285
민트산부인과의원,의원,031-932-5525,031-932-5525,경기도,고양시,"경기도 고양시 일산동구 정발산로 47 303호 (장항동, 웅신아트)",0,FALSE,FALSE,FALSE,FALSE,FALSE,10402,수도권,126.773723421027,37.6577562129592,41_285
서울아산김내과의원,내과의원,031-976-1075,031-976-1075,경기도,고양시,경기도 고양시 일산동구 중산로 67 중산동 아카메디 203호 (중산동),3,TRUE,TRUE,TRUE,FALSE,FALSE,10355,수도권,126.781952489496,37.6781081530819,41_285
일산탑내과의원,내과의원,031-905-7575,031-905-7575,경기도,고양시,경기도 고양시 일산동구 중앙로 1193 마두법조빌딩 401호 (장항동) ,5,TRUE,TRUE,TRUE,TRUE,TRUE,10414,수도권,126.77662816349,37.6530944894733,41_285
식사위여성의원,의원,031-994-7560,031-994-7560,경기도,고양시,경기도 고양시 일산동구 위시티로 34 6층 (식사동) ,0,FALSE,FALSE,FALSE,FALSE,FALSE,10324,수도권,126.8090731292,37.6754948581978,41_285
수여성의원,의원,031-905-1010,031-905-1010,경기도,고양시,"경기도 고양시 일산동구 일산로 46 (백석동, 남정시티프라자 3차 305호) ",0,FALSE,FALSE,FALSE,FALSE,FALSE,10449,수도권,126.787882489759,37.6423554662304,41_285
유반하지 영상의학과의원,의원,031-994-7520,031-994-7520,경기도,고양시,경기도 고양시 일산동구 정발산로 47 웅신아트 301호 (장항동) ,1,FALSE,FALSE,FALSE,FALSE,TRUE,10402,수도권,126.773723421027,37.6577562129592,41_285
신석균사랑내과의원,내과의원,031-906-9111,031-906-9111,경기도,고양시,경기도 고양시 일산동구 장백로 194 위너스21 701~706호 (장항동) ,1,TRUE,FALSE,FALSE,FALSE,FALSE,10414,수도권,126.776668348232,37.6520876291657,41_285
풍동바른내과의원,내과의원,031-932-7575,031-932-7575,경기도,고양시,경기도 고양시 일산동구 숲속마을1로 76 힘찬프라자 6층 602-603호 (풍동) ,5,TRUE,TRUE,TRUE,TRUE,TRUE,10305,수도권,126.800363159243,37.6677432842943,41_285
인제대학교일산백병원,종합병원,031-910-7114,031-910-7114,경기도,고양시,경기도 고양시 일산서구 주화로 170 (대화동) ,5,TRUE,TRUE,TRUE,TRUE,TRUE,10380,수도권,126.750380180798,37.6742736163169,41_287
일산중심재활병원,병원,031-810-2000,031-810-2000,경기도,고양시,경기도 고양시 일산서구 미래로 227 일산중심병원 지하1-지상4층 (덕이동),4,TRUE,TRUE,TRUE,FALSE,TRUE,10228,수도권,126.746089264791,37.6999584685751,41_287
연세항맥병원,병원,031-925-0667,031-925-0667,경기도,고양시,"경기도 고양시 일산서구 강성로 121 일산삼희프라자 301~6,309~11호 (주엽동) ",5,TRUE,TRUE,TRUE,TRUE,TRUE,10386,수도권,126.762146051431,37.6705734691416,41_287
든든한병원,병원,031-930-6846,031-930-6800,경기도,고양시,경기도 고양시 일산서구 하이파크2로 60 든든한빌딩3~11층 (덕이동),5,TRUE,TRUE,TRUE,TRUE,TRUE,10234,수도권,126.755916526555,37.6990954551976,41_287
포인트병원,병원,070-4764-5493,1566-5519,경기도,고양시,"경기도 고양시 일산서구 중앙로 1448 (주엽동, 2층~5층) ",1,TRUE,FALSE,FALSE,FALSE,FALSE,10387,수도권,126.759865581592,37.6711447534221,41_287
메디누리요양병원,병원,031-925-7575,031-925-7575,경기도,고양시,"경기도 고양시 일산서구 일현로 53 1,4,5-8층 (탄현동)",1,TRUE,FALSE,FALSE,FALSE,FALSE,10343,수도권,126.763002742052,37.6919508591464,41_287
성모내과의원,내과의원,031-917-7575,031-917-7575,경기도,고양시,"경기도 고양시 일산서구 강선로 59 (주엽동, 동신파크 405호일부, 406~7호)",5,TRUE,TRUE,TRUE,TRUE,TRUE,10386,수도권,126.764307728468,37.6695269076404,41_287
바오로의원,의원,031-976-7677,031-976-7677,경기도,고양시,경기도 고양시 일산서구 일중로 46 2층 (일산동),4,TRUE,TRUE,TRUE,TRUE,FALSE,10340,수도권,126.77536107876,37.6836056155276,41_287
김혜숙산부인과의원,의원,031-915-9243,031-915-9243,경기도,고양시,"경기도 고양시 일산서구 강선로 49 208호,209호 (주엽동, 일산비스타오피스텔)",0,FALSE,FALSE,FALSE,FALSE,FALSE,10386,수도권,126.763375293384,37.6687572270298,41_287
일산서울내과의원,내과의원,031-918-2322,031-918-2322,경기도,고양시,"경기도 고양시 일산서구 중앙로 1470 문촌마을 복합상가 C동 204, 205, 206호, 3동 205호 (주엽동)",3,TRUE,TRUE,TRUE,FALSE,FALSE,10379,수도권,126.75757055587,37.6724166539713,41_287
장재진내과의원,내과의원,031-919-0336,031-919-0336,경기도,고양시,"경기도 고양시 일산서구 중앙로 1437 408호 (주엽동, 화성프라자)",4,TRUE,TRUE,TRUE,TRUE,FALSE,10387,수도권,126.760499747317,37.6700574812134,41_287
탄현수내과의원,내과의원,031-922-7572,031-922-7572,경기도,고양시,"경기도 고양시 일산서구 일현로 56 303호 (탄현동, 삼정프라자)",4,TRUE,TRUE,TRUE,TRUE,FALSE,10343,수도권,126.763721531186,37.6919282454922,41_287
한사랑김수련산부인과의원,의원,031-922-7997,031-922-7997,경기도,고양시,"경기도 고양시 일산서구 중앙로 1416 203,204호 (주엽동, 한사랑빌딩)",0,FALSE,FALSE,FALSE,FALSE,FALSE,10386,수도권,126.762964591288,37.6698074836145,41_287
아이산산부인과의원,의원,031-929-3128,031-916-9400,경기도,고양시,"경기도 고양시 일산서구 덕이로 10 (덕이동, 지하1층 일부,1층, 2층일부, 3층)",2,TRUE,FALSE,FALSE,FALSE,TRUE,10237,수도권,126.758287898232,37.6893433282471,41_287
연세미즈산부인과의원,의원,031-916-8585,031-916-8585,경기도,고양시,"경기도 고양시 일산서구 중앙로 1437 507,508호 (주엽동, 화성프라자)",0,FALSE,FALSE,FALSE,FALSE,FALSE,10361,수도권,126.760499747317,37.6700574812134,41_287
탄현연세의원,의원,031-916-7585,031-916-7585,경기도,고양시,"경기도 고양시 일산서구 일현로 47 3층 (탄현동, 예일큰프라자)",5,TRUE,TRUE,TRUE,TRUE,TRUE,10343,수도권,37.691588556712766,126.76276851886661,41_287
위더스내과의원,내과의원,031-924-3375,031-924-3375,경기도,고양시,"경기도 고양시 일산서구 중앙로 1449 301~303호 (주엽동, 효원빌딩)",3,TRUE,TRUE,FALSE,TRUE,FALSE,10387,수도권,126.759158664707,37.6706419178402,41_287
백희수산부인과의원,의원,031-922-9200,031-922-9200,경기도,고양시,"경기도 고양시 일산서구 중앙로 1426 503,504호 (주엽동, 일송노블레스)",0,FALSE,FALSE,FALSE,FALSE,FALSE,10386,수도권,126.761931356609,37.6702585946513,41_287
채난희산부인과의원,의원,031-911-7588,031-911-7588,경기도,고양시,"경기도 고양시 일산서구 중앙로 1565 502호 (대화동, 메드위즈)",0,FALSE,FALSE,FALSE,FALSE,FALSE,10381,수도권,126.747716229957,37.6756230177816,41_287
와이비양동규내과의원,내과의원,031-911-9495,031-911-9495,경기도,고양시,"경기도 고양시 일산서구 강선로 49 302호 (주엽동, 일산VISTA오피스텔)",3,TRUE,TRUE,TRUE,FALSE,FALSE,10386,수도권,126.763375293384,37.6687572270298,41_287
박세호여성외과의원,의원,031-911-1135,031-911-1135,경기도,고양시,"경기도 고양시 일산서구 중앙로 1416 401호 (주엽동, 한사랑빌딩)",1,FALSE,FALSE,FALSE,FALSE,TRUE,10386,수도권,126.762964591288,37.6698074836145,41_287
조은의원,의원,031-922-9985,031-922-9985,경기도,고양시,"경기도 고양시 일산서구 가좌1로 53 201호 (가좌동, V 샤르망빌딩)",0,FALSE,FALSE,FALSE,FALSE,FALSE,10209,수도권,126.718908835182,37.6875074286465,41_287
일산역훈내과의원,내과의원,031-976-3356,031-976-3356,경기도,고양시,"경기도 고양시 일산서구 원일로 69 씨티프라자 101, 102 일부, 121, 122호 (일산동) ",5,TRUE,TRUE,TRUE,TRUE,TRUE,10350,수도권,126.77018402827,37.6867679770453,41_287
오형모내과의원,내과의원,031-925-8001,031-925-8001,경기도,고양시,"경기도 고양시 일산서구 중앙로 1564 401호 (대화동, 그린월드)",4,TRUE,TRUE,TRUE,TRUE,FALSE,10381,수도권,126.748274329245,37.6762119175404,41_287
체크인내과의원,내과의원,031-911-7176,031-911-7176,경기도,고양시,"경기도 고양시 일산서구 킨텍스로 240 3층 301, 302, 303호 (대화동, 킨텍스 꿈에그린)",5,TRUE,TRUE,TRUE,TRUE,TRUE,10391,수도권,126.751042108317,37.6658756486743,41_287
아이산외과의원,의원,031-929-3111,031-929-3111,경기도,고양시,"경기도 고양시 일산서구 덕이로 10 (덕이동, 지하1층 일부,2층 일부)",4,TRUE,TRUE,TRUE,TRUE,FALSE,10237,수도권,126.758287898232,37.6893433282471,41_287
한사랑속편한내과의원,내과의원,031-912-8720,031-912-8720,경기도,고양시,"경기도 고양시 일산서구 중앙로 1416 501호 (주엽동, 한사랑빌딩)",5,TRUE,TRUE,TRUE,TRUE,TRUE,10386,수도권,126.762964591288,37.6698074836145,41_287
린사랑의원,의원,031-924-2900,031-924-2900,경기도,고양시,"경기도 고양시 일산서구 대화1로 76 203호 (대화동, 연세프라자)",0,FALSE,FALSE,FALSE,FALSE,FALSE,10218,수도권,126.735086330082,37.6711481026283,41_287
이황우에스제이의원,의원,031-925-7788,031-925-7788,경기도,고양시,경기도 고양시 일산서구 중앙로 1573 킨텍스프라자 6층 (대화동),2,TRUE,FALSE,TRUE,FALSE,FALSE,10381,수도권,126.747021602716,37.6759526389454,41_287
일산미래내과의원,내과의원,031-1544-7517,1544-7517,경기도,고양시,"경기도 고양시 일산서구 일현로 97-11 1층층 108A,108B,109A,158B,161,164호 (탄현동, 일산 위브더제니스)",5,TRUE,TRUE,TRUE,TRUE,TRUE,10242,수도권,126.76201157783,37.6952127333096,41_287
가좌우리의원,의원,031-921-3215,031-921-3215,경기도,고양시,경기도 고양시 일산서구 가좌3로 29 1층 (가좌동),0,FALSE,FALSE,FALSE,FALSE,FALSE,10209,수도권,126.719091126679,37.687360553645,41_287
플라워여성외과의원,의원,031-911-7598,031-911-7599,경기도,고양시,"경기도 고양시 일산서구 강선로 49 303,305호 (주엽동) ",1,FALSE,FALSE,FALSE,FALSE,TRUE,10386,수도권,126.763375293384,37.6687572270298,41_287
휴엔여성의원,의원,031-911-1787,031-911-1787,경기도,고양시,경기도 고양시 일산서구 일현로 71 2층 (탄현동),0,FALSE,FALSE,FALSE,FALSE,FALSE,10242,수도권,126.763802539452,37.6935909763391,41_287
서울더블유(W)내과의원,내과의원,031-926-3166,031-926-3166,경기도,고양시,"경기도 고양시 일산서구 중앙로 1576 태진프라자 3층 301,302,306,308일부호 (대화동)",5,TRUE,TRUE,TRUE,TRUE,TRUE,10381,수도권,126.747186167793,37.6766957571688,41_287
일산심내과의원,내과의원,031-975-7782,031-975-7782,경기도,고양시,경기도 고양시 일산서구 일중로 92 3층 (일산동),5,TRUE,TRUE,TRUE,TRUE,TRUE,10340,수도권,126.774958971132,37.6877307781275,41_287
서울늘편한내과의원,내과의원,031-913-5151,031-913-5151,경기도,고양시,"경기도 고양시 일산서구 중앙로 1557 삼운트루아오피스텔 2층 201, 207, 208호 (대화동)",5,TRUE,TRUE,TRUE,TRUE,TRUE,10381,수도권,126.748662995153,37.6752134728206,41_287
에스엔유(SNU)하버드내과의원,내과의원,031-902-0810,031-902-0810,경기도,고양시,"경기도 고양시 일산서구 킨텍스로 240 701~705호, 508호 (대화동, 킨텍스 꿈에그린)",3,TRUE,TRUE,TRUE,FALSE,FALSE,10391,수도권,126.751042108317,37.6658756486743,41_287
일산본내과의원,내과의원,031-925-8275,031-925-8275,경기도,고양시,경기도 고양시 일산서구 일현로 91 나인원탄현 3층 (탄현동),5,TRUE,TRUE,TRUE,TRUE,TRUE,10242,수도권,126.764583098824,37.6951944697371,41_287
배편한내과의원,내과의원,031-819-9111,031-819-9111,경기도,고양시,"경기도 고양시 일산서구 중앙로 1425 주엽역 삼부르네상스 가동 201호, 303~310호, 323~324호 (주엽동) ",5,TRUE,TRUE,TRUE,TRUE,TRUE,10386,수도권,126.761379614122,37.6694698446341,41_287
킨텍스드림내과의원,내과의원,031-814-0707,031-814-0707,경기도,고양시,"경기도 고양시 일산서구 킨텍스로 255 일산 디엠시티 스카이뷰 238,239,240호 (대화동) ",4,TRUE,TRUE,TRUE,TRUE,FALSE,10390,수도권,126.74955804785,37.6691414364439,41_287
연세전한호내과의원,내과의원,031-994-7522,010-6830-0716,경기도,고양시,"경기도 고양시 일산서구 중앙로 1565 메드위즈 201, 202호 (대화동)",5,TRUE,TRUE,TRUE,TRUE,TRUE,10381,수도권,126.747716229957,37.6756230177816,41_287
메디탑의원,의원,031-926-2349,031-926-2349,경기도,고양시,"경기도 고양시 일산서구 중앙로 1420 진영빌딩 2층일부, 3층 (주엽동) ",5,TRUE,TRUE,TRUE,TRUE,TRUE,10386,수도권,126.762672380349,37.6699153737834,41_287
일산스카이내과의원,내과의원,031-976-7111,031-976-7111,경기도,고양시,"경기도 고양시 일산서구 고양대로 666 상가동 C 208~211호 (일산동, e편한세상 일산 어반스카이) ",5,TRUE,TRUE,TRUE,TRUE,TRUE,10353,수도권,126.769264328922,37.6835547426274,41_287
일산모든내과의원,내과의원,031-975-8500,031-975-8500,경기도,고양시,"경기도 고양시 일산서구 고양대로 691 일산동 (일산동, 한더빌딩) ",5,TRUE,TRUE,TRUE,TRUE,TRUE,10341,수도권,126.773056341956,37.6839692517753,41_287
정선문내과의원,내과의원,02-502-8549,02-502-8549,경기도,과천시,"경기도 과천시 별양상가3로 5 (별양동, 유니온빌딩 203호)",3,TRUE,TRUE,TRUE,FALSE,FALSE,13837,수도권,126.991145819591,37.4266543086732,41_290
이기헌내과의원,내과의원,02-483-3435,02-483-3435,경기도,과천시,"경기도 과천시 새술막길 39 (중앙동, KT스마트타워 3층 일부)",1,TRUE,FALSE,FALSE,FALSE,FALSE,13807,수도권,126.991735038714,37.4294412873965,41_290
김지영산부인과의원,의원,02-504-8882,02-504-8882,경기도,과천시,경기도 과천시 별양상가3로 5 유니온빌딩 2층 2호 (별양동),0,FALSE,FALSE,FALSE,FALSE,FALSE,13837,수도권,126.991145819591,37.4266543086732,41_290
이내과의원,내과의원,02-502-7178,02-502-7178,경기도,과천시,"경기도 과천시 별양로 182-2 2층 203~204호 (부림동, 시대빌딩)",4,TRUE,TRUE,TRUE,TRUE,FALSE,13831,수도권,126.998149895284,37.4340981956124,41_290
과천예일의원,의원,02-507-7582,02-507-7582,경기도,과천시,"경기도 과천시 별양상가1로 30 (별양동, 골든타워 404호~405호, 402호~403호 일부)",2,TRUE,FALSE,TRUE,FALSE,FALSE,13837,수도권,126.993323801249,37.4282811482135,41_290
연세가정의학과의원,의원,02-3679-9397,02-3679-9397,경기도,과천시,"경기도 과천시 별양상가1로 35 상아빌딩동 2층 (별양동, 201-C호, 202호)",0,FALSE,FALSE,FALSE,FALSE,FALSE,13837,수도권,126.993565107497,37.4285447090875,41_290
고운산부인과의원,의원,02-503-8360,02-503-8360,경기도,과천시,"경기도 과천시 별양상가1로 35 (별양동, 상아빌딩 504호)",0,FALSE,FALSE,FALSE,FALSE,FALSE,13837,수도권,126.993565107497,37.4285447090875,41_290
탑내과의원,내과의원,02-502-8833,02-502-8833,경기도,과천시,"경기도 과천시 별양로 28 (원문동, 래미안 슈르상가 B동 3054호~3060호 )",5,TRUE,TRUE,TRUE,TRUE,TRUE,13835,수도권,126.991242601845,37.4211854985339,41_290
건강드림내과의원,내과의원,02-504-7582,02-504-7582,경기도,과천시,경기도 과천시 별양상가3로 11 이마트 과천점 8층 803호 (별양동) ,5,TRUE,TRUE,TRUE,TRUE,TRUE,13837,수도권,126.991860677863,37.4262955749411,41_290
과천서울플러스내과의원,내과의원,02-504-0119,02-504-0119,경기도,과천시,경기도 과천시 관문로 92 힐스테이트 과천중앙 B동 3층 301~305호 (중앙동) ,5,TRUE,TRUE,TRUE,TRUE,TRUE,13807,수도권,126.990295584667,37.4297945568098,41_290
더편한내과의원,내과의원,02-3418-7582,02-3418-7582,경기도,과천시,경기도 과천시 중앙로 129 고려빌딩 3층 302호 (중앙동) ,4,TRUE,TRUE,TRUE,TRUE,FALSE,13807,수도권,126.991003155267,37.4283051416302,41_290
다봄아산내과의원,내과의원,02-3679-0508,02-3679-0508,경기도,과천시,경기도 과천시 별양상가3로 14 e편한세상 시티 과천 2층 205~206호 (별양동) ,5,TRUE,TRUE,TRUE,TRUE,TRUE,13837,수도권,126.991248273288,37.4258421392212,41_290
서울행복내과의원,내과의원,02-503-7575,02-503-7575,경기도,과천시,경기도 과천시 과천대로2길 6 과천 테라스 원 4층 402~405호 (갈현동) ,5,TRUE,TRUE,TRUE,TRUE,TRUE,13824,수도권,126.979850858071,37.4071768608774,41_290
삼성나비산부인과의원,의원,02-3679-9934,02-3679-9934,경기도,과천시,"경기도 과천시 과천대로5길 6 과천 아이플렉스 3층 301호, 302호 (갈현동) ",0,FALSE,FALSE,FALSE,FALSE,FALSE,13840,수도권,126.979857003371,37.4112237932061,41_290
진심드림내과의원,내과의원,02-2038-7722,02-2038-7722,경기도,과천시,"경기도 과천시 과천대로5길 6 과천 아이플렉스 306, 307, 308호 (갈현동) ",5,TRUE,TRUE,TRUE,TRUE,TRUE,13840,수도권,126.979857003371,37.4112237932061,41_290
한양대학교구리병원,종합병원,031-1644-9118,1644-9118,경기도,구리시,경기도 구리시 경춘로 153 (교문동),5,TRUE,TRUE,TRUE,TRUE,TRUE,11923,수도권,127.132507341128,37.601275016826,41_310
재단법인원진녹색병원,병원,031-550-1122,031-550-1111,경기도,구리시,경기도 구리시 동구릉로 65 원진녹색병원 (인창동) ,2,TRUE,FALSE,FALSE,TRUE,FALSE,11919,수도권,127.133857630216,37.6059427818152,41_310
윤서병원,병원,031-553-6650,031-553-6650,경기도,구리시,경기도 구리시 건원대로 47 (인창동),5,TRUE,TRUE,TRUE,TRUE,TRUE,11918,수도권,127.139533934281,37.6052156860277,41_310
오케이참병원,병원,031-567-5700,031-567-5700,경기도,구리시,"경기도 구리시 건원대로 95 3,4,5,6층 (인창동, 인창프라자)",4,TRUE,TRUE,TRUE,TRUE,FALSE,11918,수도권,127.137971930138,37.6094034274153,41_310
좋은아침병원,병원,-1577-3314,1577-3314,경기도,구리시,경기도 구리시 경춘로 144 좋은아침빌딩 지하1~지상5층 (교문동) ,1,TRUE,FALSE,FALSE,FALSE,FALSE,11924,수도권,127.131148114873,37.6004508677221,41_310
행복한외과병원,병원,031-557-7582,031-557-7582,경기도,구리시,"경기도 구리시 검배로 78 (수택동, 행복한외과)",4,TRUE,TRUE,TRUE,TRUE,FALSE,11932,수도권,127.146748241174,37.5954295725589,41_310
구리센트럴병원,병원,031-564-4114,031-564-4114,경기도,구리시,"경기도 구리시 검배로 46 굿빌딩(3,4,6~9,11,12층) (수택동) ",5,TRUE,TRUE,TRUE,TRUE,TRUE,11932,수도권,127.143926980951,37.5972898982084,41_310
정재숙산부인과의원,의원,031-562-1580,031-562-1580,경기도,구리시,경기도 구리시 경춘로 253 6층 (인창동),0,FALSE,FALSE,FALSE,FALSE,FALSE,11922,수도권,127.143028051934,37.602229227834,41_310
무지개연합의원,의원,031-568-0511,031-568-0511,경기도,구리시,"경기도 구리시 동구릉로136번길 57 2층 (인창동, 롯데마트구리점)",1,TRUE,FALSE,FALSE,FALSE,FALSE,11915,수도권,127.140918284674,37.6131388676785,41_310
송정산부인과의원,의원,031-567-0070,031-567-0070,경기도,구리시,경기도 구리시 검배로 21-1 (수택동),0,FALSE,FALSE,FALSE,FALSE,FALSE,11929,수도권,127.142749367432,37.5992113388487,41_310
쉬즈모아산부인과의원,의원,031-553-8866,031-553-8866,경기도,구리시,"경기도 구리시 검배로 19 4,5(일부)층 (수택동)",0,FALSE,FALSE,FALSE,FALSE,FALSE,11929,수도권,127.142525895946,37.5994819960838,41_310
마리본산부인과의원,의원,031-551-2700,031-551-2700,경기도,구리시,경기도 구리시 건원대로 39-1 마리본산부인과(3층제외) (인창동),1,FALSE,FALSE,FALSE,FALSE,TRUE,11918,수도권,127.139799940787,37.6046027885445,41_310
의료법인운양의료재단장스365의원,의원,031-550-3127,031-550-3105,경기도,구리시,경기도 구리시 체육관로74번길 80 (수택동),5,TRUE,TRUE,TRUE,TRUE,TRUE,11940,수도권,127.142649817806,37.591256430919,41_310
구리황베스트내과의원,내과의원,031-562-4560,031-562-4560,경기도,구리시,"경기도 구리시 건원대로 75 승인빌딩 4,5층 (인창동) ",5,TRUE,TRUE,TRUE,TRUE,TRUE,11918,수도권,127.138643083234,37.6076972491774,41_310
반내과의원,내과의원,031-554-3375,031-554-3375,경기도,구리시,경기도 구리시 동구릉로 91 (인창동),0,FALSE,FALSE,FALSE,FALSE,FALSE,11914,수도권,127.134099279009,37.6082622841339,41_310
오내과의원,내과의원,031-554-0137,031-554-0137,경기도,구리시,경기도 구리시 이문안로 70 401호 (수택동),4,TRUE,TRUE,TRUE,TRUE,FALSE,11940,수도권,127.138993436449,37.5921482697557,41_310
이기쁨내과의원,내과의원,031-566-7533,031-566-7533,경기도,구리시,"경기도 구리시 이문안로 128 9차 204호 (토평동, 새롬프라자)",4,TRUE,TRUE,TRUE,TRUE,FALSE,11946,수도권,127.14558505325,37.5911024715677,41_310
구리속편한내과의원,내과의원,031-567-1175,031-567-1175,경기도,구리시,"경기도 구리시 경춘로 274 501호 (수택동, 성원메스티지상가)",5,TRUE,TRUE,TRUE,TRUE,TRUE,11930,수도권,127.145623158831,37.6024642760315,41_310
구리정형외과의원,의원,031-553-9119,031-553-9119,경기도,구리시,"경기도 구리시 이문안로 68 2층 (수택동, 동진프라자)",1,TRUE,FALSE,FALSE,FALSE,FALSE,11940,수도권,127.138681029771,37.5921437718742,41_310
삼성훈내과의원,내과의원,031-523-3353,031-523-3353,경기도,구리시,"경기도 구리시 체육관로80번길 9 302호 (수택동, 씨앤씨빌딩)",2,TRUE,FALSE,TRUE,FALSE,FALSE,11940,수도권,127.138585742749,37.5919273755667,41_310
삼성열린외과의원,의원,031-567-1177,031-567-1177,경기도,구리시,경기도 구리시 검배로 77 LG전자프라자 (수택동),1,TRUE,FALSE,FALSE,FALSE,FALSE,11931,수도권,127.147145216135,37.5957630755888,41_310
구리백내과의원,내과의원,031-557-6311,031-557-6313,경기도,구리시,"경기도 구리시 검배로 42 2층 201호 (수택동, 구리백병원)",5,TRUE,TRUE,TRUE,TRUE,TRUE,11932,수도권,127.14362243257,37.5974968663146,41_310
연세편한내과의원,내과의원,031-573-5111,031-573-5111,경기도,구리시,"경기도 구리시 갈매중앙로 91 302호 (갈매동, 한덕프라자)",5,TRUE,TRUE,TRUE,TRUE,TRUE,11902,수도권,127.11765055498,37.6327441535296,41_310
삼성WE내과의원,내과의원,031-527-3838,031-527-3838,경기도,구리시,"경기도 구리시 갈매중앙로 87 3층 301,302호 (갈매동, 메이저타워)",4,TRUE,TRUE,TRUE,TRUE,FALSE,11901,수도권,127.117421483224,37.6323130800285,41_310
삼성서울내과의원,내과의원,031-528-8119,031-528-8119,경기도,구리시,"경기도 구리시 갈매순환로 194 301호 (갈매동, 신영프라자)",4,TRUE,TRUE,TRUE,TRUE,FALSE,11901,수도권,127.12179948764,37.6366378749425,41_310
갈매우리내과의원,내과의원,031-573-1315,031-573-1315,경기도,구리시,경기도 구리시 갈매순환로 7 에이스프라자 3층 1호 (갈매동),4,TRUE,TRUE,TRUE,TRUE,FALSE,11902,수도권,127.111733227486,37.6259722391108,41_310
서울아산내과의원,내과의원,031-513-8622,031-513-8622,경기도,구리시,경기도 구리시 체육관로 28 고덕프라자 4층 403호 (수택동),4,TRUE,TRUE,TRUE,TRUE,FALSE,11948,수도권,127.138229700427,37.5870627078734,41_310
삼성밝은의원,의원,031-8074-9797,031-8074-9696,경기도,구리시,"경기도 구리시 갈매중앙로 87 메이저타워 303,304호 (갈매동)",0,FALSE,FALSE,FALSE,FALSE,FALSE,11901,수도권,127.117421483224,37.6323130800285,41_310
연세황내과의원,내과의원,031-564-7100,031-564-7100,경기도,구리시,"경기도 구리시 동구릉로85번길 9 2층 (인창동, 동원베네스트아파트상가)",4,TRUE,TRUE,TRUE,TRUE,FALSE,11919,수도권,127.133355069101,37.6080592336237,41_310
연세마내과의원,내과의원,031-567-7585,031-567-7585,경기도,구리시,경기도 구리시 이문안로 86 하나로마트 구리농협 4층 (수택동),5,TRUE,TRUE,TRUE,TRUE,TRUE,11940,수도권,127.141056470723,37.5917910119351,41_310
서울본내과의원,내과의원,031-558-5445,031-558-5445,경기도,구리시,경기도 구리시 경춘로 239 리맥스빌딩 4층 (인창동),5,TRUE,TRUE,TRUE,TRUE,TRUE,11922,수도권,127.141629340209,37.6016140068815,41_310
에스알세란의원,의원,031-553-8217,031-553-8217,경기도,구리시,경기도 구리시 이문안로 80 2층 (수택동) ,4,TRUE,TRUE,TRUE,TRUE,FALSE,11940,수도권,127.140276235541,37.5919831321525,41_310
해누리내과의원,내과의원,031-552-3511,031-552-3511,경기도,구리시,"경기도 구리시 아차산로432번길 13 지케이아이스쿨 3,4층 (교문동) ",5,TRUE,TRUE,TRUE,TRUE,TRUE,11935,수도권,127.132131074871,37.5937408147553,41_310
구리웰니스내과의원,내과의원,031-575-9100,031-575-9100,경기도,구리시,"경기도 구리시 갈매순환로 154 현대테라타워 구리갈매 118~125,127~131,134호 (갈매동) ",5,TRUE,TRUE,TRUE,TRUE,TRUE,11901,수도권,127.123299942999,37.6330476032473,41_310
이기훈내과의원,내과의원,031-555-8475,031-555-8474,경기도,구리시,경기도 구리시 이문안로 82 2층 (수택동) ,5,TRUE,TRUE,TRUE,TRUE,TRUE,11940,수도권,127.140614538189,37.591910019609,41_310
애플산부인과의원,의원,031-568-5100,031-568-5100,경기도,구리시,경기도 구리시 경춘로 219 201호 (인창동) ,0,FALSE,FALSE,FALSE,FALSE,FALSE,11926,수도권,127.139704299417,37.6008764984244,41_310
원산부인과의원,의원,031-569-0333,031-569-0333,경기도,구리시,경기도 구리시 체육관로 28 고덕프라자 501호 (수택동) ,0,FALSE,FALSE,FALSE,FALSE,FALSE,11948,수도권,127.138229700427,37.5870627078734,41_310
삼성나은내과의원,내과의원,031-552-7575,031-552-7575,경기도,구리시,"경기도 구리시 경춘로 223 명동빌딩 404,405호 (인창동) ",5,TRUE,TRUE,TRUE,TRUE,TRUE,11926,수도권,127.14016658963,37.6008957720856,41_310
구리위플러스내과의원,내과의원,031-557-2685,031-557-2685,경기도,구리시,경기도 구리시 경춘로 170 계성빌딩 4층 (교문동) ,5,TRUE,TRUE,TRUE,TRUE,TRUE,11925,수도권,127.134153042551,37.6002988270187,41_310
남양주 한양병원,종합병원,031-510-0114,031-510-0114,경기도,남양주시,경기도 남양주시 오남읍 양지로 47-55 ,5,TRUE,TRUE,TRUE,TRUE,TRUE,12048,수도권,127.204372518458,37.6823175909669,41_360
현대병원,종합병원,031-528-9117,031-574-9118,경기도,남양주시,경기도 남양주시 진접읍 봉현로 21,5,TRUE,TRUE,TRUE,TRUE,TRUE,12013,수도권,127.179901948966,37.7154360175098,41_360
남양주양병원,병원,031-590-9000,031-590-9220,경기도,남양주시,경기도 남양주시 경춘로 933 (금곡동) ,5,TRUE,TRUE,TRUE,TRUE,TRUE,12234,수도권,127.205207968764,37.6335459768147,41_360
남양주21세기병원,병원,031-573-1114,031-573-1114,경기도,남양주시,경기도 남양주시 진건읍 사릉로442번길 15 ,4,TRUE,TRUE,TRUE,TRUE,FALSE,12133,수도권,127.177193728359,37.6587461792308,41_360
의료법인혜수의료재단베리굿병원,병원,031-554-8585,567-8585,경기도,남양주시,경기도 남양주시 별내5로5번길 5 지앤지프라자 3~7층 (별내동),5,TRUE,TRUE,TRUE,TRUE,TRUE,12102,수도권,127.113132415545,37.6499260132927,41_360
원병원,병원,031-590-3617,031-590-3114,경기도,남양주시,경기도 남양주시 화도읍 경춘로 1943-16,5,TRUE,TRUE,TRUE,TRUE,TRUE,12179,수도권,127.304380651485,37.6519274316524,41_360
서울에이스병원,병원,-1577-7558,031-558-7588,경기도,남양주시,경기도 남양주시 다산중앙로145번길 9 에이스병원 2~7층 402호 제외호 (다산동) ,5,TRUE,TRUE,TRUE,TRUE,TRUE,12248,수도권,127.151438720196,37.6255896404932,41_360
엘병원,병원,031-580-5901,1899-3377,경기도,남양주시,경기도 남양주시 퇴계원읍 퇴계원로 20 지하2~지상7층 일부제외호,5,TRUE,TRUE,TRUE,TRUE,TRUE,12122,수도권,127.141048740049,37.6487334911668,41_360
삼성바른병원,병원,031-511-0123,031-511-0123,경기도,남양주시,경기도 남양주시 화도읍 경춘로 1872 2~4층,5,TRUE,TRUE,TRUE,TRUE,TRUE,12178,수도권,127.296235425826,37.6527663464707,41_360
남양주백병원,병원,031-570-3701,031-572-3111,경기도,남양주시,경기도 남양주시 진접읍 해밀예당1로 30-25 2층~10층,5,TRUE,TRUE,TRUE,TRUE,TRUE,12066,수도권,127.187627816665,37.7112828369734,41_360
진접 한양병원,병원,031-510-0111,031-510-0114,경기도,남양주시,"경기도 남양주시 진접읍 해밀예당1로 28 진접농협 2층, 3층",5,TRUE,TRUE,TRUE,TRUE,TRUE,12067,수도권,127.186171542711,37.7112459531024,41_360
혜성병원,병원,031-815-1119,031-815-1119,경기도,남양주시,경기도 남양주시 경춘로1308번길 4 1층일부~10층 (평내동) ,5,TRUE,TRUE,TRUE,TRUE,TRUE,12218,수도권,127.238321935956,37.6501095660175,41_360
은혜산부인과의원,의원,031-591-5670,031-591-5670,경기도,남양주시,경기도 남양주시 화도읍 비룡로 113 302호 (지호프라자),0,FALSE,FALSE,FALSE,FALSE,FALSE,12166,수도권,127.302682046824,37.6619337490391,41_360
이강석내과의원,내과의원,031-577-5078,031-577-5078,경기도,남양주시,경기도 남양주시 와부읍 수레로9번길 11 304호 (선플렉스),3,TRUE,TRUE,TRUE,FALSE,FALSE,12205,수도권,127.213026583956,37.5876943753377,41_360
열린메디칼의원,의원,031-567-0975,031-567-0975,경기도,남양주시,"경기도 남양주시 미금로 37-6 202호 (다산동, 연성프라자) ",0,FALSE,FALSE,FALSE,FALSE,FALSE,12253,수도권,127.151568634665,37.6083949397552,41_360
주리애산부인과의원,의원,031-553-2338,031-553-2338,경기도,남양주시,경기도 남양주시 경춘로 448-1 주리애산부인과 3층 (다산동) ,0,FALSE,FALSE,FALSE,FALSE,FALSE,12258,수도권,127.163272614131,37.6087198113797,41_360
프렌닥터중앙의원,의원,031-592-2361,031-592-2362,경기도,남양주시,경기도 남양주시 경춘로 988 (금곡동),5,TRUE,TRUE,TRUE,TRUE,TRUE,12238,수도권,127.21135936369,37.6340281362732,41_360
권오윤내과의원,내과의원,031-515-8800,031-571-8745,경기도,남양주시,경기도 남양주시 퇴계원읍 퇴계원로46번길 1 ,5,TRUE,TRUE,TRUE,TRUE,TRUE,12122,수도권,127.141926239488,37.6505149425775,41_360
안종훈내과의원,내과의원,031-593-7390,031-593-7390,경기도,남양주시,"경기도 남양주시 화도읍 마석중앙로 78 메디닥터 빌딩 3,4층",5,TRUE,TRUE,TRUE,TRUE,TRUE,12180,수도권,127.308290735516,37.651901240607,41_360
한양성모의원,의원,031-573-7582,031-573-7582,경기도,남양주시,"경기도 남양주시 진건읍 사릉로 400 1층, 2층 (노아쇼핑) ",4,TRUE,TRUE,TRUE,TRUE,FALSE,12136,수도권,127.180222125394,37.6562601097446,41_360
이근산부인과의원,의원,031-577-0336,031-577-0336,경기도,남양주시,경기도 남양주시 와부읍 덕소로 123 2층,0,FALSE,FALSE,FALSE,FALSE,FALSE,12214,수도권,127.212897984698,37.5834480545588,41_360
염광의원,의원,031-572-2222,031-572-2222,경기도,남양주시,경기도 남양주시 퇴계원읍 퇴계원로 117 ,3,TRUE,TRUE,TRUE,FALSE,FALSE,12120,수도권,127.143609877055,37.6566179584022,41_360
남정우산부인과의원,의원,031-559-1004,031-559-1004,경기도,남양주시,"경기도 남양주시 늘을2로 26 504호 (호평동, 호평씨네마타워)",0,FALSE,FALSE,FALSE,FALSE,FALSE,12150,수도권,127.244107182497,37.65508880945,41_360
서울연합내과의원,내과의원,031-554-8275,031-554-8275,경기도,남양주시,"경기도 남양주시 별내5로5번길 11 302,303호 (별내동, 성산메디칼타워)",5,TRUE,TRUE,TRUE,TRUE,TRUE,12102,수도권,127.11265802797,37.6502715436488,41_360
서울의원,의원,031-528-2298,031-528-2297,경기도,남양주시,경기도 남양주시 진접읍 광릉내로 108 (진접읍),4,TRUE,TRUE,TRUE,TRUE,FALSE,12019,수도권,127.205917200593,37.7463981477319,41_360
메디피아산부인과의원,의원,031-595-8400,031-595-8400,경기도,남양주시,경기도 남양주시 경춘로 1511 (호평동),5,TRUE,TRUE,TRUE,TRUE,TRUE,12141,수도권,127.259389212535,37.6555573211894,41_360
오남삼성의원,의원,031-574-1235,031-574-1235,경기도,남양주시,경기도 남양주시 오남읍 진건오남로 664 ,2,TRUE,FALSE,TRUE,FALSE,FALSE,12039,수도권,127.214889940613,37.6919580783676,41_360
민산부인과의원,의원,031-574-2233,031-574-2233,경기도,남양주시,경기도 남양주시 진건읍 진건오남로 52-5,0,FALSE,FALSE,FALSE,FALSE,FALSE,12138,수도권,127.179390067354,37.6555931202993,41_360
김란산부인과의원,의원,031-521-0035,031-521-0035,경기도,남양주시,경기도 남양주시 와부읍 덕소로97번길 2 4층 (동산빌딩),0,FALSE,FALSE,FALSE,FALSE,FALSE,12211,수도권,127.212451786854,37.5854743776951,41_360
박내과의원,내과의원,031-594-7595,031-594-7595,경기도,남양주시,경기도 남양주시 화도읍 마석중앙로 66-1 2층,3,TRUE,TRUE,TRUE,FALSE,FALSE,12180,수도권,127.306950231184,37.652136378037,41_360
이명기내과의원,내과의원,031-572-0990,031-572-0990,경기도,남양주시,경기도 남양주시 진접읍 봉현로14번길 11 2층 ,5,TRUE,TRUE,TRUE,TRUE,TRUE,12013,수도권,127.181837313095,37.7159593062275,41_360
중앙내과의원,내과의원,031-593-8273,031-593-8273,경기도,남양주시,경기도 남양주시 화도읍 비룡로 62 404호 (중앙프라자),1,TRUE,FALSE,FALSE,FALSE,FALSE,12175,수도권,127.302111135394,37.6575315902364,41_360
늘푸른의원,의원,031-577-3826,031-577-3826,경기도,남양주시,"경기도 남양주시 와부읍 덕소로 270 204,205,207호 (한강우성상가)",3,TRUE,TRUE,TRUE,FALSE,FALSE,12275,수도권,127.22203999076,37.5781377038809,41_360
서울산부인과의원,의원,031-572-8024,031-572-8024,경기도,남양주시,경기도 남양주시 진접읍 장현천로 28 502호 (우경메디프라자),0,FALSE,FALSE,FALSE,FALSE,FALSE,12011,수도권,127.183879352572,37.7192044121841,41_360
진건메디의원,의원,031-514-5194,031-514-5194,경기도,남양주시,경기도 남양주시 진건읍 사릉로442번길 27 경진빌딩 2층,5,TRUE,TRUE,TRUE,TRUE,TRUE,12133,수도권,127.177815527295,37.6593938595528,41_360
강내과의원,내과의원,031-521-7002,031-521-7577,경기도,남양주시,경기도 남양주시 와부읍 덕소로 214,5,TRUE,TRUE,TRUE,TRUE,TRUE,12274,수도권,127.219802597431,37.579267861244,41_360
박종서내과의원,내과의원,031-591-7583,031-591-7582,경기도,남양주시,"경기도 남양주시 경춘로1308번길 2 3층 (평내동, 천마빌딩)",4,TRUE,TRUE,TRUE,TRUE,FALSE,12218,수도권,127.237999187946,37.6500670605901,41_360
강의원,의원,031-511-7512,031-511-7512,경기도,남양주시,경기도 남양주시 화도읍 묵현로 15 ,0,FALSE,FALSE,FALSE,FALSE,FALSE,12168,수도권,127.289614868369,37.6575719422303,41_360
현대정형외과의원,의원,031-576-6651,031-576-6651,경기도,남양주시,경기도 남양주시 와부읍 덕소로97번길 9 일신프라자 4층 ,1,TRUE,FALSE,FALSE,FALSE,FALSE,12209,수도권,127.213288246706,37.5861492434742,41_360
호평아산내과의원,내과의원,031-511-2830,031-511-2460,경기도,남양주시,"경기도 남양주시 늘을2로 26 메인시네마타워 402,407,410호 (호평동)",5,TRUE,TRUE,TRUE,TRUE,TRUE,12150,수도권,127.244107182497,37.65508880945,41_360
청학제일의원,의원,031-841-7585,031-841-7585,경기도,남양주시,경기도 남양주시 별내면 청학로114번길 10 3층 (한영빌딩),4,TRUE,TRUE,TRUE,TRUE,FALSE,12084,수도권,127.114656752341,37.7091492617459,41_360
별내마리산부인과의원,의원,031-564-7373,031-564-7373,경기도,남양주시,경기도 남양주시 별내3로 320 센트럴프라자 2~6층 (별내동) ,1,FALSE,FALSE,FALSE,FALSE,TRUE,12097,수도권,127.117815588067,37.6660084533196,41_360
한사랑의원,의원,031-572-8335,031-572-8335,경기도,남양주시,경기도 남양주시 퇴계원읍 경춘북로558번길 2 2층 ,3,TRUE,TRUE,TRUE,FALSE,FALSE,12126,수도권,127.145521813028,37.6479663675476,41_360
우리내과의원,내과의원,031-572-8275,031-572-8275,경기도,남양주시,경기도 남양주시 퇴계원읍 퇴계원로 93 ,2,TRUE,TRUE,FALSE,FALSE,FALSE,12120,수도권,127.143979702388,37.6548782527813,41_360
한나산부인과의원,의원,031-592-5100,031-592-5100,경기도,남양주시,"경기도 남양주시 늘을2로 20 5층 (호평동, 씨에취리베로)",0,FALSE,FALSE,FALSE,FALSE,FALSE,12150,수도권,127.244100117733,37.654488500865,41_360
삼성엠알진단방사선과의원,의원,031-559-4300,031-559-4300,경기도,남양주시,"경기도 남양주시 금곡로 72 센타프라자 501일부,502일부호 (금곡동)",5,TRUE,TRUE,TRUE,TRUE,TRUE,12237,수도권,127.21111058435,37.6344723162941,41_360
현대아산내과의원,내과의원,031-551-7511,031-551-7511,경기도,남양주시,경기도 남양주시 다산중앙로123번길 21-3 리더스타워 7층 (다산동),5,TRUE,TRUE,TRUE,TRUE,TRUE,12248,수도권,127.151456937496,37.6234020224511,41_360
휴메디병원,병원,031-554-8899,554-8899,경기도,남양주시,"경기도 남양주시 진접읍 금강로1521번길 1 2,3,4층 ",5,TRUE,TRUE,TRUE,TRUE,TRUE,12009,수도권,127.191921988273,37.7263719705083,41_360
삼성성인내과의원,내과의원,031-521-5844,031-521-5844,경기도,남양주시,경기도 남양주시 와부읍 덕소로 93 8층 (희빌딩),5,TRUE,TRUE,TRUE,TRUE,TRUE,12209,수도권,127.212409425043,37.5858664752987,41_360
고운여성의원,의원,031-573-7580,031-573-7580,경기도,남양주시,"경기도 남양주시 진접읍 해밀예당3로 60 401,402호 (호평프라자)",0,FALSE,FALSE,FALSE,FALSE,FALSE,12064,수도권,127.198388308384,37.7151331857407,41_360
행복한연세가정의학과의원,의원,031-554-6060,031-554-6060,경기도,남양주시,"경기도 남양주시 미금로 14 (도농동, 도농센트레빌아파트)",0,FALSE,FALSE,FALSE,FALSE,FALSE,12254,수도권,127.152876807921,37.6062838572377,41_360
서울아산내과의원,내과의원,031-559-6650,031-559-6650,경기도,남양주시,"경기도 남양주시 경춘로1256번길 9 401호 (평내동, 오렌지웰빙타워)",4,TRUE,TRUE,TRUE,TRUE,FALSE,12223,수도권,127.235408536392,37.6461151478452,41_360
주내과의원,내과의원,031-527-2700,031-527-2700,경기도,남양주시,"경기도 남양주시 퇴계원읍 퇴계원로 52 다모아빌딩 3층 304,305호",5,TRUE,TRUE,TRUE,TRUE,TRUE,12119,수도권,127.142396853669,37.6512308366036,41_360
한사랑내과의원,내과의원,031-521-7599,031-521-7599,경기도,남양주시,경기도 남양주시 와부읍 덕소로97번길 61 4층 (은산빌딩),3,TRUE,TRUE,TRUE,FALSE,FALSE,12209,수도권,127.218322605681,37.5880266246596,41_360
참의원,의원,031-591-4101,031-591-4101,경기도,남양주시,"경기도 남양주시 사릉로 14 303호 (금곡동, 금곡프라자) ",3,TRUE,TRUE,TRUE,FALSE,FALSE,12237,수도권,127.207668072057,37.6342709290322,41_360
조은산부인과의원,의원,031-511-3963,031-511-3963,경기도,남양주시,"경기도 남양주시 경춘로1256번길 6 다모아프라자 401,402,404,701,702,703호 (평내동)",0,FALSE,FALSE,FALSE,FALSE,FALSE,12223,수도권,127.234420408313,37.6459517852693,41_360
오남강내과의원,내과의원,031-527-7533,031-527-7533,경기도,남양주시,경기도 남양주시 오남읍 진건오남로 511 203호 (강남상가),3,TRUE,TRUE,TRUE,FALSE,FALSE,12048,수도권,127.209168450433,37.6797734731818,41_360
삼성서울연합의원,의원,031-591-1092,031-591-1092,경기도,남양주시,"경기도 남양주시 호평로67번길 1 2,3층 (호평동) ",5,TRUE,TRUE,TRUE,TRUE,TRUE,12147,수도권,127.247315047182,37.6563181823944,41_360
소망의원,의원,031-559-1798,031-559-1798,경기도,남양주시,"경기도 남양주시 금곡로 72 404호 (금곡동, 센타프라자)",0,FALSE,FALSE,FALSE,FALSE,FALSE,12237,수도권,127.21111058435,37.6344723162941,41_360
김경욱내과의원,내과의원,031-595-8575,031-595-8575,경기도,남양주시,"경기도 남양주시 평내로29번길 41 202호 (평내동, 메인플라자)",4,TRUE,TRUE,TRUE,TRUE,FALSE,12223,수도권,127.234988219379,37.6454164634755,41_360
관절사랑정형외과의원,의원,031-565-9119,031-565-9119,경기도,남양주시,경기도 남양주시 경춘로 368 브릭스타워 304~308호 (다산동) ,0,FALSE,FALSE,FALSE,FALSE,FALSE,12262,수도권,127.155639907562,37.6046087305946,41_360
편한내과의원,내과의원,031-565-0119,565-0119,경기도,남양주시,"경기도 남양주시 도농로 1 4층 (다산동, 상임빌딩)",5,TRUE,TRUE,TRUE,TRUE,TRUE,12260,수도권,127.157231133533,37.606107038614,41_360
연세가정의학과의원,의원,031-573-0599,031-573-0599,경기도,남양주시,"경기도 남양주시 진건읍 사릉로442번길 25 2층 1,2호",4,TRUE,TRUE,TRUE,TRUE,FALSE,12133,수도권,127.17771776419,37.6591259651398,41_360
연세스타의원,의원,031-529-6565,031-529-6565,경기도,남양주시,"경기도 남양주시 별내5로 189-130 상가동 208,209호 (별내동, 별내우미린스타포레)",0,FALSE,FALSE,FALSE,FALSE,FALSE,12095,수도권,127.131412254677,37.6660422012565,41_360
삼성에이스내과의원,내과의원,031-573-2009,031-573-2009,경기도,남양주시,경기도 남양주시 진접읍 해밀예당1로 40 401호 (화성프라자),4,TRUE,TRUE,TRUE,TRUE,FALSE,12066,수도권,127.186905679814,37.7122987492447,41_360
드림아이산부인과의원,의원,031-523-3333,031-523-3333,경기도,남양주시,경기도 남양주시 진접읍 해밀예당1로 79 1-5층,0,FALSE,FALSE,FALSE,FALSE,FALSE,12056,수도권,127.188611979399,37.7159330762428,41_360
한내과의원,내과의원,031-557-6200,031-557-6200,경기도,남양주시,"경기도 남양주시 퇴계원읍 퇴계원로 29 305호,309호 (송백타운) ",5,TRUE,TRUE,TRUE,TRUE,TRUE,12121,수도권,127.14074954214,37.6497292540821,41_360
미앤느여성의원,의원,031-576-2840,031-576-2840,경기도,남양주시,경기도 남양주시 와부읍 덕소로 93 7층 (희빌딩),0,FALSE,FALSE,FALSE,FALSE,FALSE,12209,수도권,127.212409425043,37.5858664752987,41_360
그릿시내내과의원,내과의원,031-575-3001,031-575-3001,경기도,남양주시,경기도 남양주시 별내5로5번길 1 (별내동),3,TRUE,TRUE,FALSE,TRUE,FALSE,12102,수도권,127.113520784019,37.6496497592945,41_360
신플러스내과의원,내과의원,031-575-8873,031-575-8875,경기도,남양주시,"경기도 남양주시 진접읍 해밀예당1로 30-9 5,6층",4,TRUE,TRUE,TRUE,TRUE,FALSE,12066,수도권,127.18677596952,37.7116338569202,41_360
참내과의원,내과의원,031-591-0875,031-591-0875,경기도,남양주시,"경기도 남양주시 화도읍 경춘로 1969-8 3층, 4층 (송림빌딩)",3,TRUE,TRUE,TRUE,FALSE,FALSE,12180,수도권,127.307194102969,37.6512855788898,41_360
드림산부인과의원,의원,031-591-9889,031-591-9889,경기도,남양주시,경기도 남양주시 화도읍 비룡로 30 2층 (하나클리닉),0,FALSE,FALSE,FALSE,FALSE,FALSE,12174,수도권,127.301271458257,37.654943332937,41_360
아이메디컬의원,의원,031-522-4227,010-5718-3004,경기도,남양주시,"경기도 남양주시 별내중앙로 30 로데오몰 5층 502, 503, 504-1호 (별내동) ",1,TRUE,FALSE,FALSE,FALSE,FALSE,12113,수도권,127.125688043791,37.6459185263235,41_360
프라임내과의원,내과의원,031-573-7362,031-573-7362,경기도,남양주시,"경기도 남양주시 별내2로 64 쎈타프라자 201,203,204호 (별내동)",5,TRUE,TRUE,TRUE,TRUE,TRUE,12113,수도권,127.124865371949,37.6464371949623,41_360
서봉수내과의원,내과의원,031-575-8778,031-575-8778,경기도,남양주시,경기도 남양주시 별내3로 340 3층 302호 (별내동),5,TRUE,TRUE,TRUE,TRUE,TRUE,12097,수도권,127.11663709946,37.6676939167694,41_360
The서울아산내과의원,내과의원,031-529-1119,031-529-1119,경기도,남양주시,경기도 남양주시 진접읍 장현천로 28 8층 802호 (우경메디프라자),5,TRUE,TRUE,TRUE,TRUE,TRUE,12011,수도권,127.183879352572,37.7192044121841,41_360
마석아산내과의원,내과의원,031-594-0039,031-594-0039,경기도,남양주시,"경기도 남양주시 화도읍 경춘로 1896-8 오월프라자 203호,204호,304호 ",5,TRUE,TRUE,TRUE,TRUE,TRUE,12178,수도권,127.298400587022,37.6520449710555,41_360
서울드림내과의원,내과의원,031-523-3320,031-523-3320,경기도,남양주시,경기도 남양주시 오남읍 진건오남로 813 4층 ,5,TRUE,TRUE,TRUE,TRUE,TRUE,12036,수도권,127.201887396446,37.6989919906577,41_360
임내과의원,내과의원,031-573-8272,573-8272,경기도,남양주시,"경기도 남양주시 순화궁로 357 4층 403호 (별내동, 화성프라자)",5,TRUE,TRUE,TRUE,TRUE,TRUE,12105,수도권,127.12475342208,37.658563363119,41_360
바른내과의원,내과의원,031-593-8500,031-593-8500,경기도,남양주시,경기도 남양주시 화도읍 비룡로 113 지호프라자 301호,4,TRUE,TRUE,TRUE,TRUE,FALSE,12166,수도권,127.302682046824,37.6619337490391,41_360
다산지아이내과의원,내과의원,031-567-7775,031-567-7775,경기도,남양주시,경기도 남양주시 경춘로 368 브릭스타워 2층 207호 (다산동),4,TRUE,TRUE,TRUE,TRUE,FALSE,12262,수도권,127.155639907562,37.6046087305946,41_360
진접아산내과의원,내과의원,031-573-5008,031-573-5008,경기도,남양주시,경기도 남양주시 진접읍 해밀예당1로 220 504-506호 (엠타워빌딩),5,TRUE,TRUE,TRUE,TRUE,TRUE,12059,수도권,127.202615761402,37.7200885469666,41_360
다산바른내과의원,내과의원,031-562-7070,031-562-7070,경기도,남양주시,경기도 남양주시 다산중앙로172번길 36 4층 (다산동),5,TRUE,TRUE,TRUE,TRUE,TRUE,12248,수도권,127.156041761418,37.6282104673512,41_360
별내편한내과의원,내과의원,031-845-7582,031-845-7582,경기도,남양주시,경기도 남양주시 별내면 청학로중앙길 9 청화빌딩 4층,5,TRUE,TRUE,TRUE,TRUE,TRUE,12084,수도권,127.118396973995,37.708694898309,41_360
다산정내과의원,내과의원,031-551-0400,031-551-0400,경기도,남양주시,"경기도 남양주시 다산지금로 142 3층 304, 305호 (다산동)",5,TRUE,TRUE,TRUE,TRUE,TRUE,12284,수도권,127.173470921447,37.6002914650741,41_360
다산소연산부인과의원,의원,031-523-2661,031-523-2661,경기도,남양주시,"경기도 남양주시 다산중앙로123번길 13 제이타워 6층 601,602,603,604호 (다산동)",1,FALSE,FALSE,FALSE,FALSE,TRUE,12248,수도권,127.151950078598,37.6235377977966,41_360
아산장편한내과의원,내과의원,031-527-0062,031-527-0062,경기도,남양주시,"경기도 남양주시 진접읍 금강로 1524 3, 4층 ",5,TRUE,TRUE,TRUE,TRUE,TRUE,12004,수도권,127.192877524035,37.7265384419765,41_360
다산길내과의원,내과의원,031-510-7501,031-510-7501,경기도,남양주시,경기도 남양주시 다산중앙로146번길 22 가하프라자 5층 501호 (다산동),4,TRUE,TRUE,TRUE,TRUE,FALSE,12285,수도권,127.154815821356,37.6258140183032,41_360
화도연합내과의원,내과의원,031-591-3330,031-591-3330,경기도,남양주시,경기도 남양주시 화도읍 마석중앙로 51 3층,5,TRUE,TRUE,TRUE,TRUE,TRUE,12179,수도권,127.305515222353,37.6529001694975,41_360
건강드림내과의원,내과의원,031-564-3838,031-564-3838,경기도,남양주시,"경기도 남양주시 다산순환로 350 5층 508,509,510호 (다산동)",5,TRUE,TRUE,TRUE,TRUE,TRUE,12285,수도권,127.155370161769,37.6256261548853,41_360
속편한아산내과의원,내과의원,031-592-5101,031-592-5101,경기도,남양주시,"경기도 남양주시 늘을2로 20 5층 (호평동, CH리베로빌딩)",5,TRUE,TRUE,TRUE,TRUE,TRUE,12150,수도권,127.244100117733,37.654488500865,41_360
연세별내내과의원,내과의원,031-527-3636,031-527-3636,경기도,남양주시,경기도 남양주시 별내중앙로 54 예스프라자프론티어 2층 (별내동),4,TRUE,TRUE,TRUE,TRUE,FALSE,12112,수도권,127.123868559782,37.6473160736326,41_360
서울굿모닝내과의원,내과의원,031-527-2533,031-527-2533,경기도,남양주시,경기도 남양주시 오남읍 진건오남로 527 2층,5,TRUE,TRUE,TRUE,TRUE,TRUE,12049,수도권,127.209470126858,37.6807887893284,41_360
서울온케어의원,의원,070-4107-0130,1577-7998,경기도,남양주시,"경기도 남양주시 다산중앙로123번길 21-5 8~9,4층 805호외, 406,407호 (다산동) ",1,TRUE,FALSE,FALSE,FALSE,FALSE,12248,수도권,127.151579265177,37.6231736455063,41_360
금곡의원,의원,031-559-7591,031-559-7591,경기도,남양주시,경기도 남양주시 홍유릉로 290-4 (금곡동),1,TRUE,FALSE,FALSE,FALSE,FALSE,12239,수도권,127.201732574504,37.6276967408308,41_360
바른아산내과의원,내과의원,031-515-5550,031-515-5550,경기도,남양주시,경기도 남양주시 다산중앙로123번길 22-80 1001~1004호 (다산동) ,5,TRUE,TRUE,TRUE,TRUE,TRUE,12248,수도권,127.150726535933,37.6248062439114,41_360
삼성베스트유외과의원,의원,031-591-3970,031-591-3970,경기도,남양주시,경기도 남양주시 늘을1로16번길 25 성보빌딩 504호 (호평동),1,FALSE,FALSE,FALSE,FALSE,TRUE,12149,수도권,127.242900261479,37.6540741840143,41_360
다산항외과의원,의원,031-564-5455,031-564-5455,경기도,남양주시,경기도 남양주시 다산중앙로 17 5층 (다산동),3,TRUE,TRUE,FALSE,TRUE,FALSE,12248,수도권,127.155116379519,37.6148685252442,41_360
남양주프라임정형외과의원,의원,031-510-7060,031-510-7060,경기도,남양주시,경기도 남양주시 오남읍 진건오남로 923 1~4층,4,TRUE,TRUE,TRUE,TRUE,FALSE,12036,수도권,127.192898887313,37.7052928617691,41_360
유앤미산부인과의원,의원,031-529-1501,031-529-1501,경기도,남양주시,경기도 남양주시 별내중앙로 10 아이플레이스 2층 216~219호 (별내동),0,FALSE,FALSE,FALSE,FALSE,FALSE,12113,수도권,127.127292049599,37.6448465284725,41_360
별내박내과의원,내과의원,031-574-8875,031-574-8875,경기도,남양주시,"경기도 남양주시 별내3로 328 광장프라자 301,302호 (별내동)",5,TRUE,TRUE,TRUE,TRUE,TRUE,12097,수도권,127.117329411662,37.6666922412984,41_360
채움플러스의원 별내,의원,031-571-7585,031-571-7585,경기도,남양주시,경기도 남양주시 별내5로5번길 15-1 4층 (별내동) ,5,TRUE,TRUE,TRUE,TRUE,TRUE,12102,수도권,127.112248397143,37.6505795296039,41_360
다산유외과의원,의원,031-555-1019,031-555-1019,경기도,남양주시,"경기도 남양주시 다산중앙로145번길 17 301,302호 (다산동)",1,FALSE,FALSE,FALSE,FALSE,TRUE,12248,수도권,127.150473660416,37.6252930091024,41_360
고려엔도홍내과의원,내과의원,031-571-7100,031-571-7100,경기도,남양주시,경기도 남양주시 진접읍 해밀예당3로 57 3층,5,TRUE,TRUE,TRUE,TRUE,TRUE,12065,수도권,127.197906413982,37.7147953203012,41_360
청담수여성의원,의원,031-8034-4560,010-4812-1594,경기도,남양주시,경기도 남양주시 진접읍 해밀예당3로 52 으뜸빌딩 301호,0,FALSE,FALSE,FALSE,FALSE,FALSE,12069,수도권,127.198564198269,37.7144890551463,41_360
삼성바른내과의원,내과의원,031-572-8575,031-572-8575,경기도,남양주시,경기도 남양주시 별내중앙로 24 이레타워 1동 403호 (별내동),5,TRUE,TRUE,TRUE,TRUE,TRUE,12113,수도권,127.126224455286,37.645449802714,41_360
성모온산부인과의원,의원,031-555-8575,031-555-8575,경기도,남양주시,"경기도 남양주시 다산중앙로145번길 17 5층 504,505호 (다산동)",0,FALSE,FALSE,FALSE,FALSE,FALSE,12248,수도권,127.150473660416,37.6252930091024,41_360
굿모닝메디의원,의원,031-994-0075,031-994-0075,경기도,남양주시,"경기도 남양주시 도농로 29 부영프라자 4층 404-2,405,406호 (다산동) ",5,TRUE,TRUE,TRUE,TRUE,TRUE,12255,수도권,127.156810748408,37.6084261125277,41_360
아산더편한산부인과의원,의원,031-510-1002,031-510-1002,경기도,남양주시,경기도 남양주시 늘을2로14번길 3 에이스프라자 8층 (호평동) ,0,FALSE,FALSE,FALSE,FALSE,FALSE,12150,수도권,127.244118468644,37.6541054561142,41_360
건강한내과의원,내과의원,031-593-3675,031-593-3675,경기도,남양주시,경기도 남양주시 화도읍 경춘로2248번길 15 남양주월산사랑으로부영1단지 2층 201호 ,4,TRUE,TRUE,TRUE,TRUE,FALSE,12190,수도권,127.337911958763,37.6546654017271,41_360
바른우리의원,의원,031-574-3998,031-574-3998,경기도,남양주시,경기도 남양주시 진건읍 진건오남로 69 2층 ,0,FALSE,FALSE,FALSE,FALSE,FALSE,12133,수도권,127.17830469108,37.6568939805963,41_360
서울퍼스트내과의원,내과의원,031-515-1500,031-515-1500,경기도,남양주시,경기도 남양주시 다산중앙로82번안길 118 306-311호 (다산동) ,5,TRUE,TRUE,TRUE,TRUE,TRUE,12249,수도권,127.164654898397,37.6120168594993,41_360
연세도곡내과의원,내과의원,031-576-7588,031-576-7588,경기도,남양주시,경기도 남양주시 와부읍 덕소로 226 골드타워 4층 ,5,TRUE,TRUE,TRUE,TRUE,TRUE,12274,수도권,127.221283004499,37.5794491681525,41_360
황창연내과의원,내과의원,031-594-9907,031-594-9907,경기도,남양주시,"경기도 남양주시 경춘로 1298 혜림빌딩 3층 305,306호 (평내동) ",4,TRUE,TRUE,TRUE,TRUE,FALSE,12218,수도권,127.236833362645,37.6491314853336,41_360
삼성프라임산부인과의원,의원,031-568-1110,031-568-1110,경기도,남양주시,경기도 남양주시 다산중앙로146번길 12-12 2~8층 (다산동) ,0,FALSE,FALSE,FALSE,FALSE,FALSE,12285,수도권,127.154389860014,37.6251974910436,41_360
마석심내과의원,내과의원,031-591-0119,031-591-0119,경기도,남양주시,"경기도 남양주시 화도읍 비룡로 58 정길프라자 501,502호 ",4,TRUE,TRUE,TRUE,TRUE,FALSE,12175,수도권,127.301986511972,37.6572329645644,41_360
다산우리내과의원,내과의원,031-555-2119,031-555-2119,경기도,남양주시,경기도 남양주시 다산중앙로123번길 21-7 신해센트럴타워Ⅰ 201~204호 (다산동) ,5,TRUE,TRUE,TRUE,TRUE,TRUE,12248,수도권,127.151740469328,37.6228454792336,41_360
김지영산부인과의원,의원,031-559-5777,031-559-5777,경기도,남양주시,경기도 남양주시 화도읍 경춘로1876번길 3 3층 303-2호 ,0,FALSE,FALSE,FALSE,FALSE,FALSE,12178,수도권,127.297013098673,37.6523849884937,41_360
청학의원,의원,031-821-6600,031-821-6600,경기도,남양주시,경기도 남양주시 별내면 청학로68번길 13 2층 (삼화빌딩) ,5,TRUE,TRUE,TRUE,TRUE,TRUE,12084,수도권,127.119372047411,37.7085592195957,41_360
김상희유외과의원,의원,031-510-4664,031-510-4664,경기도,남양주시,경기도 남양주시 다산중앙로 132 403~406호 (다산동) ,1,FALSE,FALSE,FALSE,FALSE,TRUE,12285,수도권,127.15331636875,37.6255542396617,41_360
남양주 퍼스트내과의원,내과의원,031-574-8270,010-9452-4445,경기도,남양주시,경기도 남양주시 오남읍 진건오남로 812 405호 ,4,TRUE,TRUE,TRUE,TRUE,FALSE,12036,수도권,127.202608960065,37.6990127368359,41_360
다산민내과의원,내과의원,031-523-2775,031-523-2775,경기도,남양주시,경기도 남양주시 다산중앙로123번길 22-8 리더스퀘어 305~308호 (다산동) ,5,TRUE,TRUE,TRUE,TRUE,TRUE,12248,수도권,127.151031115002,37.6242893190323,41_360
소화연웰니스내과의원,내과의원,031-558-1964,031-558-1964,경기도,남양주시,"경기도 남양주시 다산중앙로 153 상가동 211,212,213호 (다산동, 다산자이 아이비플레이스) ",5,TRUE,TRUE,TRUE,TRUE,TRUE,12248,수도권,127.150621535388,37.6267191714451,41_360
덕소탑내과의원,내과의원,031-522-4713,031-522-4713,경기도,남양주시,경기도 남양주시 와부읍 덕소로97번길 9 일신프라자 3층 301호 ,5,TRUE,TRUE,TRUE,TRUE,TRUE,12209,수도권,127.213288246706,37.5861492434742,41_360
고려제일내과의원,내과의원,070-4133-6515,070-4133-6515,경기도,남양주시,경기도 남양주시 진접읍 장현로 93 201호 ,4,TRUE,TRUE,TRUE,TRUE,FALSE,12014,수도권,127.182500683392,37.718638852264,41_360
오산한국병원,종합병원,031-379-8300,031-379-8300,경기도,오산시,경기도 오산시 밀머리로1번길 16 (원동),3,FALSE,TRUE,TRUE,FALSE,TRUE,18144,수도권,127.07550380227,37.1413399848365,41_370
조은오산병원,종합병원,031-373-1806,1544-5355,경기도,오산시,경기도 오산시 오산로 307 (오산동),3,FALSE,TRUE,TRUE,FALSE,TRUE,18136,수도권,127.068198142899,37.1542086626303,41_370
버팀병원,병원,070-4477-6744,031-1661-0032,경기도,오산시,"경기도 오산시 경기대로 274 B1,1,2,3,5층 (오산동)",4,TRUE,TRUE,TRUE,TRUE,FALSE,18134,수도권,127.074012141764,37.1493216145627,41_370
오산세종병원,병원,031-1670-8971,031-1670-8971,경기도,오산시,경기도 오산시 오산로 8 (갈곶동),2,TRUE,FALSE,TRUE,FALSE,FALSE,18146,수도권,127.067220997635,37.1276057620249,41_370
송호욱병원,병원,031-1800-6655,1800-6655,경기도,오산시,"경기도 오산시 내삼미로79번길 19 6층~8층, 10층 (수청동) ",4,TRUE,TRUE,TRUE,TRUE,FALSE,18114,수도권,127.064374832387,37.1694653456222,41_370
웰봄병원,병원,031-373-7685,031-373-7585,경기도,오산시,"경기도 오산시 경기대로 534 3층 303호, 5~10층 (수청동)",0,FALSE,FALSE,FALSE,FALSE,FALSE,18114,수도권,127.064074846189,37.1706268797303,41_370
삼성본병원,병원,031-377-0808,031-1522-7525,경기도,오산시,경기도 오산시 북삼미로 175 삼성본병원 A동 및 B동 (외삼미동),5,TRUE,TRUE,TRUE,TRUE,TRUE,18111,수도권,127.061473086028,37.1909362292924,41_370
오산메디컬재활요양병원,병원,031-375-0071,031-375-0071,경기도,오산시,경기도 오산시 청학로 60 (청학동) ,1,TRUE,FALSE,FALSE,FALSE,FALSE,18119,수도권,127.064860265715,37.1540900647332,41_370
김성우의원,의원,031-374-2509,031-374-2509,경기도,오산시,경기도 오산시 오산로 68 (갈곶동),0,FALSE,FALSE,FALSE,FALSE,FALSE,18146,수도권,127.069372854218,37.132781756531,41_370
우먼필산부인과의원,의원,031-378-5950,031-378-5950,경기도,오산시,경기도 오산시 대원로 34 (원동),1,FALSE,FALSE,FALSE,FALSE,TRUE,18141,수도권,127.072220433205,37.1461182811988,41_370
송철용의원,의원,031-374-9450,031-374-9450,경기도,오산시,"경기도 오산시 발안로 1355 (누읍동, 이림아파트상가)",0,FALSE,FALSE,FALSE,FALSE,FALSE,18125,수도권,127.047287594117,37.1415965343709,41_370
강정협내과의원,내과의원,031-377-8081,031-377-8081,경기도,오산시,"경기도 오산시 성호대로 89 204호 (오산동, 세명프라자)",4,TRUE,TRUE,TRUE,TRUE,FALSE,18135,수도권,127.071409913888,37.1491423682932,41_370
예가정의학과의원,의원,031-376-6300,031-376-6300,경기도,오산시,"경기도 오산시 수청로 201 402호 (금암동, 센타프라자)",1,TRUE,FALSE,FALSE,FALSE,FALSE,18109,수도권,127.032041971753,37.2485282920735,41_370
황운정산부인과의원,의원,031-378-9452,031-378-9452,경기도,오산시,경기도 오산시 대원로 6 3층 (원동),0,FALSE,FALSE,FALSE,FALSE,FALSE,18141,수도권,127.069008170728,37.1461077602882,41_370
유준상가정의학과의원,의원,031-377-9922,031-377-9922,경기도,오산시,"경기도 오산시 양산로410번길 12 306호 (양산동, 엠스퀘어빌딩)",0,FALSE,FALSE,FALSE,FALSE,FALSE,18105,수도권,127.030225221134,37.1953252765198,41_370
이호수내과의원,내과의원,031-375-7570,031-375-7570,경기도,오산시,"경기도 오산시 경기대로 174 304,305호 (원동, 다모아프라자)",3,TRUE,TRUE,FALSE,TRUE,FALSE,18144,수도권,127.073792972247,37.1402792522578,41_370
항편한외과의원,의원,031-373-3700,031-373-3700,경기도,오산시,경기도 오산시 오산로 209 5층 (오산동),3,TRUE,TRUE,FALSE,TRUE,FALSE,18137,수도권,127.068176621857,37.1454091991326,41_370
속편한내과의원,내과의원,031-377-3330,377-3330,경기도,오산시,"경기도 오산시 경기대로 189 메딕프라자 1동 3층 301,302,303,304호 (원동) ",4,TRUE,TRUE,TRUE,TRUE,FALSE,18143,수도권,127.073035595242,37.141785303692,41_370
무지개연합의원,의원,031-373-6727,031-373-6727,경기도,오산시,"경기도 오산시 경기대로 271 3층 (오산동, 롯데마트)",0,FALSE,FALSE,FALSE,FALSE,FALSE,18135,수도권,127.073047019053,37.1494512450072,41_370
연세정의원,의원,031-374-3677,031-374-3677,경기도,오산시,"경기도 오산시 오산로 300 2,4층 (오산동) ",4,TRUE,TRUE,TRUE,TRUE,FALSE,18136,수도권,127.068830277496,37.1537557854907,41_370
오산시민의원,의원,031-378-6402,031-378-6402,경기도,오산시,경기도 오산시 오산로 235 메디타워 3층 (오산동),1,TRUE,FALSE,FALSE,FALSE,FALSE,18137,수도권,127.068273591186,37.1479755420802,41_370
행복한가족의원,의원,031-374-7528,374-7528,경기도,오산시,경기도 오산시 동부대로 355 3층 (고현동),0,FALSE,FALSE,FALSE,FALSE,FALSE,18145,수도권,127.077899163416,37.1337639339842,41_370
참사랑내과의원,내과의원,031-372-3114,031-372-3114,경기도,오산시,"경기도 오산시 오산로 206 2층 201,202호 (원동)",4,TRUE,TRUE,TRUE,TRUE,FALSE,18141,수도권,127.068685442827,37.1452177905294,41_370
오산다원의료소비자생활협동조합 참조은의원,의원,031-831-3690,031-831-3690,경기도,오산시,"경기도 오산시 동부대로 332-13 가동 2층 201~205호, 3층 (고현동) ",0,FALSE,FALSE,FALSE,FALSE,FALSE,18151,수도권,127.079112103152,37.1321034647615,41_370
오산산부인과의원,의원,031-374-8555,031-374-8555,경기도,오산시,경기도 오산시 경기대로 154 5층 505~506호 (원동) ,1,FALSE,FALSE,FALSE,FALSE,TRUE,18144,수도권,127.073862014084,37.138475825833,41_370
건강한가족의원,의원,031-377-5355,031-377-5355,경기도,오산시,"경기도 오산시 성호대로 121 월드타워 3층 302,304호 (오산동) ",5,TRUE,TRUE,TRUE,TRUE,TRUE,18133,수도권,127.074847787903,37.1490540157797,41_370
삼성연합의원,의원,031-376-5475,031-376-5475,경기도,오산시,"경기도 오산시 오산대역로 214 G플레이스 오산 404,405호 (수청동)",1,TRUE,FALSE,FALSE,FALSE,FALSE,18114,수도권,127.065584631302,37.1708566340461,41_370
세교중앙내과의원,내과의원,031-378-6543,031-378-6543,경기도,오산시,"경기도 오산시 수청로 189 601,602호 (금암동, 웅신아트프라자)",5,TRUE,TRUE,TRUE,TRUE,TRUE,18109,수도권,127.045884738398,37.1768277354926,41_370
연세원내과의원,내과의원,031-8077-2123,031-8077-2123,경기도,오산시,경기도 오산시 내삼미로 93 백현프라자 3층 (수청동),5,TRUE,TRUE,TRUE,TRUE,TRUE,18114,수도권,127.065786240203,37.1705360165896,41_370
웰봄내과의원,내과의원,031-8077-2124,031-8077-2124,경기도,오산시,경기도 오산시 경기대로 534 4층 (수청동),5,TRUE,TRUE,TRUE,TRUE,TRUE,18114,수도권,127.064074846189,37.1706268797303,41_370
세교삼성내과의원,내과의원,031-377-1919,031-377-1919,경기도,오산시,경기도 오산시 수목원로 458 5층 (금암동),5,TRUE,TRUE,TRUE,TRUE,TRUE,18108,수도권,127.050521819346,37.1747407165322,41_370
장편한현내과의원,내과의원,031-373-4761,031-373-4761,경기도,오산시,경기도 오산시 경기대로 154 2층 220~224호 (원동) ,5,TRUE,TRUE,TRUE,TRUE,TRUE,18144,수도권,127.073862014084,37.138475825833,41_370
오케이성모내과의원,내과의원,031-8067-6888,031-8067-6888,경기도,오산시,경기도 오산시 오산로 244 4층 (오산동) ,5,TRUE,TRUE,TRUE,TRUE,TRUE,18138,수도권,127.068671539955,37.1486394832448,41_370
바른수내과의원,내과의원,031-894-5572,031-894-5572,경기도,오산시,"경기도 오산시 초평중앙로 127-4 4,5층 (가수동) ",5,TRUE,TRUE,TRUE,TRUE,TRUE,18125,수도권,127.047685965166,37.1438165880493,41_370
의료법인 록향의료재단 신천연합병원,종합병원,031-310-6327,031-310-6300,경기도,시흥시,"경기도 시흥시 복지로 57 복지로 61, 2층 (대야동) ",5,TRUE,TRUE,TRUE,TRUE,TRUE,14905,수도권,126.789381879949,37.4445299186921,41_390
의료법인 석경의료재단 센트럴병원,종합병원,031-8041-3033,031-8041-3000,경기도,시흥시,"경기도 시흥시 공단1대로 237 (정왕동, 센트럴 병원) ",4,FALSE,TRUE,TRUE,TRUE,TRUE,15079,수도권,126.727982612813,37.336844196739,41_390
의료법인 남촌의료재단 시화병원,종합병원,031-5189-0296,031-1811-7000,경기도,시흥시,경기도 시흥시 군자천로 381 시화병원 (정왕동) ,4,FALSE,TRUE,TRUE,TRUE,TRUE,15034,수도권,126.736840890651,37.3498755195619,41_390
의료법인 풍진의료재단 스마트허브병원,병원,031-431-0119,031-431-0119,경기도,시흥시,"경기도 시흥시 공단1대로 263 스마트허브 N-CITY 지하01호, 113호~121호, 127호, 153호,호 (정왕동) ",4,FALSE,TRUE,TRUE,TRUE,TRUE,15079,수도권,126.730532334243,37.3355156983568,41_390
흥케이병원,병원,-1551-1119,031-314-7575,경기도,시흥시,경기도 시흥시 능곡번영길 22 더나은프라자 5~8층 (능곡동) ,5,TRUE,TRUE,TRUE,TRUE,TRUE,14999,수도권,126.807896521047,37.3699086163252,41_390
삼성본어스병원,병원,031-1522-5211,1522-5211,경기도,시흥시,경기도 시흥시 은계중앙로306번길 82 (대야동),4,TRUE,TRUE,TRUE,TRUE,FALSE,15120,수도권,126.794797634984,37.4511275592789,41_390
연세더바로병원,병원,-1599-5588,1599-5588,경기도,시흥시,"경기도 시흥시 수인로 3330 301호, 4~8층 (대야동) ",5,TRUE,TRUE,TRUE,TRUE,TRUE,14911,수도권,126.788780919886,37.4394224430171,41_390
일어나병원,병원,031-317-0111,031-317-0111,경기도,시흥시,경기도 시흥시 황고개로 472 2~5층 (장곡동) ,4,TRUE,TRUE,TRUE,TRUE,FALSE,14996,수도권,126.790653296695,37.373132590786,41_390
구본건산부인과의원,의원,031-312-7575,031-312-7575,경기도,시흥시,경기도 시흥시 삼미시장1길 5 104호 (신천동),0,FALSE,FALSE,FALSE,FALSE,FALSE,14948,수도권,126.785542308993,37.4397681868494,41_390
참진의원,의원,031-365-3619,031-365-3619,경기도,시흥시,경기도 시흥시 수인로3381번길 27 2층 (신천동),1,TRUE,FALSE,FALSE,FALSE,FALSE,14948,수도권,126.782682966274,37.438877538147,41_390
우리의원,의원,031-506-1075,031-506-1075,경기도,시흥시,경기도 시흥시 인선길 21 노블레스빌딩 2~3층 (장곡동) ,1,TRUE,FALSE,FALSE,FALSE,FALSE,15002,수도권,126.786090798647,37.3770018917096,41_390
세종내과의원,내과의원,031-431-2343,031-431-2343,경기도,시흥시,"경기도 시흥시 함송로 24 세종프라자 202,303,304호 (정왕동) ",4,TRUE,TRUE,TRUE,TRUE,FALSE,15020,수도권,126.730387933666,37.3632165275906,41_390
연세탑의원,의원,031-509-5075,031-509-5075,경기도,시흥시,"경기도 시흥시 배곧4로 32-19 3층 304호, 305호 (배곧동)",0,FALSE,FALSE,FALSE,FALSE,FALSE,15010,수도권,126.726234378237,37.3772903404326,41_390
중앙산부인과의원,의원,031-313-3333,031-313-3333,경기도,시흥시,"경기도 시흥시 복지로 77 대야로34, 2층 (대야동) ",5,TRUE,TRUE,TRUE,TRUE,TRUE,14905,수도권,126.790525604366,37.4462352260225,41_390
도일의원,의원,031-495-8738,031-495-8738,경기도,시흥시,"경기도 시흥시 군자로 514 301호 (거모동, 거모프라자)",3,TRUE,TRUE,TRUE,FALSE,FALSE,15070,수도권,126.784827878527,37.34429443915,41_390
매화가정의학과의원,의원,031-313-2202,031-313-2202,경기도,시흥시,경기도 시흥시 매화1로 3 (매화동),2,TRUE,FALSE,TRUE,FALSE,FALSE,14940,수도권,126.814751667402,37.4156134937574,41_390
더클래식산부인과의원,의원,031-431-7110,031-431-7110,경기도,시흥시,경기도 시흥시 중심상가2길 2 4층 (정왕동),0,FALSE,FALSE,FALSE,FALSE,FALSE,15066,수도권,126.735778155911,37.3459490888202,41_390
한사랑의원,의원,031-499-7582,031-499-7582,경기도,시흥시,경기도 시흥시 중심상가4길 18 (정왕동),2,TRUE,TRUE,FALSE,FALSE,FALSE,15066,수도권,126.737571888113,37.3437851196273,41_390
시화윤내과의원,내과의원,031-431-4073,031-431-4073,경기도,시흥시,"경기도 시흥시 옥구상가2길 3 306호 (정왕동, 뉴스타프라자)",3,TRUE,TRUE,TRUE,FALSE,FALSE,15040,수도권,126.724419185833,37.3536833528818,41_390
가까운의원,의원,031-431-8277,031-431-8277,경기도,시흥시,경기도 시흥시 죽율로 38 206호 (죽율동) ,0,FALSE,FALSE,FALSE,FALSE,FALSE,15050,수도권,126.761281592611,37.3480405234517,41_390
제일내과의원,내과의원,031-404-2228,031-404-2228,경기도,시흥시,경기도 시흥시 하중로 199 2층 (하중동),3,TRUE,TRUE,TRUE,FALSE,FALSE,14976,수도권,126.805020986178,37.3939872587701,41_390
장현가정의학과의원,의원,031-318-6347,031-318-6347,경기도,시흥시,"경기도 시흥시 새재로7번길 6 1,2층 (장현동)",0,FALSE,FALSE,FALSE,FALSE,FALSE,14998,수도권,126.801191095915,37.3808947100829,41_390
한사랑산부인과의원,의원,031-317-8375,031-317-8375,경기도,시흥시,"경기도 시흥시 진말로 20 2층 일부, 3층 302호 (장곡동)",0,FALSE,FALSE,FALSE,FALSE,FALSE,15002,수도권,126.785791596091,37.3791079421499,41_390
참산부인과의원,의원,031-314-6666,031-314-6666,경기도,시흥시,"경기도 시흥시 신천천동로 7 두성빌딩 4,5층 (신천동) ",1,FALSE,FALSE,FALSE,FALSE,TRUE,14949,수도권,126.786270080857,37.4392305186616,41_390
시화박산부인과의원,의원,031-319-7861,031-319-7862,경기도,시흥시,"경기도 시흥시 정왕대로 184 3층 (정왕동, 한성타운) ",0,FALSE,FALSE,FALSE,FALSE,FALSE,15036,수도권,126.734411593334,37.3474776845175,41_390
에덴산부인과의원,의원,031-319-5276,031-319-5275,경기도,시흥시,"경기도 시흥시 정왕대로 230 402호 (정왕동, 제일프라자)",0,FALSE,FALSE,FALSE,FALSE,FALSE,15066,수도권,126.738508432833,37.344967088786,41_390
조은내과의원,내과의원,031-434-9700,031-434-9700,경기도,시흥시,"경기도 시흥시 정왕대로 220 우리메디칼센타 4~5층, B1층 405호~407호, 501호~502호, B102호 (정왕동)",5,TRUE,TRUE,TRUE,TRUE,TRUE,15066,수도권,126.737689414969,37.3454916557568,41_390
김서경산부인과의원,의원,031-433-6677,031-433-6677,경기도,시흥시,"경기도 시흥시 정왕대로 220 5층 504호 (정왕동, 우리빌딩) ",0,FALSE,FALSE,FALSE,FALSE,FALSE,15066,수도권,126.737689414969,37.3454916557568,41_390
이배진내과의원,내과의원,031-317-8375,031-317-8375,경기도,시흥시,"경기도 시흥시 진말로 20 2층, 1층 일부층 (장곡동)",5,TRUE,TRUE,TRUE,TRUE,TRUE,15002,수도권,126.785791596091,37.3791079421499,41_390
동서외과의원,의원,031-433-8275,031-433-8275,경기도,시흥시,"경기도 시흥시 정왕대로 174 301호,306-308호 (정왕동, 광개토빌딩)",5,TRUE,TRUE,TRUE,TRUE,TRUE,15036,수도권,126.733487876704,37.348135879561,41_390
경기시흥내과의원,내과의원,031-507-3111,031-507-3111,경기도,시흥시,"경기도 시흥시 비둘기공원로 8 302호 (대야동, 시흥메디칼)",4,TRUE,TRUE,TRUE,TRUE,FALSE,14912,수도권,126.790462966183,37.4440583578658,41_390
김희승내과의원,내과의원,031-432-5544,031-432-5544,경기도,시흥시,경기도 시흥시 군서마을로 36 2층 (정왕동),0,FALSE,FALSE,FALSE,FALSE,FALSE,15052,수도권,126.747827509503,37.3452830373816,41_390
시화성모의원,의원,031-434-1119,031-434-1119,경기도,시흥시,"경기도 시흥시 중심상가로 47 2,3층 (정왕동)",2,TRUE,TRUE,FALSE,FALSE,FALSE,15040,수도권,126.723598355943,37.352463881656,41_390
재)제일산업의학연구소부설녹색의원,의원,031-433-9241,031-432-5900,경기도,시흥시,"경기도 시흥시 중심상가로 334 3층.4층.5층 301호,401호,501호.502호 (정왕동)",0,FALSE,FALSE,FALSE,FALSE,FALSE,15062,수도권,126.748989316883,37.3362460333714,41_390
우리내과의원,내과의원,031-404-4037,031-404-4037,경기도,시흥시,경기도 시흥시 수인로 3362 태종빌딩 4층 일부층 (신천동),4,TRUE,TRUE,TRUE,TRUE,FALSE,14910,수도권,126.78548589455,37.4406489153753,41_390
드림내과의원,내과의원,031-431-7788,031-431-7788,경기도,시흥시,경기도 시흥시 역전로 292 2층 (정왕동),5,TRUE,TRUE,TRUE,TRUE,TRUE,15024,수도권,126.739829392405,37.3521045115451,41_390
가온내과의원,내과의원,031-317-7588,031-317-7588,경기도,시흥시,경기도 시흥시 승지로59번길 12 시티타워 4층 406~409호 (능곡동),5,TRUE,TRUE,TRUE,TRUE,TRUE,14995,수도권,126.809033453285,37.3688929302135,41_390
마음속내과의원,내과의원,031-506-7000,031-506-7000,경기도,시흥시,"경기도 시흥시 정왕대로 230 제일프라자 202-1,203,204,305호 (정왕동)",5,TRUE,TRUE,TRUE,TRUE,TRUE,15066,수도권,126.738508432833,37.344967088786,41_390
박재성내과의원,내과의원,031-317-8003,031-317-8003,경기도,시흥시,"경기도 시흥시 연성로 83 301,302호 (하상동, 현대프라자)",4,TRUE,TRUE,TRUE,TRUE,FALSE,14977,수도권,126.812827404792,37.3910724548575,41_390
시흥내과의원,내과의원,031-313-7800,031-313-7800,경기도,시흥시,"경기도 시흥시 수인로 3366 302호 (신천동, 삼영아트빌)",5,TRUE,TRUE,TRUE,TRUE,TRUE,14910,수도권,126.784962641977,37.4408681722776,41_390
베스트내과의원,내과의원,031-317-9226,031-317-9226,경기도,시흥시,"경기도 시흥시 승지로60번길 25 201~202호 (능곡동, 송죽센타프라자)",1,TRUE,FALSE,FALSE,FALSE,FALSE,14995,수도권,126.812257433445,37.3679868850966,41_390
연세내과의원,내과의원,031-311-6688,031-311-6688,경기도,시흥시,"경기도 시흥시 수인로 3378 2,3층 (신천동, 반석프라자)",5,TRUE,TRUE,TRUE,TRUE,TRUE,14910,수도권,126.783774013792,37.4413708416439,41_390
최내과의원,내과의원,031-315-0875,031-315-0875,경기도,시흥시,경기도 시흥시 복지로 96 A&C빌딩 3층 801~802호 (대야동) ,4,TRUE,TRUE,TRUE,TRUE,FALSE,14908,수도권,126.791831822379,37.4472717162371,41_390
녹향의원,의원,031-310-5336,031-310-5700,경기도,시흥시,경기도 시흥시 하중로 127 (하중동),4,FALSE,TRUE,TRUE,TRUE,TRUE,14975,수도권,126.800436636641,37.3993378894818,41_390
한마음내과의원,내과의원,031-312-2277,031-312-2277,경기도,시흥시,"경기도 시흥시 수인로 3372 401,402호 (신천동)",4,TRUE,TRUE,TRUE,TRUE,FALSE,14910,수도권,126.784348865787,37.4411292489516,41_390
속사랑내과의원,내과의원,031-496-8737,031-496-8737,경기도,시흥시,경기도 시흥시 정왕대로 56 2층 203호 (정왕동),4,TRUE,TRUE,TRUE,TRUE,FALSE,15040,수도권,126.723018122507,37.3545169532043,41_390
누가의원,의원,031-431-7776,031-431-7776,경기도,시흥시,"경기도 시흥시 함송로 21 301호 (정왕동, 굿모닝프라자)",2,TRUE,TRUE,FALSE,FALSE,FALSE,15020,수도권,126.73071593439,37.3637645569587,41_390
연세베스트의원,의원,031-488-9910,031-488-9910,경기도,시흥시,"경기도 시흥시 서울대학로278번길 19-13 107동 2층 A206호~A208호 (배곧동, 시흥배곧 C1 호반 써밋플레이스)",0,FALSE,FALSE,FALSE,FALSE,FALSE,15010,수도권,126.727970634048,37.3705044199436,41_390
사랑내과의원,내과의원,031-497-1002,031-497-1002,경기도,시흥시,"경기도 시흥시 배곧3로 80 4층 402호 (정왕동, 센터프라자)",1,TRUE,FALSE,FALSE,FALSE,FALSE,15010,수도권,126.728963255339,37.3705213854665,41_390
서울열린내과의원,내과의원,031-404-7533,031-404-7533,경기도,시흥시,"경기도 시흥시 대은로 100 2층 (은행동, 넥스타운주상복합아파트) ",4,TRUE,TRUE,TRUE,TRUE,FALSE,14916,수도권,126.799385733187,37.4452891261087,41_390
배곧누리의원,의원,031-499-2223,031-499-2223,경기도,시흥시,경기도 시흥시 배곧5로 66-7 더 프리미엄 타워 3층 301호~303호 (배곧동),0,FALSE,FALSE,FALSE,FALSE,FALSE,15010,수도권,126.734719591414,37.3821400563113,41_390
예진산부인과의원,의원,031-431-1134,031-431-1134,경기도,시흥시,"경기도 시흥시 정왕대로 78 (정왕동, B동 306호, 407호, 408호)",0,FALSE,FALSE,FALSE,FALSE,FALSE,15040,수도권,126.72517452504,37.3533071298355,41_390
목감마음속내과의원,내과의원,031-504-4020,031-504-4020,경기도,시흥시,경기도 시흥시 목감우회로 51 4층 401~402호 (목감동),5,TRUE,TRUE,TRUE,TRUE,TRUE,14985,수도권,126.861958216347,37.3822556593857,41_390
상쾌한속내과의원,내과의원,031-313-7582,031-313-7582,경기도,시흥시,경기도 시흥시 삼미시장1길 5 3층 (신천동),5,TRUE,TRUE,TRUE,TRUE,TRUE,14948,수도권,126.785542308993,37.4397681868494,41_390
시흥희망의료복지 사회적협동조합 희망의원,의원,031-315-2580,031-315-2580,경기도,시흥시,"경기도 시흥시 은행로167번길 6 401호, 402(일부)호 (대야동, 청송빌딩) ",3,TRUE,TRUE,TRUE,FALSE,FALSE,14914,수도권,126.797986094339,37.4456427323688,41_390
서울삼성내과의원,내과의원,031-431-7117,031-431-7117,경기도,시흥시,"경기도 시흥시 배곧3로 96 411호~412호 (정왕동, M-플러스)",4,TRUE,TRUE,TRUE,TRUE,FALSE,15010,수도권,126.730011406139,37.3698180111966,41_390
목감연세내과의원,내과의원,031-411-0818,031-411-0818,경기도,시흥시,"경기도 시흥시 목감남서로 9-19 401,402호 (조남동)",5,TRUE,TRUE,TRUE,TRUE,TRUE,14988,수도권,126.852770913108,37.3777849619629,41_390
365서울가정의학과의원,의원,031-319-6429,031-319-6429,경기도,시흥시,"경기도 시흥시 배곧1로 27-15 2층 201~202호 (정왕동, 한라비발디캠퍼스)",0,FALSE,FALSE,FALSE,FALSE,FALSE,15011,수도권,126.712516180176,37.3653496024812,41_390
이연정내과의원,내과의원,031-313-1900,031-313-1900,경기도,시흥시,경기도 시흥시 비둘기공원1길 25 우곡프라자 202호 (대야동),3,TRUE,TRUE,TRUE,FALSE,FALSE,14912,수도권,126.791287372988,37.4414830085878,41_390
은계탑내과의원,내과의원,031-509-7577,031-509-7577,경기도,시흥시,경기도 시흥시 은계로 260 우평 라비엔빌딩 4층 403~405호 (은행동),4,TRUE,TRUE,TRUE,TRUE,FALSE,14923,수도권,126.80314626122,37.4448174617724,41_390
연세드림내과의원,내과의원,031-316-8275,031-316-8275,경기도,시흥시,경기도 시흥시 은계번영길 1 태산W타워 401~408호 (은행동) ,5,TRUE,TRUE,TRUE,TRUE,TRUE,14922,수도권,126.801608573148,37.436560703562,41_390
연세은혜산부인과의원,의원,031-364-8175,031-364-8175,경기도,시흥시,경기도 시흥시 목감남서로 9-19 301호 (조남동),0,FALSE,FALSE,FALSE,FALSE,FALSE,14988,수도권,126.852770913108,37.3777849619629,41_390
삼성바른내과의원,내과의원,031-311-2479,031-311-2479,경기도,시흥시,경기도 시흥시 은계번영길 23 은계타운 506~507호 (은행동),5,TRUE,TRUE,TRUE,TRUE,TRUE,14923,수도권,126.803904308452,37.4371091976549,41_390
은계하나내과의원,내과의원,031-317-2111,031-317-2111,경기도,시흥시,경기도 시흥시 은계번영길 19 은계 디스퀘어큐브 4층 403~404호 (은행동),5,TRUE,TRUE,TRUE,TRUE,TRUE,14923,수도권,126.803011549692,37.4372336750016,41_390
능곡하나내과의원,내과의원,031-364-8393,031-364-8393,경기도,시흥시,경기도 시흥시 장현능곡로 188 SG프라자 3층 301호 (능곡동),4,TRUE,TRUE,TRUE,TRUE,FALSE,14995,수도권,126.810996049187,37.3693130769717,41_390
서울성모의원,의원,031-431-7587,031-431-7585,경기도,시흥시,"경기도 시흥시 거북섬로 207 2~3층 108,109호 (정왕동) ",0,FALSE,FALSE,FALSE,FALSE,FALSE,15119,수도권,126.687571456348,37.3227222170291,41_390
새론산부인과의원,의원,031-311-0345,031-311-0345,경기도,시흥시,경기도 시흥시 은계번영길 23 은계타운 501~502호 (은행동),0,FALSE,FALSE,FALSE,FALSE,FALSE,14923,수도권,126.803904308452,37.4371091976549,41_390
연세우리내과의원,내과의원,031-507-2479,031-507-2479,경기도,시흥시,경기도 시흥시 배곧3로 86 센터프라자2 3층 301호~302호 (배곧동),5,TRUE,TRUE,TRUE,TRUE,TRUE,15010,수도권,126.729386419289,37.3702602467607,41_390
성모베스트내과의원,내과의원,031-315-2121,031-315-2121,경기도,시흥시,"경기도 시흥시 장곡로 50 (주)진보유통 301호 일부, 303호 (장곡동) ",5,TRUE,TRUE,TRUE,TRUE,TRUE,15002,수도권,126.783163854703,37.3797108032604,41_390
365장곡편한내과의원,내과의원,031-311-7553,031-311-7553,경기도,시흥시,경기도 시흥시 장현장곡로 2 4층 403~405호 (장곡동),5,TRUE,TRUE,TRUE,TRUE,TRUE,14996,수도권,126.789281573001,37.3788248032924,41_390
원산부인과의원,의원,031-315-7701,031-315-7701,경기도,시흥시,경기도 시흥시 능곡번영길 24 4층 405~407호 (능곡동),0,FALSE,FALSE,FALSE,FALSE,FALSE,14999,수도권,126.807461216026,37.3700799141055,41_390
리움산부인과의원,의원,031-548-2619,031-548-2619,경기도,시흥시,경기도 시흥시 서울대학로278번길 43-13 502호 (배곧동),0,FALSE,FALSE,FALSE,FALSE,FALSE,15011,수도권,126.730190993993,37.3692262684235,41_390
김철수내과의원,내과의원,031-503-0872,031-503-0872,경기도,시흥시,"경기도 시흥시 능곡번영길 30 센텀시티 210~213, 307~313호 (능곡동) ",5,TRUE,TRUE,TRUE,TRUE,TRUE,14999,수도권,126.806650618584,37.370218701096,41_390
시흥드림항유외과의원,의원,031-316-5553,031-316-5553,경기도,시흥시,경기도 시흥시 능곡번영길 30 6층 607~609호 (능곡동),5,TRUE,TRUE,TRUE,TRUE,TRUE,14999,수도권,126.806650618584,37.370218701096,41_390
대일유외과의원,의원,031-548-0651,031-548-0651,경기도,시흥시,경기도 시흥시 황고개로 530 5층 502~503호 (장곡동),1,FALSE,FALSE,FALSE,FALSE,TRUE,14996,수도권,126.789251366352,37.3782007909904,41_390
장곡맑은위내과의원,내과의원,031-507-1000,031-507-1000,경기도,시흥시,경기도 시흥시 황고개로 528 3층 301~305호 (장곡동),5,TRUE,TRUE,TRUE,TRUE,TRUE,14996,수도권,126.789234977478,37.3779245981918,41_390
서울진외과의원,의원,031-313-7579,031-313-7579,경기도,시흥시,경기도 시흥시 은계로 347 3층 303A~306A호 (대야동),3,TRUE,TRUE,FALSE,TRUE,FALSE,14907,수도권,126.795011626328,37.449990132468,41_390
우리서울내과의원,내과의원,031-8042-7559,031-8042-7559,경기도,시흥시,"경기도 시흥시 도일로124번길 2 2층 203,204호 (거모동) ",4,TRUE,TRUE,TRUE,TRUE,FALSE,15069,수도권,126.784169193648,37.3413580490656,41_390
서울안녕내과의원,내과의원,031-316-8857,031-316-8857,경기도,시흥시,"경기도 시흥시 월곶중앙로58번길 5-6 2층 214~220호 (월곶동, 시흥 월곶역 블루밍더마크) ",5,TRUE,TRUE,TRUE,TRUE,TRUE,14966,수도권,126.738758120593,37.3894945307695,41_390
더나은신경과내과의원,내과의원,031-509-5100,031-509-5100,경기도,시흥시,경기도 시흥시 서울대학로264번길 26-12 배곧에토스 3층 (배곧동) ,5,TRUE,TRUE,TRUE,TRUE,TRUE,15011,수도권,126.726039120713,37.3673685449505,41_390
심편한내과의원,내과의원,031-484-7700,031-484-7700,경기도,시흥시,경기도 시흥시 수풀안길 14-22 로얄팰리스 4차 301~308호 (조남동) ,5,TRUE,TRUE,TRUE,TRUE,TRUE,14986,수도권,126.862008500858,37.3812487342026,41_390
서울베스트의원,의원,031-362-5533,031-362-5533,경기도,시흥시,"경기도 시흥시 정왕시장길 52 정왕시장 202-1,203,204호 (정왕동) ",1,TRUE,FALSE,FALSE,FALSE,FALSE,15052,수도권,126.748961230255,37.3455661186166,41_390
배곧참조은항외과의원,의원,031-319-3533,031-319-3533,경기도,시흥시,경기도 시흥시 서울대학로264번길 26-16 해든메디컬센터 413~417호 (배곧동) ,3,TRUE,TRUE,FALSE,TRUE,FALSE,15011,수도권,126.725647233178,37.3669473090485,41_390
성모퍼스트내과의원,내과의원,031-311-7511,031-311-7511,경기도,시흥시,"경기도 시흥시 은계번영길 9 골드웨이Ⅰ 301~306, 309~310호 (은행동) ",5,TRUE,TRUE,TRUE,TRUE,TRUE,14922,수도권,126.801635210149,37.4374709529433,41_390
전지한산부인과의원,의원,031-8042-3042,031-8042-3042,경기도,시흥시,경기도 시흥시 배곧3로 96 M-플러스 305호 (배곧동) ,0,FALSE,FALSE,FALSE,FALSE,FALSE,15011,수도권,126.730011406139,37.3698180111966,41_390
원광대학교 산본병원,종합병원,031-390-2726,031-390-2300,경기도,군포시,경기도 군포시 산본로 321 (산본동),5,TRUE,TRUE,TRUE,TRUE,TRUE,15865,수도권,126.933603275227,37.3594127912491,41_410
효산의료재단 지샘병원,종합병원,031-389-3430,031-389-3000,경기도,군포시,"경기도 군포시 군포로 591 (당동, (G샘병원)군포샘병원)",4,FALSE,TRUE,TRUE,TRUE,TRUE,15839,수도권,126.947278422291,37.3586931783039,41_410
산본제일병원,병원,031-390-3700,031-396-3301,경기도,군포시,경기도 군포시 산본로 374 (산본동),5,TRUE,TRUE,TRUE,TRUE,TRUE,15818,수도권,126.931136964802,37.3636482809501,41_410
남천병원,병원,031-390-2062,031-390-2114,경기도,군포시,경기도 군포시 고산로 575 (산본동),3,FALSE,TRUE,TRUE,FALSE,TRUE,15820,수도권,126.925976441553,37.364683867541,41_410
연세항맥외과의원,의원,031-393-0633,031-393-3305,경기도,군포시,"경기도 군포시 군포로 470 경림빌딩 201,202,203,204,401호 (당동) ",5,TRUE,TRUE,TRUE,TRUE,TRUE,15856,수도권,126.944078471125,37.3481867087071,41_410
좋은숨김휘정내과의원,내과의원,031-398-3004,031-398-3004,경기도,군포시,"경기도 군포시 산본로323번길 16-7 8층 803호 (산본동, 롯데프라자)",4,TRUE,TRUE,TRUE,TRUE,FALSE,15865,수도권,126.931756983661,37.3592229752379,41_410
오내과의원,내과의원,031-392-2811,031-392-2811,경기도,군포시,"경기도 군포시 번영로 502 (금정동, 역사상가 502,503,506,506-1호)",3,TRUE,TRUE,TRUE,FALSE,FALSE,15862,수도권,126.933414110784,37.357601799677,41_410
김정호내과의원,내과의원,031-394-5631,031-394-5631,경기도,군포시,경기도 군포시 금산로 106 2층 (산본동),3,TRUE,TRUE,TRUE,FALSE,FALSE,15806,수도권,126.936516023701,37.3714288584968,41_410
남연호내과의원,내과의원,031-396-7800,031-396-7800,경기도,군포시,"경기도 군포시 산본로323번길 15 404,405호 (산본동, 동산빌딩)",3,TRUE,TRUE,TRUE,FALSE,FALSE,15865,수도권,126.93224852913,37.3586377701212,41_410
홍기영내과의원,내과의원,031-395-8221,031-395-8221,경기도,군포시,"경기도 군포시 광정로 68 304호 (산본동, 산본시네마타운)",3,TRUE,TRUE,TRUE,FALSE,FALSE,15865,수도권,126.930397112678,37.3592548000752,41_410
김석헌내과의원,내과의원,031-393-1741,031-393-1741,경기도,군포시,"경기도 군포시 산본로323번길 23 3층 (산본동, 동선빌딩)",4,TRUE,TRUE,TRUE,TRUE,FALSE,15865,수도권,126.931550218995,37.3584465304539,41_410
연세속시원의원,의원,031-392-3090,031-392-3090,경기도,군포시,"경기도 군포시 번영로 502 (금정동, 역사상가 301,307,311,313,314,315,316,405호)",5,TRUE,TRUE,TRUE,TRUE,TRUE,15862,수도권,126.933414110784,37.357601799677,41_410
김성근내과의원,내과의원,031-398-7582,031-398-7582,경기도,군포시,"경기도 군포시 광정로 80 404호 (산본동, 신원빌딩)",3,TRUE,TRUE,TRUE,FALSE,FALSE,15865,수도권,126.929557570869,37.3602932777565,41_410
천내과의원,내과의원,031-458-7576,031-458-7576,경기도,군포시,"경기도 군포시 군포로 494 205호 (당동, 당동빌딩)",4,TRUE,TRUE,TRUE,TRUE,FALSE,15856,수도권,126.944837167472,37.3504442327618,41_410
중앙신경외과의원,의원,031-396-8420,031-396-8420,경기도,군포시,"경기도 군포시 산본로 378 205,206호 (산본동, 산본사이버텔)",0,FALSE,FALSE,FALSE,FALSE,FALSE,15818,수도권,126.93070680026,37.3639742915215,41_410
건강드림내과영상의학과의원,내과의원,031-340-7897,031-340-7897,경기도,군포시,"경기도 군포시 산본천로 56 센트로 601 오피스텔 301,308호 (산본동) ",5,TRUE,TRUE,TRUE,TRUE,TRUE,15865,수도권,126.929994984358,37.3604094996489,41_410
산본연세내과의원,내과의원,031-399-2456,031-399-2456,경기도,군포시,"경기도 군포시 산본로343번길 9 701,702호 (산본동, 성진빌딩)",4,TRUE,TRUE,TRUE,TRUE,FALSE,15865,수도권,126.931756507125,37.360621910043,41_410
박형근내과의원,내과의원,031-399-0975,031-399-0975,경기도,군포시,"경기도 군포시 산본로323번길 16-36 4층 (산본동, 삼정빌딩)",5,TRUE,TRUE,TRUE,TRUE,TRUE,15865,수도권,126.931450509782,37.3603509744114,41_410
연세선내과의원,내과의원,031-391-2323,031-391-2323,경기도,군포시,"경기도 군포시 고산로 696 3층 (산본동, 산본메디칼빌딩)",3,TRUE,TRUE,TRUE,FALSE,FALSE,15814,수도권,126.935724219178,37.371766946161,41_410
엔젤산부인과의원,의원,031-394-0075,031-394-0075,경기도,군포시,"경기도 군포시 광정로 80 406호 (산본동, 신원빌딩)",0,FALSE,FALSE,FALSE,FALSE,FALSE,15865,수도권,126.929557570869,37.3602932777565,41_410
속편한내과의원,내과의원,031-393-0068,031-393-0068,경기도,군포시,"경기도 군포시 산본천로 43-6 2층 (산본동, 한숲스포츠센터)",5,TRUE,TRUE,TRUE,TRUE,TRUE,15825,수도권,126.928174319158,37.3606745715712,41_410
현대중앙의원,의원,031-397-3500,031-397-3500,경기도,군포시,"경기도 군포시 수리산로 8 202호,203호 (산본동, 한양수리아파트상가동)",3,TRUE,TRUE,TRUE,FALSE,FALSE,15823,수도권,126.923693321463,37.3578798421979,41_410
삼성조은내과의원,내과의원,031-399-5890,031-399-5890,경기도,군포시,"경기도 군포시 금산로 109 산본두성프라자 201~202호, 301~303호 (산본동)",5,TRUE,TRUE,TRUE,TRUE,TRUE,15814,수도권,126.935853661438,37.3715609518834,41_410
은하여성의원,의원,031-399-4911,031-399-4911,경기도,군포시,"경기도 군포시 고산로 248 은하프라자 201~203호, 401호 (당동) ",1,FALSE,FALSE,FALSE,FALSE,TRUE,15856,수도권,126.944870333355,37.3462989733616,41_410
준내과의원,내과의원,031-393-3886,031-393-3886,경기도,군포시,"경기도 군포시 용호2로 63-8 2층 (당동, 금당빌딩)",4,TRUE,TRUE,TRUE,TRUE,FALSE,15875,수도권,126.943870595494,37.3460436020037,41_410
부곡사랑빛의원,의원,031-348-4880,031-461-2260,경기도,군포시,"경기도 군포시 송부로291번안길 3-33 201,202호 (부곡동, 의왕프라자)",1,TRUE,FALSE,FALSE,FALSE,FALSE,15880,수도권,126.945056544554,37.3219822960471,41_410
365편한내과의원,내과의원,031-477-3654,031-477-3654,경기도,군포시,경기도 군포시 군포역1길 10 3층 (당동),4,TRUE,TRUE,TRUE,TRUE,FALSE,15855,수도권,126.946647498629,37.353186172479,41_410
마음속내과의원,내과의원,031-392-3905,031-392-3905,경기도,군포시,"경기도 군포시 산본로323번길 16-15 502,503,505,506호 (산본동, 광림빌딩)",5,TRUE,TRUE,TRUE,TRUE,TRUE,15865,수도권,126.931581617846,37.35942028905,41_410
더건강한내과의원,내과의원,031-397-7582,031-397-7582,경기도,군포시,"경기도 군포시 산본로323번길 16-14 센타빌딩 701호, B1-1호 (산본동)",5,TRUE,TRUE,TRUE,TRUE,TRUE,15865,수도권,126.932044751427,37.3596775290425,41_410
정은주산부인과의원,의원,031-393-5534,031-393-5534,경기도,군포시,경기도 군포시 군포로 470 경림빌딩 301호 (당동),0,FALSE,FALSE,FALSE,FALSE,FALSE,15856,수도권,126.944078471125,37.3481867087071,41_410
김성진내과의원,내과의원,031-347-4800,031-347-4800,경기도,군포시,"경기도 군포시 고산로 693 하나로빌딩 301, 302호 (산본동)",1,TRUE,FALSE,FALSE,FALSE,FALSE,15802,수도권,126.935034009199,37.3719810131353,41_410
마음유외과의원,의원,031-392-2266,031-392-2266,경기도,군포시,경기도 군포시 산본천로 56 센트로 601 오피스텔 407호 (산본동),1,FALSE,FALSE,FALSE,FALSE,TRUE,15865,수도권,126.929994984358,37.3604094996489,41_410
서울굿모닝내과의원,내과의원,031-394-7700,031-394-7700,경기도,군포시,경기도 군포시 산본천로 222 세환타워 5층 501호 (산본동),5,TRUE,TRUE,TRUE,TRUE,TRUE,15811,수도권,126.941912115881,37.3714458679675,41_410
아름다운항외과의원,의원,031-392-7979,031-392-7979,경기도,군포시,"경기도 군포시 번영로 489 8층 (산본동, 중앙타워)",4,TRUE,TRUE,TRUE,TRUE,FALSE,15865,수도권,126.931581604443,37.3579428741699,41_410
더스마트의원,의원,031-364-8754,031-364-8754,경기도,군포시,"경기도 군포시 송부로74번길 3-40 금강프라자 202,203호 (도마교동)",1,TRUE,FALSE,FALSE,FALSE,FALSE,15885,수도권,126.924232376702,37.3162410320393,41_410
연세이현진산부인과의원,의원,031-395-5454,031-395-5454,경기도,군포시,"경기도 군포시 산본로323번길 16-15 광림빌딩 402, 403, 404, 405호 (산본동) ",0,FALSE,FALSE,FALSE,FALSE,FALSE,15865,수도권,126.931581617846,37.35942028905,41_410
프라임내과의원,내과의원,031-8068-6777,0686-7778,경기도,군포시,경기도 군포시 군포로 522 군포새마을금고 3층 (당동) ,5,TRUE,TRUE,TRUE,TRUE,TRUE,15855,수도권,126.945663942032,37.3525822159055,41_410
삼성굿닥터365의원,의원,031-689-3955,031-689-3955,경기도,군포시,"경기도 군포시 번영로 505 대우디오플러스 304-1,304-2호 (산본동) ",1,TRUE,FALSE,FALSE,FALSE,FALSE,15865,수도권,126.933194965667,37.3588084224208,41_410
장편한김용성내과의원,내과의원,031-360-7003,031-360-7003,경기도,군포시,"경기도 군포시 산본로323번길 16-30 성보빌딩 701-2,702,703,704,708,710호 (산본동) ",4,TRUE,TRUE,TRUE,TRUE,FALSE,15865,수도권,126.931607335967,37.3601866277078,41_410
의료법인 의왕시티의료재단 시티병원,병원,031-340-2771,031-340-0114,경기도,의왕시,경기도 의왕시 오전천로 29 (오전동) ,5,TRUE,TRUE,TRUE,TRUE,TRUE,16060,수도권,126.976794574974,37.3502799283789,41_430
정내과의원,내과의원,031-425-1375,031-425-1375,경기도,의왕시,경기도 의왕시 포일로 81 삼우상가 202호 (포일동),3,TRUE,TRUE,TRUE,FALSE,FALSE,16018,수도권,126.981366228346,37.3915315919586,41_430
롯데정내과의원,내과의원,031-426-3486,031-426-3486,경기도,의왕시,"경기도 의왕시 계원대학로 2 402호 (내손동, 롯데메디칼프라자)",5,TRUE,TRUE,TRUE,TRUE,TRUE,16039,수도권,126.971631878612,37.3797759851052,41_430
박현희산부인과의원,의원,031-426-7977,031-426-7977,경기도,의왕시,경기도 의왕시 계원대학로 25 (내손동),0,FALSE,FALSE,FALSE,FALSE,FALSE,16037,수도권,126.974399451186,37.3799200596712,41_430
부곡내과의원,내과의원,031-461-0300,031-461-0300,경기도,의왕시,"경기도 의왕시 부곡중앙남5길 43 2층 202호 (삼동, 부영빌딩)",2,TRUE,FALSE,TRUE,FALSE,FALSE,16090,수도권,126.952253341826,37.3189905638063,41_430
서울아산김내과의원,내과의원,031-424-9111,031-424-9111,경기도,의왕시,"경기도 의왕시 내손로 82 402호 (내손동, 신성프라자)",4,TRUE,TRUE,TRUE,TRUE,FALSE,16026,수도권,126.979884431233,37.3872150885122,41_430
의왕속내과의원,내과의원,031-462-7100,031-462-7100,경기도,의왕시,경기도 의왕시 부곡중앙로 6-3 2층 25호 (삼동),4,TRUE,TRUE,TRUE,TRUE,FALSE,16088,수도권,126.949715027698,37.3207221999147,41_430
영내과의원,내과의원,031-422-0011,031-422-0011,경기도,의왕시,"경기도 의왕시 포일세거리로 3 3층 (포일동, 파레사타워)",5,TRUE,TRUE,TRUE,TRUE,TRUE,16004,수도권,126.984741373742,37.3959936680252,41_430
아름다운가정의학과의원,의원,031-426-1075,031-426-1075,경기도,의왕시,"경기도 의왕시 계원대학로 2 202호 (내손동, 롯데프라자)",0,FALSE,FALSE,FALSE,FALSE,FALSE,16039,수도권,126.971631878612,37.3797759851052,41_430
365건강한부곡의원,의원,031-461-9088,031-461-9088,경기도,의왕시,경기도 의왕시 부곡중앙남3길 2 (삼동),5,TRUE,TRUE,TRUE,TRUE,TRUE,16088,수도권,126.950888780603,37.3207696367229,41_430
연세메디의원,의원,031-425-8576,031-425-8576,경기도,의왕시,경기도 의왕시 백운중앙로 84 예수교대한성결교회백운호수교회 1층 101호 (학의동),0,FALSE,FALSE,FALSE,FALSE,FALSE,16016,수도권,127.008979076555,37.3703095418185,41_430
임동혁내과의원,내과의원,031-422-3396,031-422-3396,경기도,의왕시,"경기도 의왕시 포일로 43 304호 (내손동, 대림프라자)",4,TRUE,TRUE,TRUE,TRUE,FALSE,16022,수도권,126.977429944362,37.3900446690729,41_430
의왕참조은내과의원,내과의원,031-8068-7580,031-8068-7580,경기도,의왕시,경기도 의왕시 모락로 28 4층 401호 (오전동),5,TRUE,TRUE,TRUE,TRUE,TRUE,16050,수도권,126.967910141777,37.3602456567044,41_430
인덕원성모내과의원,내과의원,031-422-5864,031-422-5864,경기도,의왕시,"경기도 의왕시 안양판교로 103 포레스타타워 203, 204호 (포일동) ",5,TRUE,TRUE,TRUE,TRUE,TRUE,16001,수도권,126.985501435603,37.3952950210477,41_430
365 다가온 의원,의원,031-360-3690,031-360-3690,경기도,의왕시,경기도 의왕시 계원대학로 7 롯데마트 2층 (내손동) ,0,FALSE,FALSE,FALSE,FALSE,FALSE,16036,수도권,126.972871115511,37.3805432278472,41_430
의왕탑내과의원,내과의원,031-427-2119,031-427-2119,경기도,의왕시,경기도 의왕시 경수대로 209 의왕월드비젼 307호 (고천동) ,5,TRUE,TRUE,TRUE,TRUE,TRUE,16076,수도권,126.974913838563,37.3454099313694,41_430
햇살병원,병원,031-791-7330,031-791-7330,경기도,하남시,경기도 하남시 신평로 51 (신장동),5,TRUE,TRUE,TRUE,TRUE,TRUE,12968,수도권,127.204623656914,37.5384739198707,41_450
보바스병원,병원,031-1551-0517,031-6190-5500,경기도,하남시,경기도 하남시 미사강변중앙로 50 (풍산동) ,5,TRUE,TRUE,TRUE,TRUE,TRUE,12938,수도권,127.193800373446,37.5514393379003,41_450
청봉병원,병원,031-1661-5727,1661-5727,경기도,하남시,경기도 하남시 하남대로802번길 5-4 청봉기념병원 (신장동),4,TRUE,TRUE,TRUE,TRUE,FALSE,12949,수도권,127.208755026407,37.541401240879,41_450
하남S병원,병원,031-793-2882,1644-0025,경기도,하남시,경기도 하남시 덕풍공원로 41 (덕풍동),5,TRUE,TRUE,TRUE,TRUE,TRUE,12974,수도권,127.198242456623,37.5397486355526,41_450
하남샬롬요양병원,병원,031-796-1616,031-796-1616,경기도,하남시,경기도 하남시 신평로 77 (신장동),5,TRUE,TRUE,TRUE,TRUE,TRUE,12967,수도권,127.206157209687,37.5405111133774,41_450
늘봄메디컬의원,의원,02-486-7519,02-486-7519,경기도,하남시,경기도 하남시 감일백제로 97 3층 301~306호 (감이동) ,0,FALSE,FALSE,FALSE,FALSE,FALSE,13004,수도권,127.161943532057,37.5044179585576,41_450
이내과의원,내과의원,031-794-9076,031-794-9076,경기도,하남시,"경기도 하남시 대청로116번길 59-1 301호302호 (창우동, 신안아파트종합상가)",3,TRUE,TRUE,TRUE,FALSE,FALSE,12955,수도권,127.224284337467,37.5371335698657,41_450
세인가정의학과의원,의원,031-791-3343,031-791-3343,경기도,하남시,"경기도 하남시 대청로59번길 15-1 206호 207호 (신장동, 한국아파트상가)",2,TRUE,FALSE,TRUE,FALSE,FALSE,12946,수도권,127.218805036349,37.5411585180433,41_450
엠앤비여성의원,의원,031-791-8997,031-791-8997,경기도,하남시,경기도 하남시 대청로 5 3층 (신장동) ,0,FALSE,FALSE,FALSE,FALSE,FALSE,12950,수도권,127.213061806087,37.5397677874701,41_450
유내과의원,내과의원,031-795-1255,031-795-1255,경기도,하남시,"경기도 하남시 대청로 29 4층 (신장동, 대유빌딩)",5,TRUE,TRUE,TRUE,TRUE,TRUE,12947,수도권,127.215572352849,37.5410601280677,41_450
서울의원,의원,031-793-8110,031-793-8110,경기도,하남시,"경기도 하남시 미사강변서로 65 근린생활시설2동 114호 (풍산동, 미사강변제일풍경채)",0,FALSE,FALSE,FALSE,FALSE,FALSE,12916,수도권,127.182433860349,37.5558939547123,41_450
기쁨항맥외과의원,의원,031-796-3497,031-796-3497,경기도,하남시,"경기도 하남시 대청로 33 907호 (신장동, 현대베스코아빌딩)",5,TRUE,TRUE,TRUE,TRUE,TRUE,12947,수도권,127.2160017696,37.5411410639082,41_450
박애별산부인과의원,의원,031-795-5970,031-795-5970,경기도,하남시,"경기도 하남시 미사강변남로 87 스타파크 304, 305호 (망월동)",0,FALSE,FALSE,FALSE,FALSE,FALSE,12913,수도권,127.191383632928,37.560577579823,41_450
연세정내과의원,내과의원,031-792-7576,031-792-7576,경기도,하남시,"경기도 하남시 미사강변대로 228 501호 (망월동, 미사메디프라자)",3,TRUE,FALSE,TRUE,TRUE,FALSE,12909,수도권,37.56975509772439,127.18402669601873,41_450
서울연합365의원,의원,031-794-1267,031-794-1267,경기도,하남시,경기도 하남시 미사강변대로 84 미사탑프라자 3층 302호 (풍산동) ,0,FALSE,FALSE,FALSE,FALSE,FALSE,12919,수도권,127.187998347201,37.5574070985239,41_450
삼성내과의원,내과의원,031-796-3341,031-796-3341,경기도,하남시,"경기도 하남시 덕풍동로 111 402호 (덕풍동, 풍산캐슬빌딩)",4,TRUE,TRUE,TRUE,TRUE,FALSE,12927,수도권,127.208444997124,37.5511978838069,41_450
아이온의원,의원,031-795-2408,031-795-2408,경기도,하남시,"경기도 하남시 하남대로 747 지하3층 (신장동, 홈플러스)",0,FALSE,FALSE,FALSE,FALSE,FALSE,12961,수도권,127.212631107944,37.5379964797931,41_450
늘푸른의원,의원,031-794-3443,031-794-3443,경기도,하남시,경기도 하남시 덕산로 33 한솔리치빌아파트1단지 201호202호206호 (덕풍동) ,0,FALSE,FALSE,FALSE,FALSE,FALSE,12981,수도권,127.197825856836,37.5325592704788,41_450
삼성탑내과의원,내과의원,031-795-1472,031-795-1472,경기도,하남시,경기도 하남시 신장로 150 2층 (덕풍동),5,TRUE,TRUE,TRUE,TRUE,TRUE,12969,수도권,127.202316204212,37.5393402414832,41_450
세실내과의원,내과의원,031-791-8276,031-791-8276,경기도,하남시,"경기도 하남시 대청로 33 613,701,702-1,703, 708,708-1,709,710,710-1호 (신장동)",3,TRUE,TRUE,FALSE,TRUE,FALSE,12947,수도권,127.2160017696,37.5411410639082,41_450
이곧의원,의원,031-8027-0310,031-8027-0310,경기도,하남시,경기도 하남시 덕풍서로 70 하남풍산지구 이마트 3층 (덕풍동),0,FALSE,FALSE,FALSE,FALSE,FALSE,12927,수도권,127.205369894138,37.5527566807198,41_450
미사도담의원,의원,031-795-1175,031-795-1175,경기도,하남시,경기도 하남시 미사대로 520 현대지식산업센터 한강미사2차 C동 3층 342~343호 (덕풍동),0,FALSE,FALSE,FALSE,FALSE,FALSE,12925,수도권,127.204686431376,37.5588264366331,41_450
미사아산내과의원,내과의원,031-793-2373,031-793-2373,경기도,하남시,경기도 하남시 미사강변대로 212 504호 (망월동),5,TRUE,TRUE,TRUE,TRUE,TRUE,12909,수도권,37.568368,127.184948,41_450
미사나무내과의원,내과의원,031-792-9722,031-792-9722,경기도,하남시,경기도 하남시 미사강변대로 222 402호403호 (망월동),5,TRUE,TRUE,TRUE,TRUE,TRUE,12909,수도권,127.184221819104,37.5695152190234,41_450
마음속내과의원,내과의원,031-8027-2137,031-8027-2137,경기도,하남시,"경기도 하남시 미사강변동로 73 614호~620호 (망월동, 미사강변노블레스)",5,TRUE,TRUE,TRUE,TRUE,TRUE,12913,수도권,127.192991876605,37.5615644351501,41_450
미사봄내과의원,내과의원,031-793-0369,031-793-0369,경기도,하남시,"경기도 하남시 미사강변동로 79 미사역타워 602,603호 (망월동)",5,TRUE,TRUE,TRUE,TRUE,TRUE,12913,수도권,127.192812893671,37.5620314431748,41_450
유미즈외과의원,의원,031-795-9934,031-795-9934,경기도,하남시,경기도 하남시 미사강변동로 79 미사역타워 4층 401호~404호 (망월동),1,FALSE,FALSE,FALSE,FALSE,TRUE,12913,수도권,127.192812893671,37.5620314431748,41_450
미소준내과의원,내과의원,031-8028-3082,031-8028-3082,경기도,하남시,경기도 하남시 미사강변중앙로 220 우성미사타워 301호 (망월동),5,TRUE,TRUE,TRUE,TRUE,TRUE,12913,수도권,127.189231111369,37.5662871417766,41_450
장N항외과의원,의원,031-791-2581,031-791-2581,경기도,하남시,"경기도 하남시 미사강변동로 127 경서타워 503,504호 (망월동)",4,TRUE,TRUE,TRUE,TRUE,FALSE,12913,수도권,127.19104424611,37.5661791657192,41_450
미사늘편한내과의원,내과의원,031-8027-2777,031-8027-2777,경기도,하남시,경기도 하남시 미사강변남로 87 스타파크 406호 (망월동),4,TRUE,TRUE,TRUE,TRUE,FALSE,12913,수도권,127.191383632928,37.560577579823,41_450
미사진내과의원,내과의원,031-793-9790,031-793-9790,경기도,하남시,경기도 하남시 미사강변대로54번길 75 홍우프라자 401~407호 (풍산동) ,5,TRUE,TRUE,TRUE,TRUE,TRUE,12919,수도권,127.188747035221,37.5562065880428,41_450
센트럴내과의원,내과의원,031-796-2600,031-796-2600,경기도,하남시,"경기도 하남시 미사강변동로 127 경서타워 403, 404호 (망월동)",5,TRUE,TRUE,TRUE,TRUE,TRUE,12913,수도권,127.19104424611,37.5661791657192,41_450
연세아란산부인과의원,의원,031-793-7000,031-793-7000,경기도,하남시,경기도 하남시 미사강변대로54번길 121 연세아란빌딩 2~5층 (풍산동),5,TRUE,TRUE,TRUE,TRUE,TRUE,12919,수도권,127.188841083717,37.5579110322365,41_450
365플러스내과의원,내과의원,031-796-8288,031-796-8288,경기도,하남시,경기도 하남시 미사강변동로84번길 39 2~5층 205~7 302 305~6 401~407 506~7호 (망월동),5,TRUE,TRUE,TRUE,TRUE,TRUE,12912,수도권,127.195276626569,37.563404565052,41_450
박지영내과의원,내과의원,031-793-1475,031-793-1475,경기도,하남시,"경기도 하남시 아리수로 570 효성헤링턴타워더퍼스트 101동 3층 3001,3002,3014호 (망월동) ",4,TRUE,TRUE,TRUE,TRUE,FALSE,12913,수도권,127.19041098513,37.566815029598,41_450
미사이남희W산부인과의원,의원,031-792-2551,031-792-2551,경기도,하남시,경기도 하남시 미사강변대로 208 우승프라자 5층 506호 (망월동),0,FALSE,FALSE,FALSE,FALSE,FALSE,12909,수도권,127.185002135336,37.5682607156293,41_450
미사한내과의원,내과의원,031-791-7557,031-791-7557,경기도,하남시,경기도 하남시 미사강변남로 45 골든브릿지 3층 301~302호 (망월동),4,TRUE,TRUE,TRUE,TRUE,FALSE,12914,수도권,127.186621042685,37.5601496625359,41_450
미사린산부인과의원,의원,031-794-1212,031-794-1212,경기도,하남시,"경기도 하남시 미사강변대로34번길 66 플레이스이안 3, 4층 (풍산동)",2,TRUE,FALSE,FALSE,FALSE,TRUE,12919,수도권,127.187670573886,37.5554605670957,41_450
감일든든한내과의원,내과의원,02-485-0075,02-485-0075,경기도,하남시,경기도 하남시 감일백제로 105 301~303호 (감이동),5,TRUE,TRUE,TRUE,TRUE,TRUE,13004,수도권,127.161230343047,37.5046787838267,41_450
365잘봄내과의원,내과의원,031-8028-0782,031-8028-0782,경기도,하남시,경기도 하남시 신평로 45 SN 타워 3층 (신장동),5,TRUE,TRUE,TRUE,TRUE,TRUE,12978,수도권,127.204309355187,37.5379014288316,41_450
감일성모내과의원,내과의원,02-6215-7575,02-6215-7575,경기도,하남시,경기도 하남시 신우실로 61 푸리마타워 4층 410~413호 (감일동),5,TRUE,TRUE,TRUE,TRUE,TRUE,12996,수도권,127.161801802566,37.5099632923297,41_450
미사좋은날에산부인과의원,의원,031-795-5952,031-795-5952,경기도,하남시,"경기도 하남시 미사강변동로 79 미사역타워 2층 201,202,203호 (망월동) ",0,FALSE,FALSE,FALSE,FALSE,FALSE,12913,수도권,127.192812893671,37.5620314431748,41_450
삼성웰니스의원,의원,02-489-1119,02-489-1119,경기도,하남시,"경기도 하남시 신우실로 73 뉴욕타워 2층(전체), 3층 304호 (감일동)",0,FALSE,FALSE,FALSE,FALSE,FALSE,12996,수도권,127.162963989489,37.5093564003768,41_450
미사라엠산부인과의원,의원,031-793-7525,031-793-7525,경기도,하남시,경기도 하남시 미사강변동로 100-1 미사역 파라곤 스퀘어 4층 406호 (망월동),0,FALSE,FALSE,FALSE,FALSE,FALSE,12912,수도권,127.193600096193,37.5639612578823,41_450
서울마리산부인과의원,의원,031-791-3314,031-791-3314,경기도,하남시,경기도 하남시 신평로 45 SN 타워 7층 701호 (신장동) ,0,FALSE,FALSE,FALSE,FALSE,FALSE,12978,수도권,127.204309355187,37.5379014288316,41_450
미사치유외과의원,의원,031-796-7676,031-796-7676,경기도,하남시,경기도 하남시 미사강변동로 100-1 미사역 파라곤 스퀘어 8층 801~805호 (망월동),5,TRUE,TRUE,TRUE,TRUE,TRUE,12912,수도권,127.193600096193,37.5639612578823,41_450
미사위대항의원,의원,031-1670-8744,1670-8744,경기도,하남시,경기도 하남시 미사강변동로 74 일옹미사타워 4~5층 (망월동),5,TRUE,TRUE,TRUE,TRUE,TRUE,12912,수도권,127.193796736689,37.5618342262697,41_450
아산바른내과의원,내과의원,02-471-7575,02-471-7575,경기도,하남시,경기도 하남시 감일백제로180번길 9 감일호평프라자 7층 701호~706호 (감이동),5,TRUE,TRUE,TRUE,TRUE,TRUE,12999,수도권,127.154268091896,37.5087330497927,41_450
더봄여성의원,의원,02-474-3920,02-474-3920,경기도,하남시,"경기도 하남시 감일백제로180번길 9 5층 503,504호 (감이동)",0,FALSE,FALSE,FALSE,FALSE,FALSE,12999,수도권,127.154268091896,37.5087330497927,41_450
위례연세내과의원,내과의원,02-400-5990,02-400-5990,경기도,하남시,경기도 하남시 위례학암로14번길 11 3층 301~311호 (학암동),5,TRUE,TRUE,TRUE,TRUE,TRUE,13010,수도권,127.157250034966,37.4874802538779,41_450
하남웰니스내과의원,내과의원,031-793-5060,031-793-5060,경기도,하남시,"경기도 하남시 덕풍서로 80 2층 201~214,216~219호호 (덕풍동)",5,TRUE,TRUE,TRUE,TRUE,TRUE,12927,수도권,127.205965875282,37.5535498710158,41_450
베스트내과의원,내과의원,031-795-2011,031-795-2011,경기도,하남시,경기도 하남시 미사강변대로226번길 26 미사원프라자 2층 201호 (망월동),5,TRUE,TRUE,TRUE,TRUE,TRUE,12909,수도권,127.185180609809,37.56980302824,41_450
수호신경외과의원,의원,031-8028-3008,031-8028-3008,경기도,하남시,경기도 하남시 미사강변한강로 135 스카이폴리스 나동 2층 221~223호 (망월동),2,TRUE,FALSE,TRUE,FALSE,FALSE,12902,수도권,127.19204652447,37.57657762204,41_450
고운속내과의원,내과의원,02-449-1119,02-449-1119,경기도,하남시,"경기도 하남시 위례학암로14번길 18 서미프라자 4층 403,404,405호 (학암동)",4,TRUE,TRUE,TRUE,TRUE,FALSE,13010,수도권,127.156366750847,37.487437366958,41_450
하남이엠365의원,의원,02-483-0119,02-483-0119,경기도,하남시,경기도 하남시 감일백제로 177 JS스퀘어감일 4~5층 (감이동) ,0,FALSE,FALSE,FALSE,FALSE,FALSE,13003,수도권,127.153820904313,37.5076406249875,41_450
365굿닥터의원,의원,031-795-8808,031-795-8808,경기도,하남시,"경기도 하남시 미사강변동로 85 힐스테이트 에코 미사 3층 309~310, 327~328호 (망월동) ",1,TRUE,FALSE,FALSE,FALSE,FALSE,12913,수도권,127.191880985177,37.5625331038895,41_450
제일산부인과의원,의원,031-796-3535,796-3535,경기도,하남시,"경기도 하남시 하남대로 843 303호 (덕풍동, 신정프라자) ",0,FALSE,FALSE,FALSE,FALSE,FALSE,12967,수도권,127.20429314697,37.5426602605211,41_450
서울더블유(W)내과의원 위례점,내과의원,02-6941-1110,02-6941-1110,경기도,하남시,경기도 하남시 위례대로 256 3층 301호 (학암동) ,5,TRUE,TRUE,TRUE,TRUE,TRUE,13011,수도권,127.149670760718,37.4841748415699,41_450
하나산부인과의원,의원,031-791-0366,031-791-0366,경기도,하남시,"경기도 하남시 미사강변중앙로 220 503호 (망월동, 우성미사타워) ",0,FALSE,FALSE,FALSE,FALSE,FALSE,12913,수도권,127.189231111369,37.5662871417766,41_450
안내과의원,내과의원,031-8027-8758,031-8027-8758,경기도,하남시,"경기도 하남시 미사강변대로34번길 82 골드프라자 501,502,503,508호 (풍산동) ",4,TRUE,TRUE,TRUE,TRUE,FALSE,12919,수도권,127.188043407053,37.5561522994851,41_450
애플산부인과의원,의원,031-606-1200,031-606-1200,경기도,하남시,경기도 하남시 미사강변동로 81 미사역 큐브앤 타워 3층 306~307호 (망월동) ,0,FALSE,FALSE,FALSE,FALSE,FALSE,12913,수도권,127.192718271233,37.5622506296228,41_450
성모내일내과의원,내과의원,031-792-1191,031-792-1191,경기도,하남시,"경기도 하남시 더우개로 29 대명상가(지우제) 402,403,404호 (신장동) ",5,TRUE,TRUE,TRUE,TRUE,TRUE,12945,수도권,127.220904352467,37.5410487422687,41_450
(의)영문의료재단 다보스병원,종합병원,031-8021-2222,031-8021-2114,경기도,용인시,경기도 용인시 처인구 백옥대로1082번길 18 다보스종합병원 (김량장동) ,3,FALSE,TRUE,TRUE,FALSE,TRUE,17063,수도권,127.211398448325,37.2315421543466,41_461
(의)효심의료재단 용인서울병원,병원,031-335-3651,031-337-0114,경기도,용인시,경기도 용인시 처인구 고림로 81 (고림동),5,TRUE,TRUE,TRUE,TRUE,TRUE,17148,수도권,127.214490542199,37.2403175460026,41_461
조은손병원,병원,031-321-8275,031-321-8275,경기도,용인시,경기도 용인시 처인구 중부대로 1349 지하1 지상3~7층 (김량장동) ,4,TRUE,TRUE,TRUE,TRUE,FALSE,17048,수도권,127.194811213881,37.2352169514352,41_461
용인제일메디병원,병원,031-322-7582,031-322-7582,경기도,용인시,경기도 용인시 처인구 포곡읍 포곡로210번길 21-11,5,TRUE,TRUE,TRUE,TRUE,TRUE,17028,수도권,127.228339138091,37.2749329033896,41_461
신미주우리들의원,의원,031-323-1140,031-323-1140,경기도,용인시,경기도 용인시 처인구 이동면 백옥대로621번길 3,0,FALSE,FALSE,FALSE,FALSE,FALSE,17128,수도권,127.206657239232,37.1921733499022,41_461
용인성모의원,의원,031-332-7796,031-332-7796,경기도,용인시,"경기도 용인시 처인구 모현면 백옥대로 2410 2,6층 (왕산빌딩)",1,TRUE,FALSE,FALSE,FALSE,FALSE,17035,수도권,127.250291458407,37.3386042876696,41_461
한세환내과의원,내과의원,031-337-0150,031-337-0150,경기도,용인시,"경기도 용인시 처인구 백옥대로 1112 (김량장동,재성빌딩 303,304)",4,TRUE,TRUE,TRUE,TRUE,FALSE,17051,수도권,127.209488935568,37.2346682999531,41_461
한숲우리가정의학과의원,의원,031-333-5548,031-333-5548,경기도,용인시,"경기도 용인시 처인구 남사면 한숲로 84 3층 301, 302, 303호 (e편한세상 용인 한숲시티)",0,FALSE,FALSE,FALSE,FALSE,FALSE,17117,수도권,127.173656345397,37.1561090694356,41_461
서울삼성의원,의원,031-338-7582,031-338-7582,경기도,용인시,경기도 용인시 처인구 양지면 양지로 140 1층,1,TRUE,FALSE,FALSE,FALSE,FALSE,17158,수도권,127.283779789056,37.234344097324,41_461
연세미즈산부인과의원,의원,031-321-7227,031-321-7227,경기도,용인시,경기도 용인시 처인구 금학로 345 연세미즈산부인과 5층 (김량장동),0,FALSE,FALSE,FALSE,FALSE,FALSE,17044,수도권,127.202079324432,37.2370722781265,41_461
유림명문의원,의원,031-338-2911,031-338-2911,경기도,용인시,"경기도 용인시 처인구 백옥대로 1392 2층 (유방동, 홍제빌딩)",0,FALSE,FALSE,FALSE,FALSE,FALSE,17041,수도권,127.212962560089,37.2593040110115,41_461
서울산부인과의원,의원,031-321-3311,031-321-3311,경기도,용인시,경기도 용인시 처인구 금령로71번길 16 (김량장동),0,FALSE,FALSE,FALSE,FALSE,FALSE,17052,수도권,127.203771138809,37.2362879029917,41_461
김내과의원,내과의원,031-322-8275,031-322-8275,경기도,용인시,"경기도 용인시 처인구 금령로71번길 16 204호 (김량장동, 대흥빌딩)",3,TRUE,TRUE,TRUE,FALSE,FALSE,17052,수도권,127.203771138809,37.2362879029917,41_461
송승찬내과의원,내과의원,031-337-0195,031-337-0195,경기도,용인시,경기도 용인시 처인구 금령로13번길 20 2층 (김량장동),4,TRUE,TRUE,TRUE,TRUE,FALSE,17050,수도권,127.198231895847,37.2366399719997,41_461
연세드림내과의원,내과의원,031-336-9036,031-336-9036,경기도,용인시,경기도 용인시 처인구 금령로 98 2층 (김량장동) ,3,TRUE,TRUE,TRUE,FALSE,FALSE,17051,수도권,127.207047578539,37.2354100085768,41_461
금.란산부인과의원,의원,031-335-1155,031-335-1155,경기도,용인시,경기도 용인시 처인구 금령로106번길 13-5 (김량장동),0,FALSE,FALSE,FALSE,FALSE,FALSE,17051,수도권,127.208572423902,37.234508810787,41_461
유사랑의원,의원,031-321-3231,031-321-3231,경기도,용인시,"경기도 용인시 처인구 금령로 159 (마평동,2층)",0,FALSE,FALSE,FALSE,FALSE,FALSE,17153,수도권,127.213983546046,37.2347906452661,41_461
윤성욱내과의원,내과의원,031-333-7588,031-333-7588,경기도,용인시,경기도 용인시 처인구 모현면 백옥대로 2404,3,TRUE,TRUE,TRUE,FALSE,FALSE,17035,수도권,127.250207205347,37.338073129355,41_461
용인아산내과의원,내과의원,031-336-0066,031-332-0066,경기도,용인시,"경기도 용인시 처인구 금령로 108-1 (김량장동, S타워 2층,3층)",5,TRUE,TRUE,TRUE,TRUE,TRUE,17051,수도권,127.20825137261,37.2354127634887,41_461
용인제일산부인과의원,의원,031-8031-0200,031-8031-0200,경기도,용인시,경기도 용인시 처인구 중부대로 1347 (김량장동) ,2,TRUE,FALSE,FALSE,FALSE,TRUE,17048,수도권,127.194552965688,37.235277745994,41_461
용인우리내과의원,내과의원,031-323-1667,031-323-1667,경기도,용인시,경기도 용인시 처인구 금령로71번길 3 3층 (김량장동),1,TRUE,FALSE,FALSE,FALSE,FALSE,17052,수도권,127.203789921058,37.2352272506744,41_461
서울내과의원,내과의원,031-333-2237,031-333-2237,경기도,용인시,경기도 용인시 처인구 포곡읍 포곡로 97-4,5,TRUE,TRUE,TRUE,TRUE,TRUE,17027,수도권,127.216086620127,37.2692519637593,41_461
허리편한신경외과의원,의원,031-321-0505,031-321-0505,경기도,용인시,"경기도 용인시 처인구 금령로 64 5,6층 (김량장동, 아이렉스타워)",1,TRUE,FALSE,FALSE,FALSE,FALSE,17051,수도권,127.203654148375,37.2346489231981,41_461
남사연합의원,의원,031-336-7561,031-336-7561,경기도,용인시,경기도 용인시 처인구 남사면 내기로 11 2층,1,TRUE,FALSE,FALSE,FALSE,FALSE,17118,수도권,127.149816912491,37.1140165506376,41_461
양지내과의원,내과의원,031-336-7579,031-336-7579,경기도,용인시,경기도 용인시 처인구 양지면 양지로 131,4,TRUE,TRUE,TRUE,TRUE,FALSE,17158,수도권,127.282930676942,37.2348007955933,41_461
미래내과의원,내과의원,031-322-8575,031-8078-8275,경기도,용인시,경기도 용인시 처인구 모현읍 오포로 106 2층,4,TRUE,TRUE,TRUE,TRUE,FALSE,16884,수도권,127.1782388089,37.3432486642491,41_461
서울박내과의원,내과의원,031-321-7124,031-321-7124,경기도,용인시,경기도 용인시 처인구 명지로40번길 4 4층 403호 (역북동),4,TRUE,TRUE,TRUE,TRUE,FALSE,17055,수도권,127.188106755306,37.232710179345,41_461
역북참내과의원,내과의원,031-339-9894,031-339-9894,경기도,용인시,"경기도 용인시 처인구 명지로40번길 15-15 3층 301~303호,4층 404호 (역북동) ",5,TRUE,TRUE,TRUE,TRUE,TRUE,17056,수도권,127.186717295977,37.2312919695892,41_461
용인한숲내과의원,내과의원,031-322-7511,031-322-7511,경기도,용인시,경기도 용인시 처인구 남사읍 한숲로 60 처인프라자 413호 ,4,TRUE,TRUE,TRUE,TRUE,FALSE,17117,수도권,127.171657305278,37.1532522947043,41_461
365한숲가정의학과의원,의원,031-338-3365,031-338-3365,경기도,용인시,경기도 용인시 처인구 남사면 한숲로 45 한숲스퀘어옐로우 4층 415호,0,FALSE,FALSE,FALSE,FALSE,FALSE,17117,수도권,127.170046344728,37.1528191356226,41_461
베스트내과의원,내과의원,031-335-1358,031-335-1358,경기도,용인시,경기도 용인시 처인구 포곡읍 포곡로 113 상일빌딩 4층 ,5,TRUE,TRUE,TRUE,TRUE,TRUE,17027,수도권,127.217869075756,37.2698720361181,41_461
용인삼성내과의원,내과의원,031-339-9068,031-339-9068,경기도,용인시,"경기도 용인시 처인구 금령로 62 2,7층 (김량장동, 위너스프라자)",5,TRUE,TRUE,TRUE,TRUE,TRUE,17051,수도권,127.203264703543,37.2346557193728,41_461
연세행복내과의원,내과의원,031-326-0799,031-326-0799,경기도,용인시,경기도 용인시 처인구 금령로 86 2층 206~209호 (김량장동),5,TRUE,TRUE,TRUE,TRUE,TRUE,17051,수도권,127.205815188674,37.2350859784862,41_461
용인성모내과의원,내과의원,031-338-3838,031-338-3838,경기도,용인시,경기도 용인시 처인구 백옥대로 1142 201~203호 (김량장동) ,5,TRUE,TRUE,TRUE,TRUE,TRUE,17052,수도권,127.209014135801,37.2374335443733,41_461
용인에스의원,의원,031-526-7512,031-526-7512,경기도,용인시,경기도 용인시 처인구 원삼면 문촌로1번길 23 3층~4층 ,1,TRUE,FALSE,FALSE,FALSE,FALSE,17168,수도권,127.312563127377,37.1645116511574,41_461
365용인바른의원,의원,031-526-7555,031-526-7555,경기도,용인시,경기도 용인시 처인구 고림로 140 2층 (고림동) ,5,TRUE,TRUE,TRUE,TRUE,TRUE,17149,수도권,127.219482666383,37.2439547425263,41_461
강남병원,종합병원,031-300-0114,031-300-0114,경기도,용인시,경기도 용인시 기흥구 중부대로 411 강남병원 (신갈동),5,TRUE,TRUE,TRUE,TRUE,TRUE,17064,수도권,127.111434272106,37.2736747740558,41_463
조정형외과의원,의원,031-283-1211,031-283-1211,경기도,용인시,경기도 용인시 기흥구 중부대로 343 (신갈동),1,TRUE,FALSE,FALSE,FALSE,FALSE,16967,수도권,127.104897291637,37.2717585572451,41_463
연세미래체크업의원,의원,031-263-1001,031-263-1001,경기도,용인시,경기도 용인시 기흥구 중부대로 242 오토허브 A동 2층 일부호 (영덕동) ,4,FALSE,TRUE,TRUE,TRUE,TRUE,17095,수도권,127.093243838833,37.2694687630226,41_463
미즈마리산부인과의원,의원,031-284-7223,031-284-7223,경기도,용인시,"경기도 용인시 기흥구 구갈로 74 (구갈동, 구갈스포츠센타 3층)",0,FALSE,FALSE,FALSE,FALSE,FALSE,16972,수도권,127.11177588506,37.2811344297076,41_463
김학선내과의원,내과의원,031-306-7510,031-287-7511,경기도,용인시,"경기도 용인시 기흥구 용구대로 2398 402호 (마북동, 벽산주상가)",5,TRUE,TRUE,TRUE,TRUE,TRUE,16921,수도권,127.107284192734,37.3003041075341,41_463
기흥성모의원,의원,031-286-7555,031-286-7555,경기도,용인시,"경기도 용인시 기흥구 공세로 91 2층 (공세동, 남일빌딩)",4,TRUE,TRUE,TRUE,TRUE,FALSE,17085,수도권,127.108601217925,37.2326951605165,41_463
성모프라임내과의원,내과의원,031-8005-7582,031-8005-7582,경기도,용인시,"경기도 용인시 기흥구 동백중앙로 283 C동 509.510.511호 (중동, 골드프라자)",4,TRUE,TRUE,TRUE,TRUE,FALSE,17006,수도권,127.153487824004,37.278013079108,41_463
김람훈내과의원,내과의원,031-286-8334,031-286-8334,경기도,용인시,"경기도 용인시 기흥구 구성로 93 (언남동, 언남프라자)",3,TRUE,TRUE,TRUE,FALSE,FALSE,16918,수도권,127.119910300319,37.2945222013576,41_463
예일내과의원,내과의원,031-281-5575,031-281-5575,경기도,용인시,경기도 용인시 기흥구 중부대로 364 (신갈동),4,TRUE,TRUE,TRUE,TRUE,FALSE,17064,수도권,127.107474989508,37.2712521129691,41_463
삼성노블카운티의원,의원,031-208-8150,031-208-8150,경기도,용인시,경기도 용인시 기흥구 덕영대로 1751 (하갈동) ,1,TRUE,FALSE,FALSE,FALSE,FALSE,17099,수도권,127.083875622244,37.2533151265051,41_463
정다운내과의원,내과의원,031-274-8200,031-274-8200,경기도,용인시,"경기도 용인시 기흥구 금화로11번길 42 3층 302호 (상갈동, 상갈프라자)",0,FALSE,FALSE,FALSE,FALSE,FALSE,17073,수도권,127.108512692395,37.2633054243221,41_463
강북삼성수원의원,의원,031-8092-8600,031-8092-8600,경기도,용인시,경기도 용인시 기흥구 흥덕1로 13 흥덕IT밸리 (영덕동) ,1,TRUE,FALSE,FALSE,FALSE,FALSE,16954,수도권,127.066343838849,37.2710305571186,41_463
참사랑산부인과의원,의원,031-283-6321,031-283-6321,경기도,용인시,"경기도 용인시 기흥구 구갈로60번길 1 (구갈동, 오래메디칼센타)",0,FALSE,FALSE,FALSE,FALSE,FALSE,16972,수도권,127.111532026768,37.2798653658046,41_463
중동서울정형외과의원,의원,031-287-0770,031-287-0770,경기도,용인시,경기도 용인시 기흥구 언동로217번길 1 (중동),4,TRUE,TRUE,TRUE,TRUE,FALSE,16988,수도권,37.27668715760208,127.144131462169,41_463
새봄산부인과의원,의원,031-283-3350,031-283-3350,경기도,용인시,"경기도 용인시 기흥구 구성로 95 2층 (언남동, 타임빌딩)",0,FALSE,FALSE,FALSE,FALSE,FALSE,16918,수도권,127.120151223598,37.2941818155634,41_463
수의원,의원,031-309-8275,031-309-8275,경기도,용인시,"경기도 용인시 기흥구 사은로126번길 25 202호 (보라동, 제일은행)",0,FALSE,FALSE,FALSE,FALSE,FALSE,17079,수도권,127.119835094951,37.2540597215553,41_463
굿모닝외과의원,의원,031-287-0431,031-287-0431,경기도,용인시,경기도 용인시 기흥구 중부대로 563 (구갈동),2,TRUE,TRUE,FALSE,FALSE,FALSE,16977,수도권,127.125689500278,37.271370773814,41_463
이건내과의원,내과의원,031-281-7373,031-281-7373,경기도,용인시,"경기도 용인시 기흥구 구갈로 70 301호 (구갈동, 메가타운)",3,TRUE,TRUE,TRUE,FALSE,FALSE,16972,수도권,127.111678279461,37.2805547932475,41_463
서울의원,의원,031-281-8276,031-281-8276,경기도,용인시,"경기도 용인시 기흥구 중부대로788번길 3 (상하동, 신풍빌딩)",0,FALSE,FALSE,FALSE,FALSE,FALSE,17077,수도권,127.142546038651,37.2579767101234,41_463
동백삼성내과의원,내과의원,031-693-8998,031-693-8998,경기도,용인시,"경기도 용인시 기흥구 동백중앙로 356 2층 (동백동, 지우프라자)",5,TRUE,TRUE,TRUE,TRUE,TRUE,17003,수도권,127.159613038561,37.2824168249806,41_463
의료법인녹십자의료재단 녹십자의원,의원,031-270-1429,031-260-9600,경기도,용인시,"경기도 용인시 기흥구 이현로30번길 107 (보정동, (주)녹십자) ",1,TRUE,FALSE,FALSE,FALSE,FALSE,16924,수도권,127.100426562265,37.3177715512725,41_463
강남임내과의원,내과의원,031-275-7577,031-275-7577,경기도,용인시,"경기도 용인시 기흥구 강남동로 10 (구갈동, 강남피아 205호)",4,TRUE,TRUE,TRUE,TRUE,FALSE,16978,수도권,127.128156949507,37.2712306296664,41_463
김재한내과의원,내과의원,031-896-7022,031-896-7022,경기도,용인시,"경기도 용인시 기흥구 죽전로 47 (보정동, 웰빙타운 302호)",4,TRUE,TRUE,TRUE,TRUE,FALSE,16898,수도권,127.113856469253,37.3207328915287,41_463
비젼내과의원,내과의원,031-896-3000,031-896-3000,경기도,용인시,경기도 용인시 기흥구 보정로 115 우영프라자 4층 (보정동) ,5,TRUE,TRUE,TRUE,TRUE,TRUE,16898,수도권,127.115239106365,37.3198613353349,41_463
동백내과의원,내과의원,031-274-7111,031-274-7111,경기도,용인시,"경기도 용인시 기흥구 동백5로 21-11 (중동, 훼미리프라자 502호)",4,TRUE,TRUE,TRUE,TRUE,FALSE,17006,수도권,127.152601761409,37.2773880023846,41_463
서울손내과의원,내과의원,031-274-8585,031-274-8585,경기도,용인시,"경기도 용인시 기흥구 동백3로11번길 8-1 302호 (중동, 제일프라자)",4,TRUE,TRUE,TRUE,TRUE,FALSE,17006,수도권,127.153879011977,37.2697764368659,41_463
고려외과의원,의원,031-693-5501,031-693-5501,경기도,용인시,경기도 용인시 기흥구 동백중앙로 283 골드프라자 A동 404~406호 (중동),5,TRUE,TRUE,TRUE,TRUE,TRUE,17006,수도권,127.153487824004,37.278013079108,41_463
서울새로운내과의원,내과의원,031-275-2255,031-275-2255,경기도,용인시,"경기도 용인시 기흥구 용구대로2394번길 2 403,404호 (마북동, 팬아시아빌딩)",5,TRUE,TRUE,TRUE,TRUE,TRUE,16921,수도권,127.107621196432,37.2998203956265,41_463
동백미즈산부인과의원,의원,031-8006-2030,031-8006-2030,경기도,용인시,"경기도 용인시 기흥구 동백중앙로 283 (중동, 골드프라자 A동 7층)",0,FALSE,FALSE,FALSE,FALSE,FALSE,17006,수도권,127.153595626736,37.2776837896684,41_463
다건연세내과의원,내과의원,031-264-0675,031-264-0675,경기도,용인시,"경기도 용인시 기흥구 죽전로 58 3, 4층 (보정동) ",5,TRUE,TRUE,TRUE,TRUE,TRUE,16898,수도권,127.115120108005,37.3202480844794,41_463
아이앤미가정의학과의원,의원,031-286-5588,031-286-5588,경기도,용인시,"경기도 용인시 기흥구 구성3로28번길 32 (청덕동, 일월프라자 302, 303호)",0,FALSE,FALSE,FALSE,FALSE,FALSE,16892,수도권,127.152128317283,37.2964421377438,41_463
이경오내과의원,내과의원,031-211-7592,031-211-7592,경기도,용인시,"경기도 용인시 기흥구 흥덕2로87번길 18 C동 308호 (영덕동,이씨티상가)",4,TRUE,TRUE,TRUE,TRUE,FALSE,16954,수도권,127.071589469754,37.275912222227,41_463
삼성드림내과의원,내과의원,031-8005-5700,031-8005-5700,경기도,용인시,경기도 용인시 기흥구 탑실로 36-0 301~303호 (공세동),4,TRUE,TRUE,TRUE,TRUE,FALSE,17084,수도권,37.23896590936375,127.10966687392195,41_463
서울성모내과의원,내과의원,031-284-7198,031-284-7198,경기도,용인시,"경기도 용인시 기흥구 신갈로58번길 16-1 (신갈동, 신갈우체국)",5,TRUE,TRUE,TRUE,TRUE,TRUE,17064,수도권,127.107687111042,37.2722338742136,41_463
연세손내과의원,내과의원,031-284-3053,031-284-3053,경기도,용인시,"경기도 용인시 기흥구 구성로 110 (언남동, 용구프라자 2층)",4,TRUE,TRUE,TRUE,TRUE,FALSE,16919,수도권,127.120909659405,37.2931861180545,41_463
용인탑내과의원,내과의원,031-548-1004,031-548-1004,경기도,용인시,경기도 용인시 기흥구 신갈로 60 (신갈동),5,TRUE,TRUE,TRUE,TRUE,TRUE,16969,수도권,127.10587150999,37.2719779944362,41_463
홍종욱내과의원,내과의원,031-282-6633,031-282-6633,경기도,용인시,경기도 용인시 기흥구 한보라1로 8 (보라동),4,TRUE,TRUE,TRUE,TRUE,FALSE,17080,수도권,127.109422059417,37.2539876272392,41_463
미나벨라여성의원,의원,031-287-9911,031-287-9911,경기도,용인시,"경기도 용인시 기흥구 동백중앙로 352 (동백동, 신동백빌딩)",0,FALSE,FALSE,FALSE,FALSE,FALSE,17003,수도권,127.159426296045,37.2821463145806,41_463
서울S가정의원,의원,031-526-1007,031-526-1007,경기도,용인시,"경기도 용인시 기흥구 기흥역로58번길 10 2동 B105.B106호 (구갈동, 기흥역센트럴푸르지오) ",0,FALSE,FALSE,FALSE,FALSE,FALSE,17066,수도권,127.119029735417,37.2739931969359,41_463
서울내과의원,내과의원,031-212-3555,031-212-3555,경기도,용인시,"경기도 용인시 기흥구 흥덕중앙로 59 502호 (영덕동, 용인흥덕노블레스)",5,TRUE,TRUE,TRUE,TRUE,TRUE,16953,수도권,127.073741824605,37.2764933333822,41_463
참편한내과의원,내과의원,031-305-9360,031-305-9360,경기도,용인시,"경기도 용인시 기흥구 강남로 13 3층 302호 (구갈동, 칼리지포인트 )",4,TRUE,TRUE,TRUE,TRUE,FALSE,16977,수도권,127.127048442952,37.2718445319564,41_463
재단법인서울의과학연구소 에스씨엘(SCL)의원,의원,02-330-2112,070-4908-9522,경기도,용인시,"경기도 용인시 기흥구 흥덕1로 13 흥덕IT밸리 제타워동 2512, 2704, 3611, 제컴플렉스동제비0116호 (영덕동)",0,FALSE,FALSE,FALSE,FALSE,FALSE,16954,수도권,127.066343838849,37.2710305571186,41_463
다정한내과의원,내과의원,031-274-8331,031-274-8331,경기도,용인시,"경기도 용인시 기흥구 한보라1로 6 301호 (보라동, 제일프라자)",1,TRUE,FALSE,FALSE,FALSE,FALSE,17080,수도권,127.109263755911,37.2542697098541,41_463
현산부인과의원,의원,031-897-6900,031-897-6900,경기도,용인시,"경기도 용인시 기흥구 죽전로 52 (보정동, 훼미리프라자)",0,FALSE,FALSE,FALSE,FALSE,FALSE,16898,수도권,127.114671037476,37.3202905987566,41_463
용인항유외과의원,의원,031-309-8255,031-309-8255,경기도,용인시,"경기도 용인시 기흥구 죽전로 2 현타워 304,305,306-1,306-2,406호 (보정동)",5,TRUE,TRUE,TRUE,TRUE,TRUE,16897,수도권,127.108971162198,37.3202149821552,41_463
서울건강내과의원,내과의원,031-262-7889,031-262-7889,경기도,용인시,경기도 용인시 기흥구 마북로 125 3층 (마북동) ,4,TRUE,TRUE,TRUE,TRUE,FALSE,16910,수도권,127.121441645328,37.3018190350147,41_463
성모다솜의원,의원,031-204-3033,031-204-3033,경기도,용인시,경기도 용인시 기흥구 예현로35번길 2 2층 201호 (서천동),0,FALSE,FALSE,FALSE,FALSE,FALSE,17103,수도권,127.066655917139,37.2439046623864,41_463
센텀내과의원,내과의원,031-285-1475,031-285-1475,경기도,용인시,경기도 용인시 기흥구 구갈로 55 (구갈동),5,TRUE,TRUE,TRUE,TRUE,TRUE,16971,수도권,127.110913203267,37.2794042546741,41_463
길내과의원,내과의원,031-214-9088,031-214-9088,경기도,용인시,"경기도 용인시 기흥구 흥덕중앙로 41 흥덕웰스프라자 506,506-1호 (영덕동)",5,TRUE,TRUE,TRUE,TRUE,TRUE,16953,수도권,127.071564664297,37.2765080950565,41_463
김앤서내과의원,내과의원,031-8019-7582,031-8019-7582,경기도,용인시,"경기도 용인시 기흥구 동백3로11번길 8 V프라자 201, 204호 (중동)",5,TRUE,TRUE,TRUE,TRUE,TRUE,17006,수도권,127.153587726209,37.269632288231,41_463
서울삼성내과의원,내과의원,031-889-7090,031-8897-0901,경기도,용인시,"경기도 용인시 기흥구 죽전로 46 (보정동, 타워시티)",5,TRUE,TRUE,TRUE,TRUE,TRUE,16898,수도권,127.11383662024,37.3202889716308,41_463
신동백조은내과의원,내과의원,031-284-0084,031-284-0084,경기도,용인시,경기도 용인시 기흥구 동백죽전대로527번길 100-3 2층 (중동),5,TRUE,TRUE,TRUE,TRUE,TRUE,16987,수도권,127.14350376789,37.2808503606594,41_463
아산온가족의원,의원,031-281-8270,031-281-8270,경기도,용인시,경기도 용인시 기흥구 새천년로 20 그린프라자 401호 (신갈동) ,0,FALSE,FALSE,FALSE,FALSE,FALSE,16959,수도권,127.111415169487,37.2890946339096,41_463
연세속앤마디편한내과의원,내과의원,0507-1334-0567,031-548-0567,경기도,용인시,"경기도 용인시 기흥구 기흥역로 63 3층 (구갈동, 힐스테이트 기흥)",4,TRUE,TRUE,TRUE,TRUE,FALSE,17065,수도권,127.118778508807,37.274842769629,41_463
연세더바른내과의원,내과의원,031-8067-7585,031-8067-7585,경기도,용인시,"경기도 용인시 기흥구 서천로127번길 3-3 502,503호 (서천동)",4,TRUE,TRUE,TRUE,TRUE,FALSE,17108,수도권,127.072388889367,37.2367978136105,41_463
누리내과의원,내과의원,031-8067-8822,031-8067-8822,경기도,용인시,"경기도 용인시 기흥구 죽전로 20 A동 2층 201,202,301,302호 (보정동, 죽전누리에뜰) ",1,TRUE,FALSE,FALSE,FALSE,FALSE,16897,수도권,127.110385262396,37.3199965224732,41_463
서울편한내과의원,내과의원,031-302-7000,031-302-7000,경기도,용인시,경기도 용인시 기흥구 구성로 103 멀티프라자 208호 (언남동),5,TRUE,TRUE,TRUE,TRUE,TRUE,16918,수도권,127.120751436258,37.2938955760042,41_463
연세김내과의원,내과의원,031-284-7788,031-284-7788,경기도,용인시,경기도 용인시 기흥구 동백중앙로 283 골드프라자 B동 1001~1005호 (중동),2,TRUE,FALSE,TRUE,FALSE,FALSE,17006,수도권,127.153487824004,37.278013079108,41_463
샛별산부인과의원,의원,031-263-2131,031-263-2131,경기도,용인시,"경기도 용인시 기흥구 죽전로 20 216호 (보정동, 죽전누리에뜰아파트)",0,FALSE,FALSE,FALSE,FALSE,FALSE,16897,수도권,127.110385262396,37.3199965224732,41_463
유앤미여성의원,의원,031-272-2115,031-272-2115,경기도,용인시,"경기도 용인시 기흥구 죽전로 29 포레스트프라자 201,202호 (보정동) ",0,FALSE,FALSE,FALSE,FALSE,FALSE,16898,수도권,127.11207506348,37.3207519821022,41_463
정내과의원,내과의원,031-283-4990,031-283-4990,경기도,용인시,"경기도 용인시 기흥구 신갈로 52 (신갈동, 동인빌딩 5층) ",3,TRUE,TRUE,TRUE,FALSE,FALSE,17064,수도권,127.105924426515,37.2712807218903,41_463
용인이엠365의원,의원,031-205-0119,031-205-0119,경기도,용인시,"경기도 용인시 기흥구 서천로127번길 11-4 블라스타워 서천 3,4,5층 (서천동) ",5,TRUE,TRUE,TRUE,TRUE,TRUE,17108,수도권,127.073309124003,37.2360637959434,41_463
오늘봄산부인과의원,의원,031-281-7755,031-281-7755,경기도,용인시,경기도 용인시 기흥구 구갈로 70 메가타운 5층 504호 (구갈동) ,0,FALSE,FALSE,FALSE,FALSE,FALSE,16972,수도권,127.111678279461,37.2805547932475,41_463
동백행복한산부인과의원,의원,031-282-9110,031-282-9110,경기도,용인시,"경기도 용인시 기흥구 동백중앙로 283 골드프라자 C동 4층 404,405호 (중동) ",0,FALSE,FALSE,FALSE,FALSE,FALSE,17006,수도권,127.153487824004,37.278013079108,41_463
흥덕드림산부인과의원,의원,031-214-9114,031-214-9114,경기도,용인시,경기도 용인시 기흥구 흥덕2로87번길 18 이씨티 C동 304호 (영덕동) ,0,FALSE,FALSE,FALSE,FALSE,FALSE,16954,수도권,127.071589469754,37.275912222227,41_463
용인속편한내과의원,내과의원,031-273-7555,031-273-7555,경기도,용인시,"경기도 용인시 기흥구 서천로 121 원희캐슬 서천프라자 301,302호 (서천동) ",5,TRUE,TRUE,TRUE,TRUE,TRUE,17108,수도권,127.072722478556,37.2371615417499,41_463
우리호병원,병원,031-8005-4727,031-272-0000,경기도,용인시,"경기도 용인시 수지구 문정로 15 4~7층 (풍덕천동, 평은프라자)",4,TRUE,TRUE,TRUE,TRUE,FALSE,16841,수도권,127.095901622732,37.322208749128,41_465
린병원,병원,031-8005-1300,031-8005-1300,경기도,용인시,"경기도 용인시 수지구 포은대로59번길 15 (상현동, 광교복합의료센터)",1,TRUE,FALSE,FALSE,FALSE,FALSE,16864,수도권,127.066190515637,37.3006563441381,41_465
의료법인이젠의료재단러스크병원,병원,031-898-0007,031-898-0007,경기도,용인시,경기도 용인시 수지구 포은대로313번길 2-8 (풍덕천동) ,0,FALSE,FALSE,FALSE,FALSE,FALSE,16846,수도권,127.086638727368,37.3156826800331,41_465
명가정의학과의원,의원,031-896-1005,031-896-1005,경기도,용인시,"경기도 용인시 수지구 용구대로 2797 301호 (죽전동, 수창빌딩)",0,FALSE,FALSE,FALSE,FALSE,FALSE,16865,수도권,127.108653803088,37.3354179363994,41_465
사랑내과의원,내과의원,031-266-7575,031-266-7575,경기도,용인시,"경기도 용인시 수지구 대지로 58 가동 308호 (죽전동, 선진포리스트)",3,TRUE,TRUE,TRUE,FALSE,FALSE,16873,수도권,37.328477931312925,127.11613799599537,41_465
성안의원,의원,031-265-3699,031-265-3699,경기도,용인시,"경기도 용인시 수지구 푸른솔로 87 301호 (죽전동, 그랜드프라자)",0,FALSE,FALSE,FALSE,FALSE,FALSE,16874,수도권,127.118320106138,37.3262088629671,41_465
박지영산부인과의원,의원,031-264-8113,031-264-8113,경기도,용인시,"경기도 용인시 수지구 풍덕천로 122 302호 (풍덕천동, 하나로프라자)",0,FALSE,FALSE,FALSE,FALSE,FALSE,16841,수도권,127.095554324606,37.3225414211379,41_465
이승복내과의원,내과의원,031-272-0082,031-272-0082,경기도,용인시,"경기도 용인시 수지구 만현로 103 3층 301호 (상현동, 한길프라자)",3,TRUE,TRUE,TRUE,FALSE,FALSE,16930,수도권,127.085450438456,37.3073826722409,41_465
유영일내과의원,내과의원,031-266-3338,031-266-3338,경기도,용인시,"경기도 용인시 수지구 대지로 20 202호 (죽전동, 죽전빌딩)",4,TRUE,TRUE,TRUE,TRUE,FALSE,16873,수도권,127.112297552722,37.3270500789177,41_465
수지미래산부인과의원,의원,031-896-3333,031-896-3333,경기도,용인시,"경기도 용인시 수지구 포은대로313번길 4 수지미래빌딩 지하2층~지하1층, 1층~4층 (풍덕천동)",5,TRUE,TRUE,TRUE,TRUE,TRUE,16846,수도권,127.086419664524,37.3150101281838,41_465
곽정아산부인과의원,의원,031-261-8383,031-261-8383,경기도,용인시,"경기도 용인시 수지구 풍덕천로 119 3층 304호 (풍덕천동, 로얄스포츠센터)",0,FALSE,FALSE,FALSE,FALSE,FALSE,16836,수도권,127.094907152549,37.3230649014559,41_465
우리들내과의원,내과의원,031-266-5430,031-266-5430,경기도,용인시,"경기도 용인시 수지구 상현로 34 성진프라자 202호,203호 (상현동)",3,TRUE,TRUE,TRUE,FALSE,FALSE,16939,수도권,127.077922765812,37.3022006955487,41_465
송샘산부인과의원,의원,031-266-3777,031-266-3777,경기도,용인시,경기도 용인시 수지구 용구대로 2702 동춘프라자 3층 (죽전동) ,0,FALSE,FALSE,FALSE,FALSE,FALSE,16868,수도권,127.109234110713,37.3267391171861,41_465
미래연세내과의원,내과의원,031-265-9413,031-265-9413,경기도,용인시,"경기도 용인시 수지구 만현로 113 402,403호 (상현동, 미래프라자)",5,TRUE,TRUE,TRUE,TRUE,TRUE,16930,수도권,127.085356581171,37.3064781004779,41_465
노블산부인과의원,의원,031-261-3550,031-261-3550,경기도,용인시,"경기도 용인시 수지구 만현로 110 A동 4층 406호 (상현동, 원희캐슬프라자)",0,FALSE,FALSE,FALSE,FALSE,FALSE,16930,수도권,127.084860617792,37.3066916421248,41_465
김진영내과의원,내과의원,031-263-9875,031-263-9875,경기도,용인시,"경기도 용인시 수지구 신봉2로 3 301호 (신봉동, 홍천말프라자)",3,TRUE,TRUE,TRUE,FALSE,FALSE,16815,수도권,127.077353812813,37.323314289661,41_465
명문내과의원,내과의원,031-265-7585,031-265-7585,경기도,용인시,"경기도 용인시 수지구 만현로 110 A동 302호 (상현동, 원희캐슬프라자)",4,TRUE,TRUE,TRUE,TRUE,FALSE,16930,수도권,127.084860617792,37.3066916421248,41_465
삼성굿모닝의원,의원,031-896-0037,031-896-0037,경기도,용인시,"경기도 용인시 수지구 손곡로 83 304호 (동천동, 동천타워)",0,FALSE,FALSE,FALSE,FALSE,FALSE,16828,수도권,127.093232775008,37.3359741445996,41_465
위편한내과의원,내과의원,031-896-7582,031-896-7582,경기도,용인시,"경기도 용인시 수지구 현암로 132 402호 (죽전동, C.H리베로I)",4,TRUE,TRUE,TRUE,TRUE,FALSE,16880,수도권,127.12392206669,37.3315120074593,41_465
용한외과의원,의원,031-261-7188,031-261-7188,경기도,용인시,"경기도 용인시 수지구 풍덕천로 149 5층 505,506,509호 (풍덕천동, 현대그린프라자)",5,TRUE,TRUE,TRUE,TRUE,TRUE,16837,수도권,127.097591889566,37.3246194318424,41_465
광교미소모아내과의원,내과의원,031-212-1475,031-212-1475,경기도,용인시,"경기도 용인시 수지구 광교중앙로 301 403호 (상현동, 드림타워)",5,TRUE,TRUE,TRUE,TRUE,TRUE,16944,수도권,127.068678128956,37.2969569821028,41_465
현내과의원,내과의원,031-889-7587,031-889-7587,경기도,용인시,"경기도 용인시 수지구 성복2로 51 비동 3층 315~316호 (성복동, YK타운)",4,TRUE,TRUE,TRUE,TRUE,FALSE,16849,수도권,127.078796011526,37.3134470196589,41_465
더조은내과의원,내과의원,031-898-2820,031-898-2820,경기도,용인시,"경기도 용인시 수지구 심곡로 87 지하1층 B138~140호 (성복동, 수지제일아이조움)",2,TRUE,FALSE,TRUE,FALSE,FALSE,16860,수도권,127.081757585198,37.3107245169077,41_465
수지본내과의원,내과의원,031-261-6888,031-261-6888,경기도,용인시,"경기도 용인시 수지구 신봉1로 175 402호 (신봉동, 진성프라자)",3,TRUE,TRUE,TRUE,FALSE,FALSE,16811,수도권,127.06789690676,37.3283593888847,41_465
리본산부인과의원,의원,031-898-3550,031-898-3550,경기도,용인시,"경기도 용인시 수지구 현암로 127 301호 (죽전동, 신원빌딩)",0,FALSE,FALSE,FALSE,FALSE,FALSE,16876,수도권,127.123524961321,37.3319738408192,41_465
한마음내과영상의학과의원,내과의원,031-263-8090,031-263-8090,경기도,용인시,"경기도 용인시 수지구 풍덕천로 122 4층 405,405-1호 (풍덕천동, 하나로프라자)",5,TRUE,TRUE,TRUE,TRUE,TRUE,16841,수도권,127.095554324606,37.3225414211379,41_465
유앤항외과의원,의원,031-261-2226,031-261-2226,경기도,용인시,"경기도 용인시 수지구 풍덕천로 119 2층 202,209호 (풍덕천동, 로얄스포츠센터)",5,TRUE,TRUE,TRUE,TRUE,TRUE,16836,수도권,127.094907152549,37.3230649014559,41_465
SOK수지속편한내과의원,내과의원,031-264-5088,031-264-5088,경기도,용인시,"경기도 용인시 수지구 손곡로 95 308,309,310호 (동천동, 송란빌딩)",5,TRUE,TRUE,TRUE,TRUE,TRUE,16822,수도권,127.091809473099,37.3359655264835,41_465
장그린내과의원,내과의원,031-547-9691,031-547-9690,경기도,용인시,"경기도 용인시 수지구 풍덕천로140번길 5-4 B1,2,3층 (풍덕천동) ",5,TRUE,TRUE,TRUE,TRUE,TRUE,16835,수도권,127.09751812217,37.3234132802329,41_465
편한내과의원,내과의원,031-261-7580,031-261-7580,경기도,용인시,"경기도 용인시 수지구 동천로 36 301,302호 (동천동, 영재빌딩)",4,TRUE,TRUE,TRUE,TRUE,FALSE,16825,수도권,127.099021564501,37.3407367034381,41_465
으뜸가정의학과의원,의원,031-272-8275,031-272-8275,경기도,용인시,경기도 용인시 수지구 동천로 34 3층 (동천동),2,TRUE,TRUE,FALSE,FALSE,FALSE,16825,수도권,127.099334483184,37.3408964640621,41_465
광교인내과의원,내과의원,031-212-3082,031-212-3082,경기도,용인시,"경기도 용인시 수지구 광교중앙로 294 301호, 303호 (상현동)",4,TRUE,TRUE,TRUE,TRUE,FALSE,16943,수도권,127.069256812129,37.2960781337945,41_465
지니여성의원,의원,031-276-6262,031-276-6262,경기도,용인시,경기도 용인시 수지구 수지로 124 성복스퀘어/근린생활시설 314호~316호 (성복동),0,FALSE,FALSE,FALSE,FALSE,FALSE,16858,수도권,127.079741790382,37.3126839307817,41_465
미즈유영상의학과의원,의원,031-896-9040,031-896-9040,경기도,용인시,경기도 용인시 수지구 수지로 124 성복스퀘어/근린생활시설 409호~412호 (성복동),1,FALSE,FALSE,FALSE,FALSE,TRUE,16858,수도권,127.079741790382,37.3126839307817,41_465
서강흠내과의원,내과의원,031-548-0142,031-548-0142,경기도,용인시,경기도 용인시 수지구 수지로 124 성복스퀘어 4층(401~404호) 서강흠내과의원 (성복동),4,TRUE,TRUE,TRUE,TRUE,FALSE,16858,수도권,127.079741790382,37.3126839307817,41_465
수지사랑내과의원,내과의원,031-548-2481,031-548-2481,경기도,용인시,경기도 용인시 수지구 수풍로 107 208호 (동천동),3,TRUE,TRUE,TRUE,FALSE,FALSE,16821,수도권,127.093175614877,37.3332749708365,41_465
수지베스트내과의원,내과의원,031-261-7777,031-261-7777,경기도,용인시,경기도 용인시 수지구 풍덕천로 127 수지프라자 401호 (풍덕천동),5,TRUE,TRUE,TRUE,TRUE,TRUE,16837,수도권,127.09575669104,37.3234004824601,41_465
서울위(WE)편한내과의원,내과의원,031-264-5555,031-264-5555,경기도,용인시,경기도 용인시 수지구 성복2로 92 402호 (성복동),5,TRUE,TRUE,TRUE,TRUE,TRUE,16850,수도권,127.075963758378,37.315520709786,41_465
서울제일내과의원,내과의원,031-216-8575,031-216-8575,경기도,용인시,"경기도 용인시 수지구 광교중앙로 302 201, 202호 (상현동) ",5,TRUE,TRUE,TRUE,TRUE,TRUE,16943,수도권,127.069521766246,37.296841066732,41_465
수지바름의원,의원,031-548-2157,031-548-2157,경기도,용인시,경기도 용인시 수지구 수지로 203 E 마트 지하2층 (신봉동),0,FALSE,FALSE,FALSE,FALSE,FALSE,16845,수도권,127.083327747719,37.3197392590297,41_465
광교바른내과의원,내과의원,031-893-4560,031-893-4560,경기도,용인시,경기도 용인시 수지구 광교중앙로 298 드림타워2 4층 402~404호 (상현동),5,TRUE,TRUE,TRUE,TRUE,TRUE,16943,수도권,127.06946229794,37.2965623207987,41_465
광교장내과의원,내과의원,031-214-7272,031-214-7272,경기도,용인시,경기도 용인시 수지구 광교중앙로 320 403호 (상현동),4,TRUE,TRUE,TRUE,TRUE,FALSE,16943,수도권,127.069966561536,37.2983941020762,41_465
진내과의원,내과의원,031-264-6780,031-264-6780,경기도,용인시,경기도 용인시 수지구 진산로 28 성원상떼빌아파트 상가1동 301~302호 (상현동),4,TRUE,TRUE,TRUE,TRUE,FALSE,16925,수도권,127.092631276667,37.3147977405745,41_465
바른솔내과의원,내과의원,031-263-7570,031-263-7570,경기도,용인시,"경기도 용인시 수지구 정든로 5 2층 201,202호 (죽전동, 죽전역 솔하임)",5,TRUE,TRUE,TRUE,TRUE,TRUE,16873,수도권,127.113540494502,37.3275054456876,41_465
수지엘내과의원,내과의원,031-272-6699,031-272-6699,경기도,용인시,경기도 용인시 수지구 신봉1로 73 3층 (신봉동),5,TRUE,TRUE,TRUE,TRUE,TRUE,16810,수도권,127.076673082663,37.3229208912164,41_465
삼성박내과의원,내과의원,031-266-8575,031-266-8575,경기도,용인시,경기도 용인시 수지구 성복2로 51 데이파크 A동 302호 (성복동),5,TRUE,TRUE,TRUE,TRUE,TRUE,16849,수도권,127.078796011526,37.3134470196589,41_465
광교그린산부인과의원,의원,031-211-0095,031-211-0095,경기도,용인시,"경기도 용인시 수지구 광교중앙로 308 3층 301호 (상현동, 광교에스타워)",0,FALSE,FALSE,FALSE,FALSE,FALSE,16943,수도권,127.069679238178,37.2973566375727,41_465
수지메디이음내과의원,내과의원,031-261-2280,031-261-2280,경기도,용인시,경기도 용인시 수지구 만현로 92 IT프라자 307호 (상현동),5,TRUE,TRUE,TRUE,TRUE,TRUE,16930,수도권,127.084938445675,37.3084933864913,41_465
연세메디웰내과의원,내과의원,031-889-1114,031-889-1114,경기도,용인시,경기도 용인시 수지구 현암로 113 지성빌딩 3층 (죽전동),5,TRUE,TRUE,TRUE,TRUE,TRUE,16875,수도권,127.122080957991,37.3319579496512,41_465
메디코아내과의원,내과의원,031-272-2207,031-272-2207,경기도,용인시,"경기도 용인시 수지구 풍덕천로129번길 9 2층 (풍덕천동, 오성빌딩)",5,TRUE,TRUE,TRUE,TRUE,TRUE,16837,수도권,127.095304458262,37.3239107419888,41_465
수지퍼스트내과의원,내과의원,031-8025-0500,031-8025-0500,경기도,용인시,"경기도 용인시 수지구 고기로45번길 40 206,207,208호 (동천동, 한화 포레나 수지동천) ",5,TRUE,TRUE,TRUE,TRUE,TRUE,16824,수도권,127.092876981329,37.3401906166844,41_465
에스더산부인과의원,의원,031-264-2722,031-264-2722,경기도,용인시,경기도 용인시 수지구 문정로 15 평은프라자 302-303호 (풍덕천동) ,1,FALSE,FALSE,FALSE,FALSE,TRUE,16841,수도권,127.095901622732,37.322208749128,41_465
플러스건강가정의학과의원,의원,031-896-1010,031-896-1010,경기도,용인시,경기도 용인시 수지구 수지로342번길 11 301호 (풍덕천동) ,4,TRUE,TRUE,TRUE,TRUE,FALSE,16832,수도권,127.095698552857,37.3273775967015,41_465
허원장성장의원,의원,031-276-9000,031-276-9000,경기도,용인시,"경기도 용인시 수지구 성복2로 51 데이파크 B동 306호,307호 (성복동) ",0,FALSE,FALSE,FALSE,FALSE,FALSE,16849,수도권,127.078796011526,37.3134470196589,41_465
솔빛내과의원,내과의원,031-8081-1870,031-8081-1870,경기도,용인시,경기도 용인시 수지구 수풍로 65 301-305호 (풍덕천동) ,5,TRUE,TRUE,TRUE,TRUE,TRUE,16820,수도권,127.092362084461,37.3298051955777,41_465
경기도의료원파주병원,종합병원,031-940-9124,031-940-9100,경기도,파주시,경기도 파주시 중앙로 207 경기도립의료원파주병원 (금촌동) ,4,FALSE,TRUE,TRUE,TRUE,TRUE,10922,수도권,126.779635781565,37.7548796656889,41_480
메디인병원,종합병원,031-943-1191,031-943-1191,경기도,파주시,경기도 파주시 금릉역로 190 (금촌동),5,TRUE,TRUE,TRUE,TRUE,TRUE,10913,수도권,126.766668917742,37.7610733468139,41_480
문산중앙병원,병원,031-950-9040,950-9000,경기도,파주시,경기도 파주시 문산읍 문향로39번길 53 문산중앙병원 ,5,TRUE,TRUE,TRUE,TRUE,TRUE,10823,수도권,126.783230050233,37.854249460911,41_480
파주미래아동병원,병원,070-4702-2500,070-4702-2500,경기도,파주시,"경기도 파주시 와석순환로 133 5,6층 (동패동, 형성프라자)",0,FALSE,FALSE,FALSE,FALSE,FALSE,10905,수도권,126.74512908134,37.7121382636616,41_480
인본병원,병원,031-1661-7300,1661-7300,경기도,파주시,경기도 파주시 청암로17번길 31 3~8층 (목동동),5,TRUE,TRUE,TRUE,TRUE,TRUE,10892,수도권,126.735899451546,37.7284693847103,41_480
기대플러스병원,병원,031-540-0200,031-540-0200,경기도,파주시,"경기도 파주시 청암로17번길 33 3,4층 (목동동, 현대메디칼프라자)",5,TRUE,TRUE,TRUE,TRUE,TRUE,10892,수도권,126.736386375144,37.7287093213606,41_480
코키아병원,병원,031-8070-1004,031-8035-5363,경기도,파주시,"경기도 파주시 청암로17번길 57 4층, 7층, 8층 204호~206호,208호~210호,503-1호,504호 (목동동) ",0,FALSE,FALSE,FALSE,FALSE,FALSE,10892,수도권,126.734486806635,37.7292398732864,41_480
미소래병원,병원,031-946-0202,031-946-0202,경기도,파주시,경기도 파주시 금정7길 29 미소래병원 (금촌동),2,TRUE,FALSE,FALSE,FALSE,TRUE,10924,수도권,126.774728703017,37.757283263464,41_480
운정와이즈병원,병원,031-937-8981,031-937-8888,경기도,파주시,"경기도 파주시 금바위로 50 2~7,10,11층 (와동동)",5,TRUE,TRUE,TRUE,TRUE,TRUE,10894,수도권,126.758858304828,37.7290287121827,41_480
브이아이씨365병원,병원,031-935-4788,031-935-4788,경기도,파주시,"경기도 파주시 책향기로 836 3,4,5층 (와동동)",5,TRUE,TRUE,TRUE,TRUE,TRUE,10896,수도권,126.763760498597,37.7292709077386,41_480
무척조은병원,병원,031-954-1400,954-1400,경기도,파주시,경기도 파주시 문산읍 방촌로 1675-20,5,TRUE,TRUE,TRUE,TRUE,TRUE,10816,수도권,126.780958269806,37.8639671326051,41_480
달리자병원,병원,031-8070-2665,031-1670-7515,경기도,파주시,"경기도 파주시 경의로 1204 월드타워 10차 6,7,8층 (와동동) ",5,TRUE,TRUE,TRUE,TRUE,TRUE,10896,수도권,126.761519826815,37.7250451745055,41_480
예닮의원,의원,031-957-3275,031-957-3275,경기도,파주시,경기도 파주시 광탄면 등원로 524 ,4,TRUE,TRUE,TRUE,TRUE,FALSE,10948,수도권,126.845349668788,37.782189456571,41_480
연세내과의원,내과의원,031-944-6655,031-944-6655,경기도,파주시,"경기도 파주시 청석로 260 4층 (동패동, 트리플메디칼타워)",4,TRUE,TRUE,TRUE,TRUE,FALSE,10874,수도권,126.717738448876,37.7251029959277,41_480
황효주내과의원,내과의원,031-952-9225,952-9225,경기도,파주시,경기도 파주시 문산읍 문산역로 107 2층 청도훼미리코아,5,TRUE,TRUE,TRUE,TRUE,TRUE,10824,수도권,126.786705177537,37.8557771512962,41_480
봉일천성심연합의원,의원,031-945-0350,031-945-0350,경기도,파주시,경기도 파주시 조리읍 봉천로 29 ,3,TRUE,TRUE,TRUE,FALSE,FALSE,10937,수도권,126.80839234587,37.7432274477456,41_480
로타리내과정형외과의원,내과의원,031-941-0520,031-941-0520,경기도,파주시,경기도 파주시 시청로 2 2층 (금촌동),3,TRUE,TRUE,TRUE,FALSE,FALSE,10924,수도권,126.774240621411,37.7578448920359,41_480
한사랑외과의원,의원,031-942-4500,031-942-4500,경기도,파주시,경기도 파주시 시청로 1 2층 (금촌동),4,TRUE,TRUE,TRUE,TRUE,FALSE,10928,수도권,126.774083262037,37.7582427268692,41_480
신아가정의학과의원,의원,031-957-0342,031-957-0342,경기도,파주시,"경기도 파주시 미래로 537 201호 (목동동, 현대1차단지상가)",1,TRUE,FALSE,FALSE,FALSE,FALSE,10893,수도권,126.750786061699,37.7254320127385,41_480
문산서울정형외과의원,의원,031-952-3198,031-952-3198,경기도,파주시,경기도 파주시 문산읍 문산로40번길 22 문산서울정형외과의원,1,TRUE,FALSE,FALSE,FALSE,FALSE,10823,수도권,126.783477131691,37.8564067900303,41_480
최지호내과의원,내과의원,031-954-1100,031-954-1100,경기도,파주시,"경기도 파주시 문산읍 문향로 72-1 6층 601,602,603,604호",5,TRUE,TRUE,TRUE,TRUE,TRUE,10824,수도권,126.785772184505,37.8580836912335,41_480
김기범내과의원,내과의원,031-948-1551,031-948-1551,경기도,파주시,"경기도 파주시 가온로 27 201호 (목동동, 월드메르디앙1차아파트 상가동)",3,TRUE,TRUE,TRUE,FALSE,FALSE,10893,수도권,126.742997760017,37.7270404596268,41_480
교하하나의원,의원,031-946-8211,031-946-8211,경기도,파주시,경기도 파주시 청석로 272 센타프라자1 5층 (동패동),1,TRUE,FALSE,FALSE,FALSE,FALSE,10874,수도권,126.717771397941,37.7261349543978,41_480
굿모닝힐의원,의원,031-948-1975,031-948-1975,경기도,파주시,"경기도 파주시 한울로 67 301호 (동패동, 아름터프라자)",1,TRUE,FALSE,FALSE,FALSE,FALSE,10902,수도권,126.739144020545,37.710883545316,41_480
서울성모의원,의원,031-947-5275,031-947-5275,경기도,파주시,"경기도 파주시 숲속노을로 275 503,504,505,506호 (문발동, 진원빌딩)",4,TRUE,TRUE,TRUE,TRUE,FALSE,10884,수도권,126.710847197713,37.7250443098297,41_480
속편한내과의원,내과의원,031-943-7582,031-943-7582,경기도,파주시,"경기도 파주시 후곡로 21 301호 (금촌동, 용석파워프라자)",4,TRUE,TRUE,TRUE,TRUE,FALSE,10924,수도권,126.773897882261,37.7555047891322,41_480
파주보건소 문산보건센터,보건기관,031-940-5212,031-940-5604,경기도,파주시,경기도 파주시 문산읍 통일로 1680 문산읍행정복지센터 5층 ,1,TRUE,FALSE,FALSE,FALSE,FALSE,10813,수도권,126.79095551508,37.8565490494133,41_480
파주한빛병원,병원,031-8071-1661,031-8071-1661,경기도,파주시,경기도 파주시 탄현면 평화로574번길 17 ,5,TRUE,TRUE,TRUE,TRUE,TRUE,10860,수도권,126.721105621588,37.7739343154402,41_480
Dr리더스내과의원,내과의원,031-957-7517,031-957-7517,경기도,파주시,"경기도 파주시 미래로 369-13 503호 (동패동, 한울프라자)",5,TRUE,TRUE,TRUE,TRUE,TRUE,10905,수도권,126.74529388939,37.7110715992917,41_480
김용현내과의원,내과의원,031-957-7889,031-957-7889,경기도,파주시,"경기도 파주시 후곡로 1 304호 (금촌동, 경기빌딩)",5,TRUE,TRUE,TRUE,TRUE,TRUE,10924,수도권,126.774014778557,37.7574025359153,41_480
서울삼성내과의원,내과의원,031-949-9475,031-949-9475,경기도,파주시,"경기도 파주시 청석로 272 501호 (동패동, 센타프라자1)",4,TRUE,TRUE,TRUE,TRUE,FALSE,10874,수도권,126.717771397941,37.7261349543978,41_480
운정삼성내과의원,내과의원,031-8071-5558,031-8071-5558,경기도,파주시,"경기도 파주시 미래로602번길 3 402,403호 (와동동, 윤정프라자)",3,TRUE,TRUE,FALSE,TRUE,FALSE,10895,수도권,126.751664130303,37.7313096252356,41_480
김형진내과의원,내과의원,031-957-1970,031-957-1970,경기도,파주시,"경기도 파주시 와석순환로 125 402호 (동패동, 현대프라자)",4,TRUE,TRUE,TRUE,TRUE,FALSE,10905,수도권,126.745844770925,37.712118815947,41_480
우리내과의원,내과의원,031-957-5966,031-957-5966,경기도,파주시,"경기도 파주시 와석순환로 70 301호 (야당동, 신운정프라자2)",3,TRUE,FALSE,TRUE,TRUE,FALSE,10907,수도권,126.751481829714,37.7104983619903,41_480
연세리엔산부인과의원,의원,031-912-8765,031-912-8765,경기도,파주시,경기도 파주시 미래로 377 운정스퀘어 402호 (동패동),0,FALSE,FALSE,FALSE,FALSE,FALSE,10905,수도권,126.745866063619,37.7117618969618,41_480
SOK 속편한내과의원,내과의원,031-959-2288,031-959-2288,경기도,파주시,"경기도 파주시 미래로 375 삼성메디컬 프라자 502, 503, 504호 (동패동)",5,TRUE,TRUE,TRUE,TRUE,TRUE,10905,수도권,126.745851749055,37.7114039101352,41_480
서울가정의학과의원,의원,031-937-8275,031-937-8275,경기도,파주시,경기도 파주시 문산읍 독서울1길 14 (선유프라자 2층),0,FALSE,FALSE,FALSE,FALSE,FALSE,10812,수도권,126.804450515064,37.865856157577,41_480
해맑은의원,의원,031-948-5575,031-948-5575,경기도,파주시,경기도 파주시 가온로 106 대로프라자 101호 (목동동),0,FALSE,FALSE,FALSE,FALSE,FALSE,10900,수도권,126.744375287496,37.7205087221671,41_480
연세송내과의원,내과의원,031-8070-1198,031-8070-1198,경기도,파주시,"경기도 파주시 후곡로 3 2층 203호, 3층 304호 (금촌동)",4,TRUE,TRUE,TRUE,TRUE,FALSE,10924,수도권,126.774043434103,37.7571594204127,41_480
서울365외과의원,의원,031-947-7277,031-947-7277,경기도,파주시,경기도 파주시 경의로 1066 야당중앙타워 4층 (야당동),5,TRUE,TRUE,TRUE,TRUE,TRUE,10908,수도권,126.759640419122,37.7122942448468,41_480
연세봄내과의원,내과의원,031-8035-6655,031-8035-6655,경기도,파주시,"경기도 파주시 미래로 371 5층 501,502,503,504호 (동패동)",3,TRUE,TRUE,TRUE,FALSE,FALSE,10905,수도권,126.745845662218,37.7110941429996,41_480
늘푸른내과의원,내과의원,031-957-6661,031-957-6661,경기도,파주시,"경기도 파주시 교하로 75 403,404호 (목동동)",4,TRUE,TRUE,TRUE,TRUE,FALSE,10892,수도권,126.733227159109,37.7285561674892,41_480
미래여성의원,의원,031-940-1700,031-940-1700,경기도,파주시,경기도 파주시 후곡로 19 2층 (금촌동),2,TRUE,FALSE,FALSE,FALSE,TRUE,10924,수도권,126.773901236163,37.7557450829903,41_480
우리들내과의원,내과의원,031-941-3317,031-941-3317,경기도,파주시,경기도 파주시 교하로 87 삼성프라자 403 404호 (목동동),5,TRUE,TRUE,TRUE,TRUE,TRUE,10892,수도권,126.733927533434,37.7276309237772,41_480
연세믿음내과의원,내과의원,031-8070-0111,031-8070-0111,경기도,파주시,경기도 파주시 와석순환로 133 형성프라자 304호 (동패동),5,TRUE,TRUE,TRUE,TRUE,TRUE,10905,수도권,126.74512908134,37.7121382636616,41_480
야당연세내과의원,내과의원,031-946-9875,031-946-9875,경기도,파주시,경기도 파주시 경의로 1080 명동프라자 301호 (야당동),5,TRUE,TRUE,TRUE,TRUE,TRUE,10908,수도권,126.75995262432,37.7138108555518,41_480
강내과의원,내과의원,031-944-4415,031-944-4415,경기도,파주시,경기도 파주시 중앙로 303 재성빌딩 2층 (금촌동),5,TRUE,TRUE,TRUE,TRUE,TRUE,10929,수도권,126.775342654769,37.7626782399941,41_480
원더여성의원,의원,031-945-3835,031-945-3835,경기도,파주시,경기도 파주시 경의로 1074 삼융시네마 307호 (야당동),0,FALSE,FALSE,FALSE,FALSE,FALSE,10908,수도권,126.759892016322,37.7131570773604,41_480
한결나은가정의학과의원,의원,031-944-2940,031-944-2940,경기도,파주시,"경기도 파주시 해올1길 7 503호, 504호 (다율동) ",0,FALSE,FALSE,FALSE,FALSE,FALSE,10865,수도권,126.729986139921,37.7338781957184,41_480
장칼리혜진산부인과의원,의원,031-942-1013,031-942-1013,경기도,파주시,경기도 파주시 초롱꽃로 133-3 303~304호 (동패동) ,0,FALSE,FALSE,FALSE,FALSE,FALSE,10888,수도권,126.718794195657,37.7125179786956,41_480
운정서울여성의원,의원,031-942-6434,031-942-6434,경기도,파주시,경기도 파주시 경의로1240번길 30 405호~407호 (와동동) ,0,FALSE,FALSE,FALSE,FALSE,FALSE,10896,수도권,126.762633144183,37.7276767207063,41_480
최신내과의원,내과의원,031-943-1010,031-943-1010,경기도,파주시,경기도 파주시 청암로 75 상상 메디컬 프라자 505호~509호 (다율동) ,1,TRUE,FALSE,FALSE,FALSE,FALSE,10865,수도권,126.733014188379,37.7348262436909,41_480
운정스마트내과의원,내과의원,031-8035-6900,031-8035-6900,경기도,파주시,경기도 파주시 청석로 115 반석프라자 401호~403호 (동패동) ,5,TRUE,TRUE,TRUE,TRUE,TRUE,10888,수도권,126.720433135049,37.712691078582,41_480
메디플러스의원,의원,031-950-9120,031-950-9119,경기도,파주시,경기도 파주시 문산읍 문향로 93 4층 ,5,TRUE,TRUE,TRUE,TRUE,TRUE,10821,수도권,126.786614464162,37.8599285634403,41_480
다엘여성의원,의원,031-934-0966,031-934-0966,경기도,파주시,"경기도 파주시 청암로 75 상상 메디컬 프라자 403호, 404호 (다율동) ",0,FALSE,FALSE,FALSE,FALSE,FALSE,10865,수도권,126.733014188379,37.7348262436909,41_480
운정더편한내과의원,내과의원,031-937-8475,031-937-8475,경기도,파주시,경기도 파주시 청암로 79 504호~507호 (다율동) ,5,TRUE,TRUE,TRUE,TRUE,TRUE,10865,수도권,126.732804646837,37.7351756146619,41_480
황소내과의원,내과의원,031-945-2720,031-945-2720,경기도,파주시,경기도 파주시 가람로116번길 13 제안빌딩 301호~304호 (와동동) ,4,TRUE,TRUE,TRUE,TRUE,FALSE,10896,수도권,126.763127448399,37.7365933402232,41_480
운정제일여성의원,의원,031-941-4280,031-941-4280,경기도,파주시,경기도 파주시 경의로 1066 203호 (야당동) ,0,FALSE,FALSE,FALSE,FALSE,FALSE,10908,수도권,126.759640419122,37.7122942448468,41_480
정유연산부인과의원,의원,031-942-2119,031-942-2119,경기도,파주시,"경기도 파주시 청석로 122 308,309호 (동패동) ",0,FALSE,FALSE,FALSE,FALSE,FALSE,10956,수도권,126.720978716351,37.7134585565412,41_480
운정표병원,병원,031-934-0516,031-934-0516,경기도,파주시,"경기도 파주시 해올2길 8 503호, 504호, 601호~603호 (다율동) ",0,FALSE,FALSE,FALSE,FALSE,FALSE,10865,수도권,126.730764588072,37.733754291221,41_480
서울바른정내과의원,내과의원,031-952-7755,031-952-7755,경기도,파주시,경기도 파주시 문산읍 문향로 52-1 6층 ,5,TRUE,TRUE,TRUE,TRUE,TRUE,10824,수도권,126.785527720665,37.8567236228604,41_480
365다움의원,의원,031-935-5617,031-935-5617,경기도,파주시,경기도 파주시 숲속노을로 128 401호 (동패동) ,0,FALSE,FALSE,FALSE,FALSE,FALSE,10956,수도권,126.715134592775,37.7123510731959,41_480
유엘내과의원,내과의원,031-942-7558,031-942-7558,경기도,파주시,"경기도 파주시 경의로 1100 연세프라자 404,405호 (야당동) ",5,TRUE,TRUE,TRUE,TRUE,TRUE,10908,수도권,126.760155769565,37.7153170622741,41_480
경기도의료원 이천병원,종합병원,031-630-4259,031-630-4200,경기도,이천시,경기도 이천시 경충대로 2742 (관고동) ,5,TRUE,TRUE,TRUE,TRUE,TRUE,17366,수도권,127.433238256825,37.2828228641935,41_500
이천파티마병원,병원,031-635-2624,031-635-2624,경기도,이천시,경기도 이천시 경충대로 2560-2 (중리동),3,FALSE,TRUE,TRUE,TRUE,FALSE,17373,수도권,127.44905841358,37.2747696749727,41_500
바른병원,병원,031-630-0365,630-0300,경기도,이천시,경기도 이천시 경충대로 2543 바른병원 (진리동),5,TRUE,TRUE,TRUE,TRUE,TRUE,17381,수도권,127.450358845088,37.2737602631191,41_500
추새로병원,병원,031-1644-0810,1644-0810,경기도,이천시,경기도 이천시 영창로 189 3~8층 (창전동),5,TRUE,TRUE,TRUE,TRUE,TRUE,17364,수도권,127.443672923673,37.2815032161096,41_500
이천엘리야병원,병원,031-642-8871,031-642-8871,경기도,이천시,경기도 이천시 장호원읍 서동대로 8793 이천엘리야병원,5,TRUE,TRUE,TRUE,TRUE,TRUE,17421,수도권,127.612113418485,37.1158911477695,41_500
양정분산부인과의원,의원,031-631-9145,031-635-5300,경기도,이천시,경기도 이천시 이섭대천로 1186 (중리동),5,TRUE,TRUE,TRUE,TRUE,TRUE,17373,수도권,127.447201071218,37.2761806956301,41_500
김내과의원,내과의원,031-641-5555,031-641-5555,경기도,이천시,경기도 이천시 장호원읍 장감로 77,3,TRUE,TRUE,TRUE,FALSE,FALSE,17418,수도권,127.63105827697,37.1174745336601,41_500
마리나산부인과의원,의원,031-637-0552,031-637-0552,경기도,이천시,경기도 이천시 경충대로 2564 (중리동),1,FALSE,FALSE,FALSE,FALSE,TRUE,17373,수도권,127.448148354591,37.2752183240916,41_500
이천한사랑의원,의원,031-638-5544,031-638-5544,경기도,이천시,경기도 이천시 이섭대천로 1387 (증포동),4,TRUE,TRUE,TRUE,TRUE,FALSE,17346,수도권,127.454239983843,37.2918223828373,41_500
현대가정의원,의원,031-636-7272,031-636-7272,경기도,이천시,경기도 이천시 부발읍 경충대로 2257 ,0,FALSE,FALSE,FALSE,FALSE,FALSE,17328,수도권,127.475784142867,37.2603187559317,41_500
정승화내과의원,내과의원,031-638-4191,031-638-4191,경기도,이천시,경기도 이천시 애련정로87번길 62 2층 (창전동),1,TRUE,FALSE,FALSE,FALSE,FALSE,17370,수도권,127.44703443135,37.2789087510979,41_500
장호원산부인과의원,의원,031-643-3582,643-3582,경기도,이천시,경기도 이천시 장호원읍 장감로 96,0,FALSE,FALSE,FALSE,FALSE,FALSE,17420,수도권,127.633283614301,37.1178111035498,41_500
남선희산부인과의원,의원,031-636-1555,031-636-1555,경기도,이천시,경기도 이천시 이섭대천로 1185 (중리동),0,FALSE,FALSE,FALSE,FALSE,FALSE,17377,수도권,127.446777319118,37.2760236237815,41_500
민내과의원,내과의원,031-635-5714,031-635-5714,경기도,이천시,"경기도 이천시 중리천로72번길 2 3층 (중리동, 이천시산림조합청사)",4,TRUE,TRUE,TRUE,TRUE,FALSE,17374,수도권,127.445334381468,37.2789259713529,41_500
윤내과의원,내과의원,031-637-7512,031-637-7512,경기도,이천시,"경기도 이천시 이섭대천로 1233 301호 (창전동, 화창빌딩)",3,TRUE,TRUE,TRUE,FALSE,FALSE,17369,수도권,127.446634670827,37.2803719148764,41_500
한양내과의원,내과의원,031-633-3741,031-633-3741,경기도,이천시,"경기도 이천시 이섭대천로 1212 2층 (창전동, 서울메디칼빌딩)",3,TRUE,TRUE,TRUE,FALSE,FALSE,17370,수도권,127.447222400841,37.2784519384236,41_500
금강메디컬의원,의원,031-634-3600,634-3600,경기도,이천시,경기도 이천시 이섭대천로 1272 (창전동),4,FALSE,TRUE,TRUE,TRUE,TRUE,17363,수도권,127.447384715391,37.2839481619007,41_500
선두연합내과의원,내과의원,031-643-5300,031-643-5300,경기도,이천시,경기도 이천시 장호원읍 장터로83번길 43,5,TRUE,TRUE,TRUE,TRUE,TRUE,17420,수도권,127.63330292867,37.1176173648688,41_500
한내과의원,내과의원,031-633-8788,633-8788,경기도,이천시,경기도 이천시 애련정로87번길 58 한내과의원 (창전동),5,TRUE,TRUE,TRUE,TRUE,TRUE,17370,수도권,127.44729602557,37.2787559389435,41_500
메디홈즈의원,의원,031-631-5191,031-631-5191,경기도,이천시,경기도 이천시 증신로291번길 133 102호 (송정동),0,FALSE,FALSE,FALSE,FALSE,FALSE,17344,수도권,127.433382676736,37.2950671726218,41_500
서울내과의원,내과의원,031-631-1588,031-631-1588,경기도,이천시,"경기도 이천시 이섭대천로 1203 3층 (중리동, 하나빌딩)",4,TRUE,TRUE,TRUE,TRUE,FALSE,17374,수도권,127.446499825985,37.277759339183,41_500
서울삼성연합외과의원,의원,031-637-3119,031-637-3119,경기도,이천시,"경기도 이천시 중리천로 76 401호 (중리동, 라온펠리스)",5,TRUE,TRUE,TRUE,TRUE,TRUE,17374,수도권,127.445737709735,37.2784472664647,41_500
이준편한내과의원,내과의원,031-643-7001,031-643-7001,경기도,이천시,경기도 이천시 장호원읍 이선룡로 16 3층,5,TRUE,TRUE,TRUE,TRUE,TRUE,17418,수도권,127.627983750885,37.1194747896824,41_500
이천365의원,의원,031-636-3650,031-636-3650,경기도,이천시,경기도 이천시 안흥로 70 (갈산동) ,0,FALSE,FALSE,FALSE,FALSE,FALSE,17359,수도권,127.455312492563,37.2840939044879,41_500
수메디컬의원,의원,031-642-5119,031-642-5119,경기도,이천시,경기도 이천시 장호원읍 장감로 64 장호원농협 3층,5,TRUE,TRUE,TRUE,TRUE,TRUE,17420,수도권,127.629822509317,37.1167408926917,41_500
박민호내과의원,내과의원,031-641-5533,641-5533,경기도,이천시,경기도 이천시 장호원읍 장감로77번길 7,4,TRUE,TRUE,TRUE,TRUE,FALSE,17418,수도권,127.631081579193,37.117733461354,41_500
서울삼성내과의원,내과의원,031-8011-3875,031-8011-3875,경기도,이천시,경기도 이천시 마장면 오천로 49 더퍼스트마장 4층 401~405호,5,TRUE,TRUE,TRUE,TRUE,TRUE,17387,수도권,127.353398791185,37.2528336719116,41_500
고봉진내과의원,내과의원,031-638-0991,031-638-0991,경기도,이천시,경기도 이천시 부발읍 경충대로2050번길 15-87 이천클래시아테라스파크 2층 218~222호,5,TRUE,TRUE,TRUE,TRUE,TRUE,17332,수도권,127.49135152963,37.2518913216183,41_500
연세든든내과의원,내과의원,031-694-0775,031-694-0775,경기도,이천시,경기도 이천시 영창로 202 가동 5층 (창전동) ,5,TRUE,TRUE,TRUE,TRUE,TRUE,17369,수도권,127.445069261664,37.2807787703234,41_500
조윤영여성의원,의원,031-631-3500,031-631-3500,경기도,이천시,"경기도 이천시 중리천로 76 3층 320호 (중리동, 이천 라온팰리스) ",0,FALSE,FALSE,FALSE,FALSE,FALSE,17374,수도권,127.445737709735,37.2784472664647,41_500
서울외과의원,의원,031-633-1122,633-1122,경기도,이천시,경기도 이천시 이섭대천로 1212 (창전동) ,4,TRUE,TRUE,TRUE,TRUE,FALSE,17370,수도권,127.447222400841,37.2784519384236,41_500
경기도의료원 안성병원,종합병원,031-8046-5131,031-8046-5000,경기도,안성시,경기도 안성시 남파로 95 경기도의료원 안성병원 (당왕동) ,5,TRUE,TRUE,TRUE,TRUE,TRUE,17568,수도권,127.260291609252,37.0173108171457,41_550
안성성모병원,종합병원,031-675-6007,031-675-6007,경기도,안성시,경기도 안성시 시장길 58 (서인동) ,3,FALSE,TRUE,TRUE,FALSE,TRUE,17592,수도권,127.270702061765,37.0057926578822,41_550
허리편한병원,병원,031-656-2110,031-656-2110,경기도,안성시,경기도 안성시 공도읍 진건중길 9 ,5,TRUE,TRUE,TRUE,TRUE,TRUE,17564,수도권,127.142340644734,36.9944691842944,41_550
이선경산부인과의원,의원,031-674-2251,031-674-2251,경기도,안성시,경기도 안성시 중앙로379번길 29 (대천동),0,FALSE,FALSE,FALSE,FALSE,FALSE,17580,수도권,127.269140551796,37.0089397114708,41_550
모아산부인과의원,의원,031-674-7744,031-674-7744,경기도,안성시,경기도 안성시 중앙로 368 (석정동),0,FALSE,FALSE,FALSE,FALSE,FALSE,17581,수도권,127.267622104663,37.0077407460267,41_550
안성의료복지사회적협동조합안성농민의원,의원,031-675-0227,031-675-0227,경기도,안성시,"경기도 안성시 중앙로371번길 13 2,3층 (석정동) ",4,TRUE,TRUE,TRUE,FALSE,TRUE,17580,수도권,127.26834615233,37.00838752726,41_550
안성의료복지사회적협동조합우리동네의원,의원,031-671-9157,031-671-9157,경기도,안성시,경기도 안성시 대학로 65 1층 (당왕동) ,0,FALSE,FALSE,FALSE,FALSE,FALSE,17570,수도권,127.26623829007,37.0142364857745,41_550
한양내과의원,내과의원,031-675-7567,031-675-7567,경기도,안성시,경기도 안성시 중앙로382번길 20 (서인동),4,TRUE,TRUE,TRUE,TRUE,FALSE,17581,수도권,127.268324093631,37.0072902437859,41_550
하나로연합의원,의원,031-672-2475,672-2475,경기도,안성시,"경기도 안성시 중앙로 370 4층 (석정동, 하평플리스)",5,TRUE,TRUE,TRUE,TRUE,TRUE,17581,수도권,127.267903154687,37.0075623291918,41_550
한길아산내과의원,내과의원,031-675-0500,031-675-0500,경기도,안성시,경기도 안성시 중앙로 408 (동본동),4,TRUE,TRUE,TRUE,TRUE,FALSE,17592,수도권,127.271994492633,37.0069060494626,41_550
안성한주의원,의원,031-674-7501,031-674-7501,경기도,안성시,경기도 안성시 물방아거리길 6 (인지동),5,TRUE,TRUE,TRUE,TRUE,TRUE,17592,수도권,127.26896205952,37.0049978072125,41_550
김내과의원,내과의원,031-691-7975,031-691-7975,경기도,안성시,경기도 안성시 공도읍 공도로 91 ,4,TRUE,TRUE,TRUE,TRUE,FALSE,17561,수도권,127.171116788576,37.0000888123551,41_550
하나여성의원,의원,031-677-7700,031-677-7700,경기도,안성시,경기도 안성시 안성맞춤대로 1043 (서인동),0,FALSE,FALSE,FALSE,FALSE,FALSE,17581,수도권,127.269018339913,37.0065897957154,41_550
안성연세의원,의원,031-653-5579,653-5579,경기도,안성시,경기도 안성시 공도읍 공도로 132 3층 (골드일번가),2,TRUE,TRUE,FALSE,FALSE,FALSE,17559,수도권,127.175081014113,37.0014724082734,41_550
안성의료복지사회적협동조합 서안성의원,의원,070-4924-4797,031-651-6121,경기도,안성시,경기도 안성시 공도읍 승두길 40,5,TRUE,TRUE,TRUE,TRUE,TRUE,17562,수도권,127.171201197072,36.9986022668001,41_550
강내과의원,내과의원,031-675-2255,675-2255,경기도,안성시,경기도 안성시 금산길 8 2층 (연지동) ,4,TRUE,TRUE,TRUE,TRUE,FALSE,17587,수도권,127.270923407316,37.0113040487854,41_550
서울본의원,의원,031-671-1121,031-671-1121,경기도,안성시,경기도 안성시 아양로 71 안성서희스타힐스아파트상가 (아양동),0,FALSE,FALSE,FALSE,FALSE,FALSE,17577,수도권,127.258558872308,37.0047416809229,41_550
홍내과의원,내과의원,031-675-2478,031-675-2478,경기도,안성시,경기도 안성시 안성맞춤대로 1049 (서인동),5,TRUE,TRUE,TRUE,TRUE,TRUE,17581,수도권,127.269211777127,37.0071528916703,41_550
연세올바른내과의원,내과의원,031-647-0977,031-647-0977,경기도,안성시,경기도 안성시 공도읍 공도로 83,5,TRUE,TRUE,TRUE,TRUE,TRUE,17561,수도권,127.170314787073,36.999849557325,41_550
더편한장내과의원,내과의원,031-671-7575,031-671-7575,경기도,안성시,경기도 안성시 아양1로 61 폴리프라자1 303~310호 (옥산동),5,TRUE,TRUE,TRUE,TRUE,TRUE,17577,수도권,127.259380342436,37.0076057700123,41_550
아이엠내과의원,내과의원,031-672-8575,031-672-8575,경기도,안성시,경기도 안성시 중앙로 374 (서인동),4,TRUE,TRUE,TRUE,TRUE,FALSE,17581,수도권,127.268354337129,37.0074876918224,41_550
연세아산산부인과의원,의원,031-676-1121,031-676-1121,경기도,안성시,경기도 안성시 중앙로 374 메디스퀘어 1동 4층 403호 (서인동),0,FALSE,FALSE,FALSE,FALSE,FALSE,17581,수도권,127.268354337129,37.0074876918224,41_550
꿈사랑의료복지사회적협동조합 꿈사랑의원,의원,070-8217-0502,031-8057-0040,경기도,안성시,"경기도 안성시 삼죽면 서동대로 5980 2,3,4층 402호 ",5,TRUE,TRUE,TRUE,TRUE,TRUE,17515,수도권,127.349221459092,37.030792023901,41_550
의료법인우리의료재단김포우리병원,종합병원,031-999-1000,031-999-1000,경기도,김포시,경기도 김포시 감암로 11 김포우리병원 (걸포동),4,FALSE,TRUE,TRUE,TRUE,TRUE,10099,수도권,126.710556772373,37.6329981082051,41_570
의료법인인봉의료재단뉴고려병원,종합병원,031-980-9114,031-998-8129,경기도,김포시,경기도 김포시 김포한강3로 283 뉴고려병원 (장기동),3,FALSE,TRUE,TRUE,FALSE,TRUE,10086,수도권,126.660229440058,37.6409568864887,41_570
나리여성병원,병원,031-982-5700,031-982-5700,경기도,김포시,경기도 김포시 돌문로 99 나리병원 (사우동),5,TRUE,TRUE,TRUE,TRUE,TRUE,10108,수도권,126.712824661912,37.6219169551942,41_570
한강아이제일병원,병원,031-983-5592,031-8048-7575,경기도,김포시,"경기도 김포시 김포한강11로 133 중앙프라자 2,3,5층 (운양동)",0,FALSE,FALSE,FALSE,FALSE,FALSE,10077,수도권,126.681380941687,37.6457654243401,41_570
김포다조은병원,병원,031-996-9666,031-996-9666,경기도,김포시,경기도 김포시 통진읍 김포대로 2214,4,TRUE,TRUE,TRUE,TRUE,FALSE,10018,수도권,126.600170656995,37.689582932632,41_570
히즈메디병원,병원,031-996-3684,1588-0223,경기도,김포시,경기도 김포시 김포대로 681 (풍무동),5,TRUE,TRUE,TRUE,TRUE,TRUE,10113,수도권,126.734706769451,37.6112355475776,41_570
연세더바른병원,병원,031-8048-9871,1833-8371,경기도,김포시,"경기도 김포시 김포한강4로 543 지오프라자 3,4층 (구래동)",3,TRUE,FALSE,TRUE,TRUE,FALSE,10071,수도권,126.623566311565,37.6453256320087,41_570
서울여성병원,병원,031-985-7582,031-985-7582,경기도,김포시,"경기도 김포시 김포대로 829 (사우동, 서울여성병원)",3,TRUE,FALSE,TRUE,FALSE,TRUE,10110,수도권,126.721287797533,37.6188813776587,41_570
김포아이제일병원,병원,031-8083-7575,031-8083-7575,경기도,김포시,"경기도 김포시 김포한강8로 382 6,7,8,11층 (구래동) ",0,FALSE,FALSE,FALSE,FALSE,FALSE,10071,수도권,126.626612303822,37.6435558781269,41_570
연세하나병원,병원,070-4496-7645,1577-4558,경기도,김포시,"경기도 김포시 김포대로 709 퍼스트블루 2,3,4층 (풍무동)",5,TRUE,TRUE,TRUE,TRUE,TRUE,10113,수도권,126.73184899009,37.6122316162753,41_570
중앙정형외과의원,의원,031-983-0291,031-983-0291,경기도,김포시,경기도 김포시 걸포로 6 케이탑리츠 김포빌딩 304호 (걸포동),1,TRUE,FALSE,FALSE,FALSE,FALSE,10099,수도권,126.707215391621,37.6322161900178,41_570
솔터가정의원,의원,031-989-5351,031-989-5351,경기도,김포시,"경기도 김포시 김포한강8로 331 2층 (마산동, 김포한강엘에이치솔터마을2단지 상가동1)",3,TRUE,TRUE,TRUE,FALSE,FALSE,10067,수도권,126.633912770464,37.6436884971001,41_570
연세내과의원,내과의원,031-985-2724,031-985-2724,경기도,김포시,"경기도 김포시 김포대로 859 201호 (사우동, 하나메디칼센터)",4,TRUE,TRUE,TRUE,TRUE,FALSE,10108,수도권,126.718394153546,37.6204019475802,41_570
하나삼성의원,의원,031-998-6114,031-998-6114,경기도,김포시,경기도 김포시 하성면 태산로13번길 42-52 ,2,TRUE,TRUE,FALSE,FALSE,FALSE,10011,수도권,126.635160127252,37.717720603674,41_570
한솔내과의원,내과의원,031-985-9898,031-985-9898,경기도,김포시,"경기도 김포시 사우중로 77 302호 (북변동, 삼정프라자)",4,TRUE,TRUE,TRUE,TRUE,FALSE,10097,수도권,126.720358395855,37.6216107850652,41_570
연세산부인과의원,의원,031-988-3575,031-988-3575,경기도,김포시,경기도 김포시 통진읍 김포대로2230번길 14-1 (2층),0,FALSE,FALSE,FALSE,FALSE,FALSE,10018,수도권,126.598959128958,37.6905074499756,41_570
독일내과의원,내과의원,031-998-9810,031-998-9810,경기도,김포시,"경기도 김포시 풍무로 25 302호 (풍무동, 센트럴메디프라자)",4,TRUE,TRUE,TRUE,TRUE,FALSE,10119,수도권,126.720196710312,37.5980423954884,41_570
한사랑영상의학과의원,의원,031-984-7564,031-984-7565,경기도,김포시,"경기도 김포시 중봉1로 9 3층 (감정동, 도선빌딩)",5,TRUE,TRUE,TRUE,TRUE,TRUE,10102,수도권,126.698705814743,37.6230028442375,41_570
푸른솔가정의학과의원,의원,031-998-7756,031-998-7756,경기도,김포시,"경기도 김포시 청송로 26 201호 (장기동, 청송현대쇼핑센타 )",3,TRUE,TRUE,TRUE,FALSE,FALSE,10080,수도권,126.666690247222,37.6477614083859,41_570
연세소망내과의원,내과의원,031-985-2209,031-985-2209,경기도,김포시,"경기도 김포시 사우중로 83 302호 (북변동, 사우테마프라자)",4,TRUE,TRUE,TRUE,TRUE,FALSE,10097,수도권,126.72075073977,37.6221045528507,41_570
어중건내과의원,내과의원,031-998-7595,031-998-7595,경기도,김포시,경기도 김포시 사우중로 17 2층 (사우동),4,TRUE,TRUE,TRUE,TRUE,FALSE,10109,수도권,126.716782434551,37.6170523721001,41_570
세현의원,의원,031-989-8875,031-989-8875,경기도,김포시,"경기도 김포시 김포한강8로 165 4층 402호 (마산동, 한강하모니프라자)",0,FALSE,FALSE,FALSE,FALSE,FALSE,10068,수도권,126.643570217708,37.637215785796,41_570
아이민산부인과의원,의원,031-984-3379,031-984-3379,경기도,김포시,경기도 김포시 김포한강4로 131 정현메디피아 6층 (장기동),0,FALSE,FALSE,FALSE,FALSE,FALSE,10083,수도권,126.666504345957,37.6449382934344,41_570
삼성산부인과의원,의원,031-997-3575,031-997-3575,경기도,김포시,"경기도 김포시 걸포2로 21 파인스타메디칼 301,303호 (걸포동)",0,FALSE,FALSE,FALSE,FALSE,FALSE,10099,수도권,126.704889026248,37.6324950147702,41_570
윤병옥내과의원,내과의원,031-997-9060,031-997-9060,경기도,김포시,경기도 김포시 통진읍 조강로 35 ,2,TRUE,TRUE,FALSE,FALSE,FALSE,10018,수도권,126.601166139886,37.6893849364567,41_570
김기택내과의원,내과의원,031-989-9400,031-989-9400,경기도,김포시,"경기도 김포시 김포한강11로 139-33 5~7층 (장기동, C&C 빌딩)",4,TRUE,TRUE,TRUE,TRUE,FALSE,10077,수도권,126.680002736309,37.6454791466961,41_570
리더스의원,의원,031-996-7582,031-996-7582,경기도,김포시,경기도 김포시 중봉로 15 1층 101호 (감정동),0,FALSE,FALSE,FALSE,FALSE,FALSE,10103,수도권,126.69695005962,37.6236975116772,41_570
해드림가정의학과의원,의원,031-985-0061,031-985-0061,경기도,김포시,경기도 김포시 고촌읍 김포대로 344 4층 (정다운 가),4,TRUE,TRUE,TRUE,TRUE,FALSE,10125,수도권,126.770595782838,37.6015890194609,41_570
배원엽내과의원,내과의원,031-986-7512,031-986-7512,경기도,김포시,경기도 김포시 고촌읍 장차로 1 4층 403호 (범영빌딩),4,TRUE,TRUE,TRUE,TRUE,FALSE,10126,수도권,126.769643899992,37.6025684321285,41_570
황산내과의원,내과의원,031-998-7114,031-998-7114,경기도,김포시,"경기도 김포시 김포한강4로 131 402~403호 (장기동, 정현메디피아)",4,TRUE,TRUE,TRUE,TRUE,FALSE,10083,수도권,126.666504345957,37.6449382934344,41_570
삼성메디칼의원,의원,031-986-6667,031-986-6667,경기도,김포시,"경기도 김포시 김포한강9로76번길 37 5층 (구래동, 경서프라자)",5,TRUE,TRUE,TRUE,TRUE,TRUE,10071,수도권,126.627325078616,37.64419791721,41_570
굿모닝내과의원,내과의원,031-986-2199,031-986-2199,경기도,김포시,"경기도 김포시 김포한강4로 113 602호 (장기동, 신한프라자)",4,TRUE,TRUE,TRUE,TRUE,FALSE,10083,수도권,126.668382235772,37.6439380030221,41_570
아산내과의원,내과의원,031-996-9903,031-996-9903,경기도,김포시,"경기도 김포시 김포한강2로 220 303호 (장기동, 그린프라자)",4,TRUE,TRUE,TRUE,TRUE,FALSE,10083,수도권,126.661298572074,37.6452219573571,41_570
김봉환내과의원,내과의원,031-989-6256,031-989-6256,경기도,김포시,"경기도 김포시 김포한강2로 110 303,304호 (장기동, 센타프라자)",4,TRUE,TRUE,TRUE,TRUE,FALSE,10088,수도권,126.671650386418,37.6394761178134,41_570
서울삼성의원,의원,031-996-8861,031-996-8861,경기도,김포시,"경기도 김포시 봉화로182번길 42 308호 (북변동, 산호종합상가)",2,TRUE,FALSE,TRUE,FALSE,FALSE,10101,수도권,126.703788185045,37.6290996947699,41_570
이젠드림가정의학과의원,의원,031-987-7975,031-987-7975,경기도,김포시,경기도 김포시 양촌읍 황금로109번길 27 ,4,TRUE,TRUE,TRUE,TRUE,FALSE,10048,수도권,126.622240674824,37.6175133373652,41_570
김포성모의원,의원,031-981-9990,031-981-9990,경기도,김포시,경기도 김포시 대곶면 율생로 35 래채프라자 205~207호,1,TRUE,FALSE,FALSE,FALSE,FALSE,10039,수도권,126.587711604876,37.6512351189184,41_570
마송김내과의원,내과의원,031-987-9119,031-987-9119,경기도,김포시,경기도 김포시 통진읍 마송1로84번길 53 4층 ,5,TRUE,TRUE,TRUE,TRUE,TRUE,10031,수도권,126.598829496092,37.6886210955445,41_570
현내과의원,내과의원,031-985-9540,031-985-9540,경기도,김포시,경기도 김포시 김포한강11로 288-5 한강베네치아 2층 208호 (운양동),4,TRUE,TRUE,TRUE,TRUE,FALSE,10073,수도권,126.681851258915,37.6552026523188,41_570
연합한강내과의원,내과의원,031-986-6990,031-986-6990,경기도,김포시,경기도 김포시 김포한강8로 378 303호 (구래동),5,TRUE,TRUE,TRUE,TRUE,TRUE,10071,수도권,126.627010174693,37.6436586770566,41_570
이화여성의원,의원,031-997-6161,031-997-6161,경기도,김포시,"경기도 김포시 김포한강8로 378 4층 403호 (구래동, 웅신프라자)",0,FALSE,FALSE,FALSE,FALSE,FALSE,10071,수도권,126.627010174693,37.6436586770566,41_570
위장튼튼내과의원,내과의원,031-8049-3915,031-8049-3915,경기도,김포시,"경기도 김포시 김포한강1로 227 401,402호 (운양동, 광장프라자)",4,TRUE,TRUE,TRUE,TRUE,FALSE,10073,수도권,126.682574204756,37.6541524367087,41_570
향산제이메디컬의원,의원,031-981-6378,031-981-6378,경기도,김포시,경기도 김포시 고촌읍 상미1로 2 대아퍼스트프라자 4층,1,TRUE,FALSE,FALSE,FALSE,FALSE,10121,수도권,126.747155407092,37.6179116144349,41_570
삼성탑내과의원,내과의원,031-984-7571,031-984-7571,경기도,김포시,"경기도 김포시 김포한강4로 176 407호 (장기동, 현대프라자1동)",5,TRUE,TRUE,TRUE,TRUE,TRUE,10082,수도권,126.662924686233,37.6477504390413,41_570
조현철내과의원,내과의원,031-997-1575,031-997-1575,경기도,김포시,경기도 김포시 김포대로 855 네오프라자 메디칼센타 6층 (사우동),5,TRUE,TRUE,TRUE,TRUE,TRUE,10108,수도권,126.718735037216,37.6202383308437,41_570
늘편한내과의원,내과의원,031-996-7583,031-996-7583,경기도,김포시,"경기도 김포시 김포한강4로 521 3층 302,303호 (구래동, 한강메디프라자)",5,TRUE,TRUE,TRUE,TRUE,TRUE,10071,수도권,126.626107284832,37.6458415942381,41_570
건강드림내과의원,내과의원,031-986-6556,031-986-6556,경기도,김포시,"경기도 김포시 풍무로 76 4층 401호 (풍무동, 오성프라자)",5,TRUE,TRUE,TRUE,TRUE,TRUE,10115,수도권,126.721979172526,37.6024270314326,41_570
김포참조은내과의원,내과의원,031-983-8818,031-983-8818,경기도,김포시,"경기도 김포시 양촌읍 양곡2로 50 아름터프라자 303,304,601호 ",5,TRUE,TRUE,TRUE,TRUE,TRUE,10060,수도권,126.62751395864,37.6556786891346,41_570
박원종내과의원,내과의원,031-996-3722,031-996-3722,경기도,김포시,경기도 김포시 통진읍 김포대로2230번길 21-3 1층,5,TRUE,TRUE,TRUE,TRUE,TRUE,10018,수도권,126.598638133931,37.6907010578047,41_570
열린정형외과의원,의원,031-996-9099,031-996-9099,경기도,김포시,경기도 김포시 태장로 800 현대메디컬프라자 3층 (장기동),4,TRUE,TRUE,TRUE,TRUE,FALSE,10089,수도권,126.678450269314,37.6380960730562,41_570
모아제일산부인과의원,의원,031-988-7004,031-988-7004,경기도,김포시,"경기도 김포시 김포한강11로 147 2-6층 (장기동, 은성프라자)",2,TRUE,FALSE,FALSE,FALSE,TRUE,10077,수도권,126.679965718933,37.6461312658576,41_570
안심내과의원,내과의원,031-998-3012,031-998-3012,경기도,김포시,"경기도 김포시 태장로 820 3층 301호 (장기동, 엠프라자)",4,TRUE,TRUE,TRUE,TRUE,FALSE,10089,수도권,126.67701357845,37.6368298737794,41_570
든든한내과의원,내과의원,031-986-7572,031-986-7572,경기도,김포시,"경기도 김포시 김포한강8로 386 김포센트럴프라자2 4-5층 401-402,405,501-504호 (구래동)",5,TRUE,TRUE,TRUE,TRUE,TRUE,10071,수도권,126.626184009334,37.643487398868,41_570
연세온유외과의원,의원,031-989-9775,031-989-9775,경기도,김포시,경기도 김포시 김포한강4로 525 감두리빌딩 307~311호 (구래동),1,FALSE,FALSE,FALSE,FALSE,TRUE,10071,수도권,126.625421956042,37.6457124723177,41_570
조은미래산부인과의원,의원,031-992-6622,031-992-6622,경기도,김포시,경기도 김포시 김포한강8로 396 지오타워 4층 402호 (구래동),1,FALSE,FALSE,FALSE,FALSE,TRUE,10071,수도권,126.625110701016,37.6432763174169,41_570
조은미래의원,의원,031-992-6677,031-992-6677,경기도,김포시,경기도 김포시 김포한강8로 396 지오타워 4층 404호 (구래동),4,TRUE,TRUE,TRUE,TRUE,FALSE,10071,수도권,126.625110701016,37.6432763174169,41_570
속편한내과의원,내과의원,031-986-7540,031-986-7540,경기도,김포시,경기도 김포시 양도로 23 오성프라자 4층 (풍무동),5,TRUE,TRUE,TRUE,TRUE,TRUE,10113,수도권,126.725002326949,37.6067369600917,41_570
진내과의원,내과의원,031-996-7568,031-996-7568,경기도,김포시,경기도 김포시 고촌읍 김포대로 343 301-302호,5,TRUE,TRUE,TRUE,TRUE,TRUE,10129,수도권,126.769836913457,37.6012673305812,41_570
가온산부인과의원,의원,031-984-3532,031-984-3532,경기도,김포시,"경기도 김포시 김포한강1로 227 5층 507-1호 (운양동, 광장프라자1동)",0,FALSE,FALSE,FALSE,FALSE,FALSE,10073,수도권,126.682574204756,37.6541524367087,41_570
서울산부인과의원,의원,031-981-9936,031-981-9936,경기도,김포시,경기도 김포시 고촌읍 김포대로 343 지산빌딩 304호,0,FALSE,FALSE,FALSE,FALSE,FALSE,10129,수도권,126.769836913457,37.6012673305812,41_570
퍼스트내과의원,내과의원,031-981-6051,031-981-6051,경기도,김포시,경기도 김포시 김포한강4로 525 4층 (구래동),5,TRUE,TRUE,TRUE,TRUE,TRUE,10071,수도권,126.625421956042,37.6457124723177,41_570
수아이의원,의원,031-991-8080,031-991-8080,경기도,김포시,경기도 김포시 김포한강4로 543 지오프라자 204~5호 (구래동),0,FALSE,FALSE,FALSE,FALSE,FALSE,10071,수도권,126.623566311565,37.6453256320087,41_570
김포강심장내과의원,내과의원,031-992-5500,031-992-5500,경기도,김포시,경기도 김포시 김포한강4로 531 3층 1~4호 (구래동),2,TRUE,FALSE,TRUE,FALSE,FALSE,10071,수도권,126.624896928566,37.6455900729664,41_570
김포정원내과의원,내과의원,031-981-7070,031-981-7070,경기도,김포시,경기도 김포시 걸포2로 21 파인스타메디컬 605~6호 (걸포동),5,TRUE,TRUE,TRUE,TRUE,TRUE,10099,수도권,126.704889026248,37.6324950147702,41_570
더퀸즈여성의원,의원,031-997-6700,031-997-6700,경기도,김포시,경기도 김포시 양도로19번길 21 6층 (풍무동) ,0,FALSE,FALSE,FALSE,FALSE,FALSE,10113,수도권,126.724882492776,37.6083398970581,41_570
패트라산부인과의원,의원,031-997-3012,031-997-3012,경기도,김포시,경기도 김포시 풍무로 104 301호 (풍무동),0,FALSE,FALSE,FALSE,FALSE,FALSE,10114,수도권,126.722565557534,37.6048646816396,41_570
서울맑음내과의원,내과의원,031-991-3210,031-991-3210,경기도,김포시,경기도 김포시 고촌읍 태리로 285 드림스퀘어 401-404호 ,5,TRUE,TRUE,TRUE,TRUE,TRUE,10130,수도권,126.763900138871,37.5932156257793,41_570
포유산부인과의원,의원,031-8049-6675,031-8049-6675,경기도,김포시,경기도 김포시 김포한강9로76번길 37 경서프라자 4층 401호 (구래동),0,FALSE,FALSE,FALSE,FALSE,FALSE,10071,수도권,126.627325078616,37.64419791721,41_570
삼성송영봉내과의원,내과의원,031-987-9940,031-987-9940,경기도,김포시,경기도 김포시 김포한강8로 172 3층 (마산동) ,4,TRUE,TRUE,TRUE,TRUE,FALSE,10068,수도권,126.644426368232,37.6374841584353,41_570
다온의원,의원,031-8048-9515,031-8048-9515,경기도,김포시,"경기도 김포시 봉화로182번길 26 산호프라자 302,303호 (북변동) ",3,TRUE,FALSE,TRUE,TRUE,FALSE,10101,수도권,126.702968413901,37.6285983990932,41_570
굿프라임메디컬의원,의원,031-8049-7275,031-8049-7275,경기도,김포시,경기도 김포시 김포한강11로 218 2층 201-210호 (운양동) ,5,TRUE,TRUE,TRUE,TRUE,TRUE,10073,수도권,126.676240533975,37.6519508902354,41_570
의료법인 은혜와감사의료재단 화성중앙종합병원,종합병원,031-352-8114,031-352-8114,경기도,화성시,경기도 화성시 향남읍 발안로 5,4,FALSE,TRUE,TRUE,TRUE,TRUE,18592,수도권,126.910779669531,37.1313511998112,41_590
한림대학교동탄성심병원,종합병원,031-8086-2240,031-8086-3000,경기도,화성시,경기도 화성시 큰재봉길 7 (석우동) ,5,TRUE,TRUE,TRUE,TRUE,TRUE,18450,수도권,127.079950171869,37.2165141525338,41_590
의료법인 원광의료재단 원광종합병원,종합병원,031-8077-7230,031-8077-7200,경기도,화성시,경기도 화성시 화산북로 21 (송산동),3,FALSE,TRUE,TRUE,FALSE,TRUE,18356,수도권,127.008036391497,37.2100629440892,41_590
화성유일병원,종합병원,031-5183-3333,031-355-0119,경기도,화성시,경기도 화성시 남양읍 남양로920번길 6 ,5,TRUE,TRUE,TRUE,TRUE,TRUE,18256,수도권,126.83265480796,37.217785036257,41_590
동탄시티병원,병원,031-8015-3333,031-8015-3333,경기도,화성시,경기도 화성시 동탄지성로 113 117 (반송동) ,5,TRUE,TRUE,TRUE,TRUE,TRUE,18435,수도권,127.062622181765,37.2084803681393,41_590
의료법인상운의료재단 동탄제일병원,병원,031-8015-9984,031-8015-9999,경기도,화성시,경기도 화성시 삼성1로 144-6 (석우동) ,5,TRUE,TRUE,TRUE,TRUE,TRUE,18450,수도권,127.078500767314,37.2165443159737,41_590
센트럴아동병원,병원,031-8060-5005,031-8060-5000,경기도,화성시,"경기도 화성시 동탄지성로 17 지하1~2층 일부층 (반송동, 풍성위버폴리스)",0,FALSE,FALSE,FALSE,FALSE,FALSE,18454,수도권,127.072045544511,37.2046148202291,41_590
의료법인 은혜와감사의료재단 향남스마트병원,병원,031-233-9114,031-233-9114,경기도,화성시,"경기도 화성시 향남읍 상신하길로298번길 11 6일부,8,9,10층",2,TRUE,FALSE,TRUE,FALSE,FALSE,18611,수도권,126.91104520565,37.1147620118934,41_590
희망찬병원,병원,031-221-6999,031-221-6999,경기도,화성시,경기도 화성시 병점중앙로 174 (진안동),5,TRUE,TRUE,TRUE,TRUE,TRUE,18399,수도권,127.037423331911,37.2131955726261,41_590
화성디에스병원,병원,031-1600-5982,1600-5982,경기도,화성시,"경기도 화성시 남양읍 시청로160번길 46-13 1,3~8층",3,FALSE,TRUE,TRUE,FALSE,TRUE,18270,수도권,126.825709661993,37.199231241321,41_590
동탄성모병원,병원,031-375-1122,031-375-1122,경기도,화성시,"경기도 화성시 동탄순환대로 127-19 동탄에스비타운 3(일부),6,7층 (산척동) ",1,TRUE,FALSE,FALSE,FALSE,FALSE,18505,수도권,127.107259302765,37.1674052909715,41_590
바르다임병원,병원,031-8058-0123,031-8058-0123,경기도,화성시,"경기도 화성시 동탄신리천로 408 M메디컬프라자 4,5,6층 (목동)",4,TRUE,TRUE,TRUE,TRUE,FALSE,18490,수도권,127.123483024627,37.1821384184729,41_590
경성의원,의원,031-353-1163,031-353-1163,경기도,화성시,경기도 화성시 향남읍 평4길 6-5 ,2,TRUE,FALSE,TRUE,FALSE,FALSE,18593,수도권,126.909687279513,37.1303850647274,41_590
메디피움동탄의원,의원,031-630-1363,031-630-1300,경기도,화성시,"경기도 화성시 동탄대로 557-9 우성르보아시티 A동 3층 301~311호,4층401~410호,B동 305~311호 (오산동)",5,TRUE,TRUE,TRUE,TRUE,TRUE,18478,수도권,127.097953604509,37.2031876175759,41_590
성모정형외과의원,의원,031-352-5871,031-352-5871,경기도,화성시,경기도 화성시 향남읍 삼천병마로 177 (1~3층),2,TRUE,FALSE,TRUE,FALSE,FALSE,18593,수도권,126.909076371046,37.1293034130738,41_590
오내과의원,내과의원,031-226-5575,031-226-5575,경기도,화성시,"경기도 화성시 효행로 1069 404호 (진안동, 우성메디피아)",3,TRUE,TRUE,TRUE,FALSE,FALSE,18398,수도권,127.043639634875,37.2152468477132,41_590
굿모닝항외과의원,의원,031-8015-1881,031-8015-1881,경기도,화성시,"경기도 화성시 동탄지성로 136 3층 (능동, 우리프라자)",3,TRUE,TRUE,FALSE,TRUE,FALSE,18433,수도권,127.060687898479,37.2097097769185,41_590
임승빈내과의원,내과의원,031-8003-5277,031-8003-5277,경기도,화성시,"경기도 화성시 동탄반석로 124 504호 (반송동, 센타프라자)",4,TRUE,TRUE,TRUE,TRUE,FALSE,18455,수도권,127.071531016447,37.2000072453288,41_590
향남이내과의원,내과의원,031-8047-0193,031-8047-0193,경기도,화성시,경기도 화성시 향남읍 발안로 116 2층 203호 (중앙프라자),3,TRUE,TRUE,TRUE,FALSE,FALSE,18600,수도권,126.922888703162,37.1310322488625,41_590
병점메디칼의원,의원,031-224-7102,224-7102,경기도,화성시,경기도 화성시 경기대로 1008 2층 (병점동),5,TRUE,TRUE,TRUE,TRUE,TRUE,18411,수도권,127.036844733341,37.206061867565,41_590
서울의원,의원,031-358-8275,031-358-8275,경기도,화성시,경기도 화성시 우정읍 조암남로 8,0,FALSE,FALSE,FALSE,FALSE,FALSE,18567,수도권,126.817041527483,37.0821979972225,41_590
연세내과의원,내과의원,031-8003-6588,031-8003-6588,경기도,화성시,"경기도 화성시 10용사로 343-2 (능동, 폴리클리닉)",5,TRUE,TRUE,TRUE,TRUE,TRUE,18429,수도권,127.055822753229,37.1994228865715,41_590
지엠산부인과의원,의원,031-278-7373,031-278-7373,경기도,화성시,"경기도 화성시 봉담읍 삼천병마로 1344 1,2,3,5층",0,FALSE,FALSE,FALSE,FALSE,FALSE,18303,수도권,126.953518321586,37.2244314187188,41_590
고동혁내과의원,내과의원,031-353-8486,031-353-8486,경기도,화성시,경기도 화성시 향남읍 삼천병마로 189 2층 ,4,TRUE,TRUE,TRUE,TRUE,FALSE,18593,수도권,126.909639613659,37.1300591141845,41_590
혜영산부인과의원,의원,031-355-8489,031-355-8489,경기도,화성시,"경기도 화성시 남양읍 시청로 7 301,302호",0,FALSE,FALSE,FALSE,FALSE,FALSE,18262,수도권,126.819254569317,37.2085690626983,41_590
세종의원,의원,031-222-3061,031-222-3061,경기도,화성시,경기도 화성시 봉담읍 와우안길 52 ,0,FALSE,FALSE,FALSE,FALSE,FALSE,18321,수도권,126.976208048895,37.2162089612331,41_590
권내과의원,내과의원,031-358-9048,031-358-9048,경기도,화성시,경기도 화성시 우정읍 조암서로 1 ,5,TRUE,TRUE,TRUE,TRUE,TRUE,18568,수도권,126.815733603637,37.0816646122116,41_590
박동수외과의원,의원,031-204-8275,031-204-8275,경기도,화성시,경기도 화성시 효행로 1385 (반월동),1,TRUE,FALSE,FALSE,FALSE,FALSE,18384,수도권,127.065300128377,37.2310422644341,41_590
씨엘산부인과의원,의원,031-353-5969,031-353-5969,경기도,화성시,경기도 화성시 향남읍 삼천병마로 230 ,0,FALSE,FALSE,FALSE,FALSE,FALSE,18592,수도권,126.911302630745,37.1334775577879,41_590
삼성메디칼정형외과의원,의원,031-273-9119,031-273-9119,경기도,화성시,경기도 화성시 영통로80번길 2 (반월동),1,TRUE,FALSE,FALSE,FALSE,FALSE,18379,수도권,127.060815376452,37.2367348518422,41_590
해피본산부인과의원,의원,031-8059-8866,031-8059-8866,경기도,화성시,경기도 화성시 향남읍 행정중앙2로 69-17 3~5층 (HB메디컬빌딩),1,FALSE,FALSE,FALSE,FALSE,TRUE,18600,수도권,126.922871570525,37.1302824637946,41_590
윤내과의원,내과의원,031-222-2180,031-222-2180,경기도,화성시,경기도 화성시 효행로265번길 14 (기안동),5,TRUE,TRUE,TRUE,TRUE,TRUE,18337,수도권,126.973801282185,37.224751837512,41_590
태안내과의원,내과의원,031-225-5400,031-225-5400,경기도,화성시,"경기도 화성시 효행로 1051 메인프라자 4층 402,403호 (진안동) ",5,TRUE,TRUE,TRUE,TRUE,TRUE,18398,수도권,127.041973342112,37.2146289694525,41_590
연세기쁨의원,의원,031-377-1373,031-377-1373,경기도,화성시,"경기도 화성시 동탄영천로 81-5 골든프라자 301,302호 (영천동) ",0,FALSE,FALSE,FALSE,FALSE,FALSE,18467,수도권,127.102974026011,37.2096911075296,41_590
화성열린내과의원,내과의원,031-222-6775,031-222-6775,경기도,화성시,"경기도 화성시 용주로 22 2층 (안녕동, 태안농협안녕지점)",4,TRUE,TRUE,TRUE,TRUE,FALSE,18362,수도권,127.01428238278,37.205458076485,41_590
연세하이플러스의원,의원,070-4006-3524,031-8055-7783,경기도,화성시,경기도 화성시 남양읍 남양로 839 4~5층 ,4,TRUE,TRUE,TRUE,TRUE,FALSE,18266,수도권,126.832188200891,37.2107896250963,41_590
서울내과의원,내과의원,031-222-7506,031-222-7506,경기도,화성시,"경기도 화성시 효행로 1072 405,406호 (병점동, 상록프라자)",0,FALSE,FALSE,FALSE,FALSE,FALSE,18405,수도권,127.044326810659,37.214935279927,41_590
신미주가정의학과의원,의원,031-223-1355,031-223-1355,경기도,화성시,"경기도 화성시 융건로 91 B102호 (기안동, 풍성신미주아파트 쇼핑타운)",0,FALSE,FALSE,FALSE,FALSE,FALSE,18341,수도권,126.988447887294,37.2194650166767,41_590
미즈여성의원,의원,031-297-8787,031-297-8787,경기도,화성시,"경기도 화성시 봉담읍 동화길 89 4층 403,404호 (주공프라자)",0,FALSE,FALSE,FALSE,FALSE,FALSE,18302,수도권,126.958680876076,37.216716030065,41_590
성모내과의원,내과의원,031-298-7434,031-298-7434,경기도,화성시,경기도 화성시 봉담읍 동화길 91 401~403호 (웅신아트프라자),5,TRUE,TRUE,TRUE,TRUE,TRUE,18302,수도권,126.958864147326,37.2165735478504,41_590
21세기우리의원,의원,031-8003-9003,031-8003-9003,경기도,화성시,"경기도 화성시 동탄솔빛로 48 2,3,4,층 (반송동, 거택프라자)",2,FALSE,TRUE,TRUE,FALSE,FALSE,18442,수도권,127.073381481452,37.1931481147482,41_590
미즈맘산부인과의원,의원,031-223-0020,031-223-0020,경기도,화성시,"경기도 화성시 효행로 1063 301호 (진안동, 메디프렌드)",0,FALSE,FALSE,FALSE,FALSE,FALSE,18398,수도권,127.043114922618,37.2149788875173,41_590
서울삼성내과의원,내과의원,031-231-0055,031-231-0055,경기도,화성시,"경기도 화성시 병점2로 38 2층(전체),3층 (302~303)호 (병점동) ",5,TRUE,TRUE,TRUE,TRUE,TRUE,18414,수도권,127.040995152157,37.2064037142525,41_590
성모플러스내과의원,내과의원,031-613-0075,031-613-0075,경기도,화성시,"경기도 화성시 동탄반석로 196 401,402호 (반송동, 아이프라자)",5,TRUE,TRUE,TRUE,TRUE,TRUE,18453,수도권,127.07245113419,37.2060908546964,41_590
편안한내과의원,내과의원,031-613-7536,031-613-7536,경기도,화성시,"경기도 화성시 동탄반석로 130 502호 (반송동, 드림프라자)",4,TRUE,TRUE,TRUE,TRUE,FALSE,18455,수도권,127.071400000412,37.2004695638898,41_590
심현남동탄제일산부인과의원,의원,031-8003-3388,031-8003-3388,경기도,화성시,"경기도 화성시 동탄반석로 196 6층 601~603호 (반송동, 아이프라자)",0,FALSE,FALSE,FALSE,FALSE,FALSE,18453,수도권,127.072443140297,37.2060952747342,41_590
삼성내과의원,내과의원,031-613-0022,031-613-0022,경기도,화성시,"경기도 화성시 동탄반석로 204 6층 602호 (반송동, 제일프라자)",3,TRUE,TRUE,TRUE,FALSE,FALSE,18453,수도권,127.072815758131,37.2066535175419,41_590
속편한내과의원,내과의원,031-613-3597,031-613-3597,경기도,화성시,"경기도 화성시 동탄솔빛로 67 6층 603~605호 (반송동, 성우프라자)",5,TRUE,TRUE,TRUE,TRUE,TRUE,18443,수도권,127.074296795086,37.1948386398853,41_590
남양편안한내과의원,내과의원,031-356-6543,031-356-6780,경기도,화성시,경기도 화성시 남양읍 시청로 7 4층,5,TRUE,TRUE,TRUE,TRUE,TRUE,18262,수도권,126.819254569317,37.2085690626983,41_590
향남삼성내과의원,내과의원,031-8059-0575,031-8059-0575,경기도,화성시,경기도 화성시 향남읍 향남로 392 501호 (우성메디피아),5,TRUE,TRUE,TRUE,TRUE,TRUE,18600,수도권,126.921484702335,37.1300270032567,41_590
서울우리내과의원,내과의원,031-377-6777,031-377-6777,경기도,화성시,"경기도 화성시 동탄순환대로 685 501호, 504호 (영천동) ",4,TRUE,TRUE,TRUE,TRUE,FALSE,18472,수도권,127.110926162044,37.2059564630252,41_590
우리들내과의원,내과의원,031-8015-1600,031-8015-1600,경기도,화성시,"경기도 화성시 동탄원천로 163 504호 (반송동, 위너스타) ",5,TRUE,TRUE,TRUE,TRUE,TRUE,18453,수도권,127.073684310644,37.2073672433305,41_590
건강한유외과의원,의원,031-8003-3379,031-8003-3379,경기도,화성시,"경기도 화성시 동탄반석로 196 305~307호 (반송동, 아이프라자)",1,FALSE,FALSE,FALSE,FALSE,TRUE,18453,수도권,127.07245113419,37.2060908546964,41_590
마음담은내과의원,내과의원,031-8015-3700,031-8015-3700,경기도,화성시,"경기도 화성시 동탄지성로 134 (능동, 한솔프라자 403호)",4,TRUE,TRUE,TRUE,TRUE,FALSE,18433,수도권,127.060970245567,37.2096117778645,41_590
코벤트더웰의원,의원,031-784-8175,031-784-8175,경기도,화성시,"경기도 화성시 동탄첨단산업1로 27 금강펜테리움 IX타워 근린생활시설동 지하1층 MB2,MB3,MB4호 (영천동)",4,TRUE,TRUE,TRUE,TRUE,FALSE,18469,수도권,127.089445559923,37.2108651707078,41_590
김현미산부인과의원,의원,031-613-7582,031-613-7582,경기도,화성시,"경기도 화성시 동탄솔빛로 68 계림빌딩 204,205호 (반송동)",0,FALSE,FALSE,FALSE,FALSE,FALSE,18442,수도권,127.0749350133,37.1944238438643,41_590
삼성연합의원,의원,031-221-8575,031-221-8575,경기도,화성시,"경기도 화성시 병점2로 46 3층 302,303호 (병점동, 테성빌딩)",2,TRUE,FALSE,TRUE,FALSE,FALSE,18414,수도권,127.041763455597,37.2066629485282,41_590
에스1+내과의원,내과의원,031-8078-8078,031-8078-8078,경기도,화성시,경기도 화성시 꽃내음1길 19-6 5층 (새솔동),5,TRUE,TRUE,TRUE,TRUE,TRUE,18244,수도권,126.818119694231,37.2842181380217,41_590
팔복내과가정의학과의원,내과의원,031-278-2525,031-278-2525,경기도,화성시,경기도 화성시 봉담읍 동화길 85 304~306호,4,TRUE,TRUE,TRUE,TRUE,FALSE,18302,수도권,126.958383210881,37.2169271318115,41_590
서울명진내과의원,내과의원,031-8043-5688,031-8043-5688,경기도,화성시,경기도 화성시 향남읍 상신하길로298번길 7-21 4층 407-410호,4,TRUE,TRUE,TRUE,TRUE,FALSE,18611,수도권,126.912468949091,37.1151617025025,41_590
병점탑내과의원,내과의원,031-231-1090,031-231-1090,경기도,화성시,"경기도 화성시 효행로 1065 2층 201~202호 (진안동, 나라프라자)",4,TRUE,TRUE,TRUE,TRUE,FALSE,18398,수도권,127.043376268082,37.2151194459394,41_590
남양수내과의원,내과의원,031-356-3542,031-356-3542,경기도,화성시,경기도 화성시 남양읍 남양성지로 151 302호 (현대프라자),4,TRUE,TRUE,TRUE,TRUE,FALSE,18261,수도권,126.819321928504,37.2097534145799,41_590
서울여성의원,의원,031-233-4411,031-233-4411,경기도,화성시,경기도 화성시 경기대로1010번길 6 (병점동),0,FALSE,FALSE,FALSE,FALSE,FALSE,18411,수도권,127.037014219197,37.2061867003902,41_590
오케이가정의학과의원,의원,031-355-2503,031-355-2503,경기도,화성시,"경기도 화성시 남양읍 화성시청역로 7 212동 207,208호 (화성시청역 센트럴파크스타힐스 2단지) ",0,FALSE,FALSE,FALSE,FALSE,FALSE,18269,수도권,126.818491494148,37.1942056015725,41_590
현대아주의원,의원,031-356-7038,031-356-7152,경기도,화성시,"경기도 화성시 남양읍 현대연구소로 150 233동 산업보건센터 1층전체,2층일부호 ",1,TRUE,FALSE,FALSE,FALSE,FALSE,18280,수도권,126.813524514918,37.1593983647558,41_590
메타폴리스내과의원,내과의원,031-831-5582,031-831-5582,경기도,화성시,"경기도 화성시 동탄중앙로 200 B동 3층 312-2호 (반송동, 메타폴리스)",4,TRUE,TRUE,TRUE,TRUE,FALSE,18445,수도권,127.068880217889,37.2028261340813,41_590
사단법인 공감직업환경의학센터 향남공감의원,의원,031-352-0911,031-352-0911,경기도,화성시,"경기도 화성시 향남읍 행정서로3길 34-6 (3,4층)",3,FALSE,TRUE,TRUE,FALSE,TRUE,18598,수도권,126.918715978253,37.1307481495604,41_590
동탄수내과의원,내과의원,031-8043-5445,031-8043-5445,경기도,화성시,"경기도 화성시 동탄대로시범길 146 4층 401,402호 (청계동, 포트센트럴시티)",5,TRUE,TRUE,TRUE,TRUE,TRUE,18476,수도권,127.113133700257,37.2003377641684,41_590
준내과의원,내과의원,031-548-2293,031-548-2293,경기도,화성시,경기도 화성시 봉담읍 와우로73번길 6 태천센타,5,TRUE,TRUE,TRUE,TRUE,TRUE,18321,수도권,126.974210427817,37.214119459653,41_590
자연속내과의원,내과의원,031-376-7533,031-376-7533,경기도,화성시,"경기도 화성시 동탄대로시범길 148-54 304.305호 (청계동, 헤븐리원)",5,TRUE,TRUE,TRUE,TRUE,TRUE,18476,수도권,127.113719980791,37.2005525541125,41_590
서울연합의원,의원,031-378-6734,031-378-6734,경기도,화성시,경기도 화성시 동탄대로 446 그란비아스타 3001~3004호 (청계동) ,5,TRUE,TRUE,TRUE,TRUE,TRUE,18482,수도권,127.100022139125,37.1933927172955,41_590
동탄조은내과의원,내과의원,031-373-7558,031-373-7558,경기도,화성시,"경기도 화성시 동탄순환대로 706 302.303.304호 (영천동, 서건에듀프라자2동)",4,TRUE,TRUE,TRUE,TRUE,FALSE,18466,수도권,127.110591936251,37.2078124888779,41_590
성모탑내과의원,내과의원,031-366-0356,031-366-0356,경기도,화성시,경기도 화성시 향남읍 행정중앙2로 63-9 2층,5,TRUE,TRUE,TRUE,TRUE,TRUE,18600,수도권,126.921956289591,37.1300796663785,41_590
동탄연세의원,의원,031-898-9595,031-898-9595,경기도,화성시,경기도 화성시 동탄원천로 382-46 (반월동),4,TRUE,TRUE,TRUE,TRUE,FALSE,18396,수도권,127.058408562301,37.2230229351544,41_590
디온여성의원,의원,031-304-0060,031-304-0060,경기도,화성시,"경기도 화성시 동탄오산로 82 10층 (오산동, 동탄역퍼스트프라자)",0,FALSE,FALSE,FALSE,FALSE,FALSE,18478,수도권,127.097108167437,37.1981484623783,41_590
화성이엠365의원,의원,031-293-0911,031-293-0911,경기도,화성시,경기도 화성시 봉담읍 상리중심상가길 28-8 5층 501~514호 ,1,TRUE,FALSE,FALSE,FALSE,FALSE,18309,수도권,126.946184820377,37.2262346445035,41_590
이우진내과의원,내과의원,031-8047-0022,031-8047-0022,경기도,화성시,경기도 화성시 향남읍 상신하길로298번길 7-1 507호,5,TRUE,TRUE,TRUE,TRUE,TRUE,18611,수도권,126.910281605012,37.1150204926094,41_590
발안우리들의원,의원,031-366-1980,031-366-1980,경기도,화성시,경기도 화성시 향남읍 발안남로55번길 27,0,FALSE,FALSE,FALSE,FALSE,FALSE,18594,수도권,126.90495086335,37.1299847141802,41_590
수아산부인과의원,의원,031-297-3595,031-297-3595,경기도,화성시,경기도 화성시 봉담읍 동화길 81-10 2층,0,FALSE,FALSE,FALSE,FALSE,FALSE,18302,수도권,126.958619555589,37.2171844641816,41_590
마이더스산부인과의원,의원,031-377-7377,031-377-7377,경기도,화성시,"경기도 화성시 동탄대로 537 라스플로레스빌딩 A동 1118,1119,1120,1080,1081,1082호 (오산동)",0,FALSE,FALSE,FALSE,FALSE,FALSE,18478,수도권,127.097923632495,37.2022219858232,41_590
동탄삼성의원,의원,031-8077-2338,031-8077-2338,경기도,화성시,"경기도 화성시 동탄신리천로 278 303,304호 (오산동)",1,TRUE,FALSE,FALSE,FALSE,FALSE,18486,수도권,127.108852416286,37.1833723393357,41_590
동탄메디365의원,의원,031-377-7264,031-377-7264,경기도,화성시,"경기도 화성시 동탄역로 150 B동 312,313호 (오산동, 동탄역 롯데캐슬)",1,TRUE,FALSE,FALSE,FALSE,FALSE,18478,수도권,127.096725458554,37.1994994520556,41_590
서울명의원,의원,031-353-8255,031-353-8255,경기도,화성시,경기도 화성시 향남읍 상신하길로 66,2,TRUE,FALSE,TRUE,FALSE,FALSE,18616,수도권,126.896640150531,37.1005130421699,41_590
동탄서울아산내과의원,내과의원,031-377-2355,031-377-2355,경기도,화성시,"경기도 화성시 동탄순환대로 686 302,303호 (영천동)",4,TRUE,TRUE,TRUE,TRUE,FALSE,18466,수도권,127.111720652611,37.2063215429194,41_590
차메디컬센터의원,의원,031-354-8775,031-354-8775,경기도,화성시,"경기도 화성시 향남읍 발안로 107 태성프라자 3,5층 ",5,TRUE,TRUE,TRUE,TRUE,TRUE,18591,수도권,126.92238168968,37.1317216810688,41_590
동탄송도항외과의원,의원,031-374-8822,031-374-8822,경기도,화성시,경기도 화성시 동탄대로 489 동탄역우성타워 7층 701~704호 (오산동) ,4,TRUE,TRUE,TRUE,TRUE,FALSE,18478,수도권,127.098263708758,37.1973592693437,41_590
연세본내과의원,내과의원,031-831-8910,031-831-8910,경기도,화성시,경기도 화성시 동탄대로5길 15 그랑파사쥬 4009~4022호 (송동) ,5,TRUE,TRUE,TRUE,TRUE,TRUE,18497,수도권,127.105122191991,37.1661042781841,41_590
연세휴내과의원,내과의원,031-831-8524,031-831-8524,경기도,화성시,경기도 화성시 동탄순환대로20길 124 우성스타파크A동 5층 501~505호 (목동),5,TRUE,TRUE,TRUE,TRUE,TRUE,18484,수도권,127.124713697205,37.1827031716709,41_590
동탄서울내과의원,내과의원,031-831-8363,031-831-8363,경기도,화성시,"경기도 화성시 동탄순환대로 127-5 우성센트럴타워 309~314호, 501~511호 (산척동) ",5,TRUE,TRUE,TRUE,TRUE,TRUE,18505,수도권,127.107280975235,37.1660899089701,41_590
그린가정의원,의원,031-356-8458,031-356-8458,경기도,화성시,경기도 화성시 수노을중앙로 142 센터프라자 301호 (새솔동),0,FALSE,FALSE,FALSE,FALSE,FALSE,18244,수도권,126.818590537729,37.2843867238979,41_590
삼성드림내과의원,내과의원,031-238-8708,031-238-8708,경기도,화성시,"경기도 화성시 봉담읍 와우로 20 3층 302,303호",5,TRUE,TRUE,TRUE,TRUE,TRUE,18320,수도권,126.969039817115,37.2152484977339,41_590
새솔조은내과의원,내과의원,031-357-7584,031-357-7584,경기도,화성시,경기도 화성시 수노을중앙로 146 호평프라자 5층 504호 (새솔동),5,TRUE,TRUE,TRUE,TRUE,TRUE,18244,수도권,126.818866794173,37.2840188026652,41_590
봉담삼육오웰의원,의원,031-224-3655,031-224-3655,경기도,화성시,"경기도 화성시 봉담읍 와우로 24 도원프라자 A동 301,302호",1,TRUE,FALSE,FALSE,FALSE,FALSE,18320,수도권,126.969058471802,37.2145369437181,41_590
서울선내과의원,내과의원,031-356-3265,031-356-3265,경기도,화성시,경기도 화성시 송산면 사강로 161 2층,5,TRUE,TRUE,TRUE,TRUE,TRUE,18550,수도권,126.733935121609,37.21318595935,41_590
에스케이가정의학과의원,의원,031-372-3327,031-372-3327,경기도,화성시,"경기도 화성시 동탄순환대로20길 118 우성스타파크 B동 306,307호 (목동)",1,TRUE,FALSE,FALSE,FALSE,FALSE,18484,수도권,127.124830763147,37.1829444407539,41_590
테라산부인과의원,의원,031-373-1114,031-373-1114,경기도,화성시,경기도 화성시 동탄순환대로 127-19 동탄에스비타운 301~304호 (산척동),0,FALSE,FALSE,FALSE,FALSE,FALSE,18505,수도권,127.107259302765,37.1674052909715,41_590
베스트내과의원,내과의원,031-365-3611,031-365-3611,경기도,화성시,"경기도 화성시 동탄대로 537 라스플로레스 A동 235~239,244~247호 (오산동)",5,TRUE,TRUE,TRUE,TRUE,TRUE,18478,수도권,127.097923632495,37.2022219858232,41_590
향남봄내과의원,내과의원,031-373-0072,031-373-0072,경기도,화성시,경기도 화성시 향남읍 행정중앙2로 33 3층 301~303호 (성지프라자),4,TRUE,TRUE,TRUE,TRUE,FALSE,18598,수도권,126.919155206571,37.1300138138195,41_590
건강한내과의원,내과의원,031-8003-5975,031-8003-5975,경기도,화성시,경기도 화성시 동탄솔빛로 68 계림개발 301호 (반송동),4,TRUE,TRUE,TRUE,TRUE,FALSE,18442,수도권,127.0749350133,37.1944238438643,41_590
의료법인상운의료재단(분소) 동탄제일아이희망의원,의원,031-613-7797,031-613-7797,경기도,화성시,"경기도 화성시 삼성1로 130 세정인디안타워 101,201호 (석우동)",0,FALSE,FALSE,FALSE,FALSE,FALSE,18450,수도권,127.078970394855,37.2153931836786,41_590
애플산부인과의원,의원,031-378-4555,031-378-4555,경기도,화성시,경기도 화성시 동탄대로 489 동탄역우성타워 1002~1004호 (오산동) ,0,FALSE,FALSE,FALSE,FALSE,FALSE,18478,수도권,127.098263708758,37.1973592693437,41_590
봉담은혜내과의원,내과의원,031-295-8275,031-295-8275,경기도,화성시,"경기도 화성시 봉담읍 상리3길 43-12 301~304,307~310호",5,TRUE,TRUE,TRUE,TRUE,TRUE,18306,수도권,126.94313436751,37.2284761970654,41_590
변상희산부인과의원,의원,031-355-8839,031-355-8839,경기도,화성시,경기도 화성시 꽃내음1길 19-6 401-403호 (새솔동),0,FALSE,FALSE,FALSE,FALSE,FALSE,18244,수도권,126.818119694231,37.2842181380217,41_590
바른속내과의원,내과의원,031-305-8484,031-305-8484,경기도,화성시,경기도 화성시 봉담읍 상리2길 51 403호,5,TRUE,TRUE,TRUE,TRUE,TRUE,18309,수도권,126.947144105744,37.2245561538362,41_590
동탄라온여성의원,의원,031-613-5022,031-613-5022,경기도,화성시,경기도 화성시 동탄문화센터로 61 아시아 프라자 502호 (반송동),0,FALSE,FALSE,FALSE,FALSE,FALSE,18455,수도권,127.072110127612,37.1996796322443,41_590
봉담센트럴내과의원,내과의원,031-307-1000,031-307-1000,경기도,화성시,경기도 화성시 봉담읍 상리2길 55 504~506호,5,TRUE,TRUE,TRUE,TRUE,TRUE,18309,수도권,126.946957598813,37.2250766059125,41_590
비전성모내과의원,내과의원,031-831-9834,031-831-9834,경기도,화성시,경기도 화성시 효행로 271 3층 일부호 (기안동),5,TRUE,TRUE,TRUE,TRUE,TRUE,18337,수도권,126.97324278911,37.2236579302279,41_590
삼성로즈산부인과의원,의원,031-297-9777,031-297-9777,경기도,화성시,경기도 화성시 봉담읍 상리2길 51 602호,0,FALSE,FALSE,FALSE,FALSE,FALSE,18309,수도권,126.947144105744,37.2245561538362,41_590
동탄탑내과의원,내과의원,031-8015-2175,031-8015-2175,경기도,화성시,경기도 화성시 동탄중앙로 76 서건프라자 2층 (반송동),5,TRUE,TRUE,TRUE,TRUE,TRUE,18443,수도권,127.072527665956,37.1931846826201,41_590
향남맑은내과의원,내과의원,031-354-8275,031-354-8275,경기도,화성시,경기도 화성시 향남읍 상신하길로298번길 7-29 대성프라자 6층 601~606호 ,5,TRUE,TRUE,TRUE,TRUE,TRUE,18611,수도권,126.912599943187,37.1143550759673,41_590
서울아산센트럴내과의원,내과의원,031-375-0020,031-375-0020,경기도,화성시,경기도 화성시 동탄순환대로 257 종산타워 301~304호 (산척동) ,5,TRUE,TRUE,TRUE,TRUE,TRUE,18501,수도권,127.118518805977,37.1706228689522,41_590
삼성봄그린산부인과의원,의원,031-377-3537,031-377-3537,경기도,화성시,경기도 화성시 동탄순환대로 257 종산타워 304(일부)~305호 (산척동) ,0,FALSE,FALSE,FALSE,FALSE,FALSE,18501,수도권,127.118518805977,37.1706228689522,41_590
위대한탄생여성의원,의원,031-365-4799,031-365-4799,경기도,화성시,"경기도 화성시 동탄대로 537 라스플로레스A동332~335,337,343~346,B동322,C동 328호 (오산동) ",1,FALSE,FALSE,FALSE,FALSE,TRUE,18478,수도권,127.097923632495,37.2022219858232,41_590
그랑본여성의원,의원,031-377-1677,031-377-1677,경기도,화성시,경기도 화성시 동탄대로5길 9 그랑파사쥬 4027~4045호 (송동) ,1,FALSE,FALSE,FALSE,FALSE,TRUE,18497,수도권,127.105798518213,37.1676369141634,41_590
동탄다건연세내과의원,내과의원,031-8003-7504,031-8003-7503,경기도,화성시,"경기도 화성시 10용사로 316 2,3층 (능동, 다건빌딩) ",5,TRUE,TRUE,TRUE,TRUE,TRUE,18428,수도권,127.052454819601,37.19924863045,41_590
서울베스트의원,의원,031-378-8278,031-378-8278,경기도,화성시,경기도 화성시 동탄신리천로 406 리더스퀘어 309~311호 (목동) ,4,TRUE,TRUE,TRUE,TRUE,FALSE,18490,수도권,127.122967623832,37.1821588677758,41_590
리아나산부인과의원,의원,031-8068-8272,031-8068-8272,경기도,화성시,경기도 화성시 향남읍 상신하길로298번길 7-29 대성프라자 3층 306호 ,0,FALSE,FALSE,FALSE,FALSE,FALSE,18611,수도권,126.912599943187,37.1143550759673,41_590
동탄연세맑은내과의원,내과의원,031-613-0802,031-613-0802,경기도,화성시,경기도 화성시 동탄반석로 134 10층 (반송동) ,2,TRUE,FALSE,TRUE,FALSE,FALSE,18455,수도권,127.071360796814,37.2010631102177,41_590
신영통성모내과의원,내과의원,031-205-8900,031-205-8900,경기도,화성시,경기도 화성시 영통로 62 4층 (반월동) ,5,TRUE,TRUE,TRUE,TRUE,TRUE,18379,수도권,127.062266104018,37.235779349345,41_590
올포유외과의원,의원,031-374-0466,031-374-0466,경기도,화성시,경기도 화성시 동탄대로 489 동탄역우성타워 601호 (오산동) ,1,FALSE,FALSE,FALSE,FALSE,TRUE,18478,수도권,127.098263708758,37.1973592693437,41_590
홈케어의원,의원,031-366-7252,031-366-7252,경기도,화성시,경기도 화성시 남양읍 시청로 115 2층 (2072-9) ,4,TRUE,TRUE,TRUE,TRUE,FALSE,18271,수도권,126.826275574501,37.2007001546298,41_590
리본여성의원,의원,031-613-0655,031-613-0655,경기도,화성시,경기도 화성시 동탄반석로 124 쎈타프라자 703호 (반송동) ,0,FALSE,FALSE,FALSE,FALSE,FALSE,18455,수도권,127.071531016447,37.2000072453288,41_590
연세바른내과의원,내과의원,031-8067-7567,031-8067-7567,경기도,화성시,경기도 화성시 효행로 1073 거성프라자 401호 (진안동) ,5,TRUE,TRUE,TRUE,TRUE,TRUE,18398,수도권,127.043948205852,37.2154178429317,41_590
더블유워너비여성의원,의원,031-8067-7535,031-8067-7535,경기도,화성시,경기도 화성시 병점노을4로 29 4층 403~405호 (병점동) ,0,FALSE,FALSE,FALSE,FALSE,FALSE,18371,수도권,127.031893706092,37.2058707494187,41_590
러브유외과의원,의원,031-377-1201,031-377-1201,경기도,화성시,경기도 화성시 동탄순환대로 127-5 우성센트럴타워 512~514호 (산척동) ,1,FALSE,FALSE,FALSE,FALSE,TRUE,18505,수도권,127.107280975235,37.1660899089701,41_590
서울바른내과의원,내과의원,031-831-8931,031-831-8931,경기도,화성시,경기도 화성시 동탄순환대로20길 118 우성스타파크 B동 5층 501~505호 (목동) ,5,TRUE,TRUE,TRUE,TRUE,TRUE,18484,수도권,127.124830763147,37.1829444407539,41_590
동탄헤스티아여성의원,의원,031-8043-3210,031-8043-3210,경기도,화성시,경기도 화성시 동탄대로 495 동탄역리치안 203호 (오산동) ,0,FALSE,FALSE,FALSE,FALSE,FALSE,18478,수도권,127.098239696428,37.1979517309026,41_590
병점역바로내과의원,내과의원,031-222-7585,031-222-7585,경기도,화성시,경기도 화성시 병점노을4로 29 10층 전체호 (병점동) ,5,TRUE,TRUE,TRUE,TRUE,TRUE,18371,수도권,127.031893706092,37.2058707494187,41_590
미즈파크산부인과의원,의원,031-8003-7575,031-8003-7575,경기도,화성시,"경기도 화성시 동탄지성로 139 2~8층 (능동, 양진빌딩) ",1,FALSE,FALSE,FALSE,FALSE,TRUE,18431,수도권,127.060142677896,37.209320891347,41_590
참조은병원,종합병원,031-881-9380,1600-9955,경기도,광주시,경기도 광주시 광주대로 45 (경안동),5,TRUE,TRUE,TRUE,TRUE,TRUE,12756,수도권,127.260241083499,37.4109316170412,41_610
서울하나의원,의원,031-767-6830,031-767-6830,경기도,광주시,경기도 광주시 초월읍 경충대로 1258-1,3,TRUE,TRUE,TRUE,FALSE,FALSE,12735,수도권,127.287829613738,37.3871896252298,41_610
곤지암성모의원,의원,031-763-6553,031-763-6553,경기도,광주시,경기도 광주시 곤지암읍 경충대로 577,5,TRUE,TRUE,TRUE,TRUE,TRUE,12804,수도권,127.344659304726,37.3492617636346,41_610
서울산부인과의원,의원,031-798-0300,031-798-0300,경기도,광주시,경기도 광주시 중앙로 95-3 5층 (역동),0,FALSE,FALSE,FALSE,FALSE,FALSE,12759,수도권,127.258644114468,37.4080711470986,41_610
정양호내과의원,내과의원,031-764-6455,031-764-6455,경기도,광주시,경기도 광주시 중앙로 130 (경안동),4,TRUE,TRUE,TRUE,TRUE,FALSE,12756,수도권,127.257757037815,37.4113467512552,41_610
최영일산부인과의원,의원,031-765-1040,031-765-1030,경기도,광주시,경기도 광주시 파발로 131 (경안동),0,FALSE,FALSE,FALSE,FALSE,FALSE,12755,수도권,127.256027211357,37.4135314218326,41_610
곤지암내과의원,내과의원,031-769-8275,031-769-8276,경기도,광주시,경기도 광주시 곤지암읍 곤지암로 54,4,TRUE,TRUE,TRUE,TRUE,FALSE,12804,수도권,127.34083487297,37.3498176939911,41_610
오포세란의원,의원,031-767-8275,031-767-8275,경기도,광주시,경기도 광주시 양벌로 332 (양벌동) ,1,TRUE,FALSE,FALSE,FALSE,FALSE,12795,수도권,127.245683722101,37.3701626563217,41_610
광주제일내과의원,내과의원,031-763-2601,031-763-2601,경기도,광주시,경기도 광주시 중앙로 101 3층 (경안동),3,TRUE,TRUE,TRUE,FALSE,FALSE,12759,수도권,127.258415239918,37.4088170594971,41_610
삼성의원,의원,031-762-2377,031-762-2377,경기도,광주시,경기도 광주시 퇴촌면 광동로 41 2층,4,TRUE,TRUE,TRUE,TRUE,FALSE,12711,수도권,37.47064981024462,127.30733611313667,41_610
오포의원,의원,031-766-7582,031-766-7582,경기도,광주시,"경기도 광주시 오포로 868 (1층,2층) ",1,TRUE,FALSE,FALSE,FALSE,FALSE,12790,수도권,127.231977993447,37.367694044519,41_610
이영창내과의원,내과의원,031-761-0529,031-761-0525,경기도,광주시,"경기도 광주시 태봉로 51 3,4층 (태전동, 성원프라자)",5,TRUE,TRUE,TRUE,TRUE,TRUE,12784,수도권,127.229671528794,37.388762206475,41_610
연세가정의원,의원,031-769-8279,031-769-8279,경기도,광주시,경기도 광주시 오포읍 마루들길 216 3층,3,TRUE,TRUE,TRUE,FALSE,FALSE,12797,수도권,127.255419348761,37.3780462567385,41_610
푸른내과의원,내과의원,031-768-8074,031-768-8074,경기도,광주시,경기도 광주시 파발로 187 (탄벌동),4,TRUE,TRUE,TRUE,TRUE,FALSE,12751,수도권,127.250373575979,37.4156611899466,41_610
연세능골의원,의원,031-766-7889,031-766-7889,경기도,광주시,경기도 광주시 오포로 118 (능평동) ,0,FALSE,FALSE,FALSE,FALSE,FALSE,12773,수도권,127.179308022404,37.3437854132862,41_610
서울영상의학과의원,의원,031-798-3388,031-798-3388,경기도,광주시,경기도 광주시 중앙로 95-3 (역동) ,5,TRUE,TRUE,TRUE,TRUE,TRUE,12759,수도권,127.258644114468,37.4080711470986,41_610
우리들여성산부인과의원,의원,031-768-7535,031-768-7535,경기도,광주시,경기도 광주시 중앙로 101 8층 (경안동),0,FALSE,FALSE,FALSE,FALSE,FALSE,12759,수도권,127.258415239918,37.4088170594971,41_610
예담의원,의원,031-764-5588,031-764-5588,경기도,광주시,경기도 광주시 퇴촌면 광동로 49,0,FALSE,FALSE,FALSE,FALSE,FALSE,12711,수도권,127.308274286913,37.470653132831,41_610
유종길내과의원,내과의원,031-765-6700,031-765-6700,경기도,광주시,경기도 광주시 초월읍 경충대로 1254 2층,4,TRUE,TRUE,TRUE,TRUE,FALSE,12735,수도권,127.288081807556,37.386847073902,41_610
연세에스더산부인과의원,의원,031-714-9100,031-714-9100,경기도,광주시,경기도 광주시 태재로 107 2층 202호 (신현동) ,0,FALSE,FALSE,FALSE,FALSE,FALSE,12772,수도권,127.161265512229,37.3585249891296,41_610
성모우리내과의원,내과의원,031-797-0200,031-797-0200,경기도,광주시,경기도 광주시 퇴촌면 광동로 33 ,4,TRUE,TRUE,TRUE,TRUE,FALSE,12711,수도권,127.306501545031,37.4707156791568,41_610
초월산부인과의원,의원,031-764-1256,031-764-1256,경기도,광주시,경기도 광주시 초월읍 경충대로 912 4층 ,0,FALSE,FALSE,FALSE,FALSE,FALSE,12799,수도권,127.312771123666,37.3640122018466,41_610
광주시민의원,의원,031-767-7514,031-767-7554,경기도,광주시,경기도 광주시 오포읍 오포로 544 1~2층,2,TRUE,TRUE,FALSE,FALSE,FALSE,12774,수도권,127.211913050918,37.3467737340607,41_610
서울장내과의원,내과의원,031-766-9911,031-766-9911,경기도,광주시,"경기도 광주시 고불로 66 (태전동, 영주빌딩 2층)",4,TRUE,TRUE,TRUE,TRUE,FALSE,12781,수도권,127.230813333427,37.3928298946752,41_610
한사랑연세의원,의원,031-798-2030,031-798-2030,경기도,광주시,경기도 광주시 오포읍 고산길 4 4층,0,FALSE,FALSE,FALSE,FALSE,FALSE,12790,수도권,127.231754976338,37.3700973330483,41_610
미래산부인과의원,의원,031-763-3552,031-763-3552,경기도,광주시,경기도 광주시 곤지암읍 평촌길 39,0,FALSE,FALSE,FALSE,FALSE,FALSE,12800,수도권,127.32627649398,37.3557875761639,41_610
365드림의원,의원,031-761-1365,031-761-1365,경기도,광주시,"경기도 광주시 광주대로 35 황백빌딩 4,7,8층 (경안동)",5,TRUE,TRUE,TRUE,TRUE,TRUE,12758,수도권,127.260210078147,37.4097399096057,41_610
태전연세가정의학과의원,의원,031-765-5041,031-765-5041,경기도,광주시,경기도 광주시 태봉로43번길 6 2층 (태전동),0,FALSE,FALSE,FALSE,FALSE,FALSE,12784,수도권,37.38895390201725,127.23006384126512,41_610
우리내과의원,내과의원,031-714-8620,031-714-8620,경기도,광주시,경기도 광주시 신현로 76 3층 ,5,TRUE,TRUE,TRUE,TRUE,TRUE,12771,수도권,127.155146121093,37.3601169983568,41_610
지인내과의원,내과의원,031-762-8273,762-8273,경기도,광주시,경기도 광주시 초월읍 경충대로 900 2층,5,TRUE,TRUE,TRUE,TRUE,TRUE,12799,수도권,127.313818272479,37.3636398284698,41_610
수레실삼성의원,의원,031-8022-8288,031-8022-8288,경기도,광주시,경기도 광주시 수레실길 3-2 3층 ,4,TRUE,TRUE,TRUE,TRUE,FALSE,12772,수도권,127.166086666654,37.3508723804538,41_610
한마음내과의원,내과의원,031-769-7897,031-769-7897,경기도,광주시,경기도 광주시 곤지암읍 평촌길 35-7,5,TRUE,TRUE,TRUE,TRUE,TRUE,12800,수도권,127.326200359576,37.356217484598,41_610
소나무내과의원,내과의원,031-768-7933,031-768-7933,경기도,광주시,경기도 광주시 장지1길 28 202호 (장지동),4,TRUE,TRUE,TRUE,TRUE,FALSE,12777,수도권,127.245155372892,37.3961739090934,41_610
광주조은내과의원,내과의원,031-766-7533,031-766-7533,경기도,광주시,경기도 광주시 오포읍 양벌로 327,5,TRUE,TRUE,TRUE,TRUE,TRUE,12798,수도권,127.246363753005,37.3701493482786,41_610
태전성모내과의원,내과의원,031-798-7975,031-798-7975,경기도,광주시,"경기도 광주시 태전동로 23 메디프라자 2층 201,202호 (태전동)",4,TRUE,TRUE,TRUE,TRUE,FALSE,12787,수도권,127.23397387169,37.3866584472733,41_610
태전박내과의원,내과의원,031-767-2010,031-767-2010,경기도,광주시,경기도 광주시 태전중앙로 20 스카이가든 2층 201호 (태전동),4,TRUE,TRUE,TRUE,TRUE,FALSE,12788,수도권,127.230382648659,37.3815817522839,41_610
삼동의원,의원,031-769-8298,031-769-8298,경기도,광주시,"경기도 광주시 순암로 491 B동 203,204호 (삼동)",0,FALSE,FALSE,FALSE,FALSE,FALSE,12767,수도권,127.200951108745,37.4104469079034,41_610
사랑의원,의원,031-797-8431,031-797-8431,경기도,광주시,"경기도 광주시 경충대로1480번길 5 이레타워 2층 201,203호 (쌍령동)",2,TRUE,FALSE,TRUE,FALSE,FALSE,12791,수도권,127.271752694731,37.4017065968228,41_610
WE(위)조은내과의원,내과의원,031-717-0675,031-717-0675,경기도,광주시,경기도 광주시 태재로 107 3층 (신현동) ,5,TRUE,TRUE,TRUE,TRUE,TRUE,12772,수도권,127.161265512229,37.3585249891296,41_610
광주항외과의원,의원,031-764-0900,031-764-0900,경기도,광주시,경기도 광주시 중앙로 146-5 3~4층 (경안동),4,TRUE,TRUE,TRUE,TRUE,FALSE,12756,수도권,127.257332257015,37.4125160255566,41_610
태전포도나무산부인과의원,의원,031-797-1740,031-797-1740,경기도,광주시,경기도 광주시 태전중앙2길 21 4층 405-407호 (태전동) ,0,FALSE,FALSE,FALSE,FALSE,FALSE,12789,수도권,127.233204871768,37.3823855188699,41_610
신현편안내과의원,내과의원,031-603-0119,031-603-0119,경기도,광주시,"경기도 광주시 신현로 100-2 1,2층 (신현동) ",5,TRUE,TRUE,TRUE,TRUE,TRUE,12821,수도권,127.157428182185,37.3599456713995,41_610
더와이즈헬스케어의원,의원,031-797-2600,1588-3327,경기도,광주시,"경기도 광주시 광주대로55번길 21 디에이치타워 10, 14, 15층 (경안동) ",5,TRUE,TRUE,TRUE,TRUE,TRUE,12756,수도권,127.258102671605,37.4114422258613,41_610
태전이안내과의원,내과의원,031-768-7500,031-768-7500,경기도,광주시,경기도 광주시 벼루개로 36 서원프라자3 4층 406호 (태전동),4,TRUE,TRUE,TRUE,TRUE,FALSE,12789,수도권,127.232560631082,37.3825441059808,41_610
정다운가정의학과의원,의원,031-768-7550,031-762-7550,경기도,광주시,경기도 광주시 장지1길 28 (장지동) ,0,FALSE,FALSE,FALSE,FALSE,FALSE,12777,수도권,127.245155372892,37.3961739090934,41_610
제일누리산부인과의원,의원,031-767-0119,031-767-0119,경기도,광주시,"경기도 광주시 벼루개로 20 4층 401,402,403호 (태전동) ",0,FALSE,FALSE,FALSE,FALSE,FALSE,12788,수도권,127.230403758043,37.3825027360712,41_610
연이산부인과의원,의원,031-764-0201,031-764-0201,경기도,광주시,경기도 광주시 경충대로 1468-6 2층 (쌍령동) ,0,FALSE,FALSE,FALSE,FALSE,FALSE,12791,수도권,127.272638502326,37.4006177490887,41_610
광주웰니스내과의원,내과의원,031-8027-8700,031-8027-8700,경기도,광주시,경기도 광주시 광주대로 31 12층 (경안동) ,5,TRUE,TRUE,TRUE,TRUE,TRUE,12758,수도권,127.260232570362,37.4093522423759,41_610
아산수내과의원,내과의원,031-761-1350,031-761-1350,경기도,광주시,"경기도 광주시 태봉로 226-18 201,202,203호 (고산동) ",1,TRUE,FALSE,FALSE,FALSE,FALSE,12790,수도권,127.229712097683,37.3727434806667,41_610
서울휴내과이비인후과의원,내과의원,031-8027-2222,031-8027-2222,경기도,광주시,경기도 광주시 초월읍 경충대로 1083 SM플라자 3층 ,5,TRUE,TRUE,TRUE,TRUE,TRUE,12736,수도권,127.29765937992,37.3737926958006,41_610
송정스카이의원,의원,031-768-2011,031-768-2011,경기도,광주시,경기도 광주시 송정2길 15-8 2층 (송정동) ,4,TRUE,TRUE,TRUE,TRUE,FALSE,12739,수도권,127.256441032122,37.4199739640014,41_610
참내과의원,내과의원,031-797-7500,031-797-7500,경기도,광주시,경기도 광주시 곤지암읍 곤지암로 49 4층 ,4,TRUE,TRUE,TRUE,TRUE,FALSE,12804,수도권,127.341315391582,37.3495814113835,41_610
에스엘서울병원,병원,031-928-5770,031-928-5770,경기도,양주시,경기도 양주시 고삼로 13 (만송동),1,TRUE,FALSE,FALSE,FALSE,FALSE,11494,수도권,127.0854645352,37.8004120667152,41_630
양주한국병원,병원,031-951-6630,1833-6966,경기도,양주시,경기도 양주시 화합로 1489 (고암동),5,TRUE,TRUE,TRUE,TRUE,TRUE,11452,수도권,127.072898311621,37.8389002054313,41_630
고의원,의원,031-867-0553,031-867-0553,경기도,양주시,경기도 양주시 남면 개나리길 121,1,TRUE,FALSE,FALSE,FALSE,FALSE,11404,수도권,126.977226825908,37.8973069721998,41_630
혜민의원,의원,031-858-0061,031-858-0061,경기도,양주시,경기도 양주시 독바위로 44 (덕정동),3,TRUE,TRUE,TRUE,FALSE,FALSE,11451,수도권,127.062625167968,37.837207457129,41_630
성모의원,의원,031-863-2098,031-863-2098,경기도,양주시,경기도 양주시 평화로 1435 (덕계동),1,TRUE,FALSE,FALSE,FALSE,FALSE,11443,수도권,127.046010662466,37.8190409492349,41_630
이진석내과의원,내과의원,031-861-2107,031-861-2107,경기도,양주시,경기도 양주시 평화로 1420 (덕계동),5,TRUE,TRUE,TRUE,TRUE,TRUE,11444,수도권,127.046259345004,37.8176935602883,41_630
이화산부인과의원,의원,031-865-1230,031-865-1230,경기도,양주시,경기도 양주시 평화로 1417 3층 일부 (덕계동) ,0,FALSE,FALSE,FALSE,FALSE,FALSE,11442,수도권,127.045149231821,37.8174164060297,41_630
연세의원,의원,031-836-8412,031-836-8412,경기도,양주시,경기도 양주시 광적면 광적로 4 천성빌딩 2층,1,TRUE,FALSE,FALSE,FALSE,FALSE,11419,수도권,126.985275879876,37.820019706283,41_630
장내과의원,내과의원,031-829-9981,031-829-9981,경기도,양주시,경기도 양주시 광적면 가래비길 148,4,TRUE,TRUE,TRUE,TRUE,FALSE,11419,수도권,126.983281905751,37.8267073310814,41_630
서울산부인과의원,의원,031-861-5810,031-861-5810,경기도,양주시,"경기도 양주시 고암길 306-77 (덕정동, 황금프라자 4층)",0,FALSE,FALSE,FALSE,FALSE,FALSE,11456,수도권,127.068577629893,37.8367544752222,41_630
성심내과의원,내과의원,031-855-2288,031-855-2288,경기도,양주시,경기도 양주시 백석읍 양주산성로 564,3,TRUE,TRUE,TRUE,FALSE,FALSE,11510,수도권,126.991608255491,37.787434330123,41_630
성모예일내과의원,내과의원,031-821-7311,031-821-7311,경기도,양주시,"경기도 양주시 삼숭로38번길 80 (삼숭동, 양주프라자1 2305호)",5,TRUE,TRUE,TRUE,TRUE,TRUE,11487,수도권,127.105867782769,37.7960689083438,41_630
하나의원,의원,031-842-0561,031-842-0561,경기도,양주시,"경기도 양주시 고읍로 96 그린프라자 109, 110호 (광사동) ",0,FALSE,FALSE,FALSE,FALSE,FALSE,11492,수도권,127.08135811815,37.7954206809413,41_630
김형주내과의원,내과의원,031-861-7780,031-861-7780,경기도,양주시,"경기도 양주시 회정로 134 (덕정동, (덕정동.두리테크 4층 403호))",0,FALSE,FALSE,FALSE,FALSE,FALSE,11456,수도권,127.068336267092,37.8371682436631,41_630
아산장편한내과의원,내과의원,031-845-7575,031-845-7575,경기도,양주시,"경기도 양주시 고읍남로 1 (광사동, 힘찬프라자 303호)",5,TRUE,TRUE,TRUE,TRUE,TRUE,11492,수도권,127.081002061634,37.7956285977059,41_630
21세기내과의원,내과의원,031-847-8600,031-847-8600,경기도,양주시,"경기도 양주시 고읍남로 6-16 (광사동, 광장프라자 3층)",5,TRUE,TRUE,TRUE,TRUE,TRUE,11492,수도권,127.078906207598,37.7956952495631,41_630
두드림내과의원,내과의원,031-843-3305,031-843-3305,경기도,양주시,"경기도 양주시 고읍남로 2 해동월드타워5층 501호,502호 (광사동)",5,TRUE,TRUE,TRUE,TRUE,TRUE,11492,수도권,127.080411389605,37.7960074057816,41_630
연세원내과의원,내과의원,031-848-8700,031-848-8700,경기도,양주시,"경기도 양주시 고읍로 76 (광사동, 304,308호)",5,TRUE,TRUE,TRUE,TRUE,TRUE,11492,수도권,127.079759085581,37.796410578548,41_630
더맑은내과의원,내과의원,031-862-1310,031-862-1310,경기도,양주시,"경기도 양주시 회천남로 88 M타워 6층 601,602,603,604호 (옥정동)",5,TRUE,TRUE,TRUE,TRUE,TRUE,11473,수도권,127.092845600059,37.8185543067131,41_630
주가람내과의원,내과의원,031-867-8670,031-867-8670,경기도,양주시,"경기도 양주시 옥정로 196 파스텔시티 4층 403호,405호,406호 (옥정동)",5,TRUE,TRUE,TRUE,TRUE,TRUE,11473,수도권,127.0921494186,37.8189407332847,41_630
강남베스트내과의원,내과의원,031-862-5700,031-862-5700,경기도,양주시,"경기도 양주시 회천남로 92 센타프라자 502-2,503호 (옥정동)",5,TRUE,TRUE,TRUE,TRUE,TRUE,11473,수도권,127.09220870949,37.8185795833124,41_630
서울바른의원,의원,031-861-4500,031-861-4500,경기도,양주시,경기도 양주시 회천남로 76 한덕타워 501호 (옥정동),5,TRUE,TRUE,TRUE,TRUE,TRUE,11473,수도권,127.094053115287,37.818552988368,41_630
이안산부인과의원,의원,031-928-6881,031-928-6881,경기도,양주시,경기도 양주시 옥정로 222 스카이타워 5층 502~504호 (옥정동),5,TRUE,TRUE,TRUE,TRUE,TRUE,11473,수도권,127.092154181486,37.8214014227854,41_630
양주삼성내과의원,내과의원,031-928-5024,031-928-5024,경기도,양주시,경기도 양주시 옥정로 214 5층 502호 (옥정동),5,TRUE,TRUE,TRUE,TRUE,TRUE,11473,수도권,127.092118315849,37.8206905059303,41_630
회천연세내과의원,내과의원,031-857-5775,031-857-5775,경기도,양주시,경기도 양주시 회천중앙로 252 회천센트럴타워 주건축물제1동 3층 302호 (덕계동) ,5,TRUE,TRUE,TRUE,TRUE,TRUE,11444,수도권,127.053703793365,37.8200394672198,41_630
양주베스트내과의원,내과의원,031-877-5220,031-877-5220,경기도,양주시,경기도 양주시 백석읍 양주산성로 573 3층 ,5,TRUE,TRUE,TRUE,TRUE,TRUE,11512,수도권,126.990288592005,37.786832205829,41_630
회천베스트내과의원,내과의원,031-863-1500,031-863-1500,경기도,양주시,경기도 양주시 덕계로 140 진산메디프라자 601호~605호(덕계동) ,5,TRUE,TRUE,TRUE,TRUE,TRUE,11444,수도권,127.05424967824,37.8185395739292,41_630
옥정미래내과의원,내과의원,031-894-5025,031-894-5025,경기도,양주시,"경기도 양주시 옥정서로 217 옥정프라자 3층 301,302,303호 (옥정동) ",5,TRUE,TRUE,TRUE,TRUE,TRUE,11468,수도권,127.088425171711,37.8325297337084,41_630
오늘내과의원,내과의원,031-822-7664,031-822-7664,경기도,양주시,경기도 양주시 옥정로 142 201~204호 (옥정동) ,5,TRUE,TRUE,TRUE,TRUE,TRUE,11478,수도권,127.090375313654,37.8143165026282,41_630
늘봄내과의원,내과의원,031-859-7585,031-859-7585,경기도,양주시,경기도 양주시 옥정동로 193 402호 (옥정동) ,4,TRUE,TRUE,TRUE,TRUE,FALSE,11474,수도권,127.098480826798,37.824136471871,41_630
옥정탑내과의원,내과의원,031-894-5220,031-894-5220,경기도,양주시,경기도 양주시 옥정서로 221 한길메디프라자 2층 201-203호 (옥정동) ,5,TRUE,TRUE,TRUE,TRUE,TRUE,11468,수도권,127.088371237211,37.8328349276169,41_630
엘리산부인과의원,의원,031-951-9355,031-951-9355,경기도,양주시,"경기도 양주시 옥정로 196 파스텔시티 202,203호 (옥정동) ",0,FALSE,FALSE,FALSE,FALSE,FALSE,11473,수도권,127.0921494186,37.8189407332847,41_630
경기도의료원포천병원,종합병원,031-539-9135,031-539-9114,경기도,포천시,경기도 포천시 포천로 1648 (신읍동) ,5,TRUE,TRUE,TRUE,TRUE,TRUE,11142,수도권,127.19834502463,37.9030931611514,41_650
의료법인 일심의료재단 포천우리병원,종합병원,031-542-1477,031-542-0222,경기도,포천시,경기도 포천시 소흘읍 호국로 661,5,TRUE,TRUE,TRUE,TRUE,TRUE,11174,수도권,127.14813856865,37.8274854127622,41_650
국군포천병원,병원,031-531-0803,031-530-1203,경기도,포천시,경기도 포천시 화현면 화동로 564,1,TRUE,FALSE,FALSE,FALSE,FALSE,11123,수도권,127.310359329448,37.9159757325703,41_650
강병원,병원,031-535-2119,031-535-2119,경기도,포천시,경기도 포천시 포천로 1570 (신읍동),5,TRUE,TRUE,TRUE,TRUE,TRUE,11144,수도권,127.204690646266,37.8981464790908,41_650
김내과의원,내과의원,031-543-4224,031-543-4224,경기도,포천시,경기도 포천시 소흘읍 솔모루로 72,4,TRUE,TRUE,TRUE,TRUE,FALSE,11174,수도권,127.146409705672,37.8279139965906,41_650
포천속편한내과의원,내과의원,031-532-9559,031-532-9559,경기도,포천시,"경기도 포천시 일동면 기산동길 3-1 1,2층",5,TRUE,TRUE,TRUE,TRUE,TRUE,11117,수도권,37.95762204237266,127.31828192855033,41_650
일동연세의원,의원,031-532-0396,031-532-0396,경기도,포천시,경기도 포천시 일동면 화동로 1066,2,TRUE,FALSE,TRUE,FALSE,FALSE,11117,수도권,127.31842385926,37.9583688016591,41_650
루시나산부인과의원,의원,031-543-3070,031-543-3070,경기도,포천시,경기도 포천시 소흘읍 솔모루로 106,0,FALSE,FALSE,FALSE,FALSE,FALSE,11174,수도권,127.148869189914,37.8304387229882,41_650
박영자산부인과의원,의원,031-535-8986,031-535-8986,경기도,포천시,경기도 포천시 중앙로 145 (신읍동),0,FALSE,FALSE,FALSE,FALSE,FALSE,11144,수도권,127.204665231748,37.899028006542,41_650
포천신경외과의원,의원,031-535-8802,031-535-8802,경기도,포천시,경기도 포천시 중앙로 73 (신읍동),5,TRUE,TRUE,TRUE,TRUE,TRUE,11149,수도권,127.199792795127,37.8934551191286,41_650
메리엘산부인과의원,의원,031-541-0470,031-541-0470,경기도,포천시,"경기도 포천시 소흘읍 송우로 62 송우웰빙타운 3층 304,305호",0,FALSE,FALSE,FALSE,FALSE,FALSE,11175,수도권,127.142410666437,37.8295988205238,41_650
한솔정형외과의원,의원,031-542-8275,031-542-8275,경기도,포천시,경기도 포천시 소흘읍 솔모루로 54 ,1,TRUE,FALSE,FALSE,FALSE,FALSE,11179,수도권,127.144974976051,37.827102118595,41_650
이함내과의원,내과의원,031-531-7574,031-531-7574,경기도,포천시,경기도 포천시 왕방로 130 (신읍동),5,TRUE,TRUE,TRUE,TRUE,TRUE,11148,수도권,127.192536481527,37.8949750319402,41_650
성모속튼튼내과의원,내과의원,031-541-2288,031-541-2288,경기도,포천시,경기도 포천시 소흘읍 봉솔로5길 27 2층 202호,5,TRUE,TRUE,TRUE,TRUE,TRUE,11178,수도권,127.144999970806,37.8278015894902,41_650
성모부부내과의원,내과의원,031-535-3700,031-535-3700,경기도,포천시,경기도 포천시 영북면 영북로 180 3층,5,TRUE,TRUE,TRUE,TRUE,TRUE,11104,수도권,127.275064343668,38.0904705343221,41_650
김미경내과의원,내과의원,031-535-8275,031-535-8275,경기도,포천시,경기도 포천시 구절초로 27 1-2층 (신읍동) ,5,TRUE,TRUE,TRUE,TRUE,TRUE,11147,수도권,127.201692561589,37.8961741726001,41_650
연세새로운병원,병원,031-885-7582,031-885-7582,경기도,여주시,경기도 여주시 영릉로 22 (창동) ,5,TRUE,TRUE,TRUE,TRUE,TRUE,12626,수도권,127.632933309363,37.289873447353,41_670
대진요양병원,병원,031-887-0947,031-887-0905,경기도,여주시,경기도 여주시 강천면 강천로 702,2,TRUE,FALSE,TRUE,FALSE,FALSE,12616,수도권,127.691366395217,37.2627003119018,41_670
한사랑의원,의원,031-886-2394,031-886-0075,경기도,여주시,경기도 여주시 여흥로47번길 21 (하동),4,TRUE,TRUE,TRUE,TRUE,FALSE,12623,수도권,127.629828277166,37.2995509581765,41_670
정산부인과의원,의원,031-883-8575,031-883-8575,경기도,여주시,경기도 여주시 여흥로109번길 15 2층 (창동),0,FALSE,FALSE,FALSE,FALSE,FALSE,12622,수도권,127.63588352429,37.2970787913165,41_670
한양성모의원,의원,031-882-2200,031-882-2200,경기도,여주시,경기도 여주시 가남읍 태평로 25 ,0,FALSE,FALSE,FALSE,FALSE,FALSE,12662,수도권,127.546140284913,37.2029992704734,41_670
가남현대의원,의원,031-884-8275,884-8275,경기도,여주시,경기도 여주시 가남읍 태평로 62 ,1,TRUE,FALSE,FALSE,FALSE,FALSE,12662,수도권,127.543779844899,37.2053239106522,41_670
여주영상의학과의원,의원,070-4739-9221,031-886-2800,경기도,여주시,경기도 여주시 세종로 73 4층 (홍문동),5,TRUE,TRUE,TRUE,TRUE,TRUE,12631,수도권,127.635573427089,37.2913079650662,41_670
에덴산부인과의원,의원,031-885-7722,885-7722,경기도,여주시,경기도 여주시 세종로 11 (홍문동),0,FALSE,FALSE,FALSE,FALSE,FALSE,12621,수도권,127.637265872711,37.2966333692964,41_670
김정민내과의원,내과의원,031-883-0300,031-883-0300,경기도,여주시,경기도 여주시 가남읍 태평로 53 1층 5~8호,4,TRUE,TRUE,TRUE,TRUE,FALSE,12662,수도권,127.543607585517,37.2046926216079,41_670
하나연합의원,의원,031-882-2277,031-882-2277,경기도,여주시,경기도 여주시 가남읍 태평로 30,0,FALSE,FALSE,FALSE,FALSE,FALSE,12662,수도권,127.54622772558,37.2033159434063,41_670
여주아산내과의원,내과의원,031-885-3900,031-885-3900,경기도,여주시,경기도 여주시 세종로 10 (홍문동) ,5,TRUE,TRUE,TRUE,TRUE,TRUE,12622,수도권,127.636751291033,37.2971872942022,41_670
서울삼성내과의원,내과의원,031-882-5882,031-882-5882,경기도,여주시,경기도 여주시 세종로 18-1 3층 (홍문동),4,TRUE,TRUE,TRUE,TRUE,FALSE,12622,수도권,127.63633099474,37.296228974858,41_670
친절한서울의원,의원,031-886-7077,031-886-7077,경기도,여주시,경기도 여주시 세종로 23 명진빌딩 5층 (홍문동),1,TRUE,FALSE,FALSE,FALSE,FALSE,12621,수도권,127.636907811577,37.2957399508321,41_670
세종여주병원,종합병원,031-880-7700,031-880-7700,경기도,여주시,경기도 여주시 청심로 39 세종여주병원 (하동) ,5,TRUE,TRUE,TRUE,TRUE,TRUE,12618,수도권,127.625319684824,37.3014799871914,41_670
연천군보건의료원,보건기관,031-839-4047,031-839-4001,경기도,연천군,경기도 연천군 전곡읍 은대성로 95,5,TRUE,TRUE,TRUE,TRUE,TRUE,11027,수도권,127.060962442077,38.023533545582,41_800
서울의원,의원,031-833-8005,031-833-8005,경기도,연천군,경기도 연천군 전곡읍 전곡로167번길 6,4,TRUE,TRUE,TRUE,TRUE,FALSE,11028,수도권,127.067350849317,38.0270204253366,41_800
왕편한 내과의원,내과의원,031-835-8275,031-835-8275,경기도,연천군,경기도 연천군 전곡읍 전곡로161번길 9 201호 (영도플라자) ,5,TRUE,TRUE,TRUE,TRUE,TRUE,11028,수도권,127.067263634793,38.0261800921781,41_800
에이치제이매그놀리아국제병원,병원,031-589-4658,031-589-4300,경기도,가평군,경기도 가평군 설악면 미사리로 267-177 ,5,TRUE,TRUE,TRUE,TRUE,TRUE,12461,수도권,127.52137539485,37.6911384328939,41_820
홍인의원,의원,031-585-8279,031-585-8275,경기도,가평군,경기도 가평군 청평면 청평중앙로 37-2,5,TRUE,TRUE,TRUE,TRUE,TRUE,12452,수도권,127.418816672605,37.7375774176685,41_820
한림의원,의원,031-581-8275,031-581-8275,경기도,가평군,경기도 가평군 가평읍 석봉로 218,3,TRUE,TRUE,TRUE,FALSE,FALSE,12413,수도권,127.509590691657,37.8343570437107,41_820
임내과의원,내과의원,031-581-0675,031-581-0675,경기도,가평군,경기도 가평군 가평읍 연인1길 1 2층,5,TRUE,TRUE,TRUE,TRUE,TRUE,12418,수도권,127.513673107064,37.8293553643806,41_820
가평군보건소,보건기관,031-580-2825,031-582-2488,경기도,가평군,경기도 가평군 가평읍 가화로 155-18,0,FALSE,FALSE,FALSE,FALSE,FALSE,12413,수도권,127.510601042372,37.8335028053352,41_820
천병철내과의원,내과의원,031-582-0075,031-582-0075,경기도,가평군,경기도 가평군 가평읍 장터3길 10 가평메디컬센터 5층 ,4,TRUE,TRUE,TRUE,TRUE,FALSE,12419,수도권,127.514693129697,37.8304006040874,41_820
양평병원,병원,031-770-5353,031-770-5000,경기도,양평군,경기도 양평군 양평읍 중앙로 129 ,4,TRUE,TRUE,TRUE,TRUE,FALSE,12550,수도권,127.503480614285,37.4939476827038,41_830
양수삼성요양병원,병원,031-772-0990,031-772-5119,경기도,양평군,경기도 양평군 양서면 양수로 149-2,1,TRUE,FALSE,FALSE,FALSE,FALSE,12585,수도권,127.319415647077,37.5442040854485,41_830
정내과의원,내과의원,031-771-7548,031-771-7548,경기도,양평군,경기도 양평군 용문면 용문로 376-1 2.3층,5,TRUE,TRUE,TRUE,TRUE,TRUE,12523,수도권,127.595235710593,37.4854946676354,41_830
양평군보건소,보건기관,031-770-3482,031-770-3502,경기도,양평군,경기도 양평군 양평읍 마유산로 17,0,FALSE,FALSE,FALSE,FALSE,FALSE,12546,수도권,127.48668110758,37.4970350781635,41_830
예사랑의원,의원,031-775-7599,031-775-7599,경기도,양평군,경기도 양평군 용문면 용문로 356-1 ,0,FALSE,FALSE,FALSE,FALSE,FALSE,12523,수도권,127.593492500518,37.4842281680045,41_830
하나로의원,의원,031-771-9990,031-771-9990,경기도,양평군,경기도 양평군 양평읍 시민로 12 1층,5,TRUE,TRUE,TRUE,TRUE,TRUE,12562,수도권,127.493527597426,37.4894284662492,41_830
더 건강한내과의원,내과의원,031-775-7588,031-775-7588,경기도,양평군,경기도 양평군 양평읍 시민로 6-1 2층,4,TRUE,TRUE,TRUE,TRUE,FALSE,12562,수도권,127.492859926364,37.4889844480847,41_830
연세푸르른내과의원,내과의원,031-772-0163,031-772-0163,경기도,양평군,경기도 양평군 양평읍 역전길 24 402호 (오성프라자),5,TRUE,TRUE,TRUE,TRUE,TRUE,12556,수도권,127.491056233986,37.492236365823,41_830
편안한내과통증영상의학과의원,내과의원,031-771-0055,031-771-0055,경기도,양평군,"경기도 양평군 양평읍 시민로 31-1 (2층,3층,4층)",5,TRUE,TRUE,TRUE,TRUE,TRUE,12557,수도권,127.495178807683,37.4904065288442,41_830
양평의료복지사회적협동조합 모두의원,의원,031-774-0725,031-774-0725,경기도,양평군,경기도 양평군 서종면 중미산로 18 우진빌딩 2층 201호 ,1,TRUE,FALSE,FALSE,FALSE,FALSE,12503,수도권,127.354140554996,37.6039137791483,41_830